노선명,역코드,열차번호,도착시간,출발역코드,도착역코드,요일,방향,급행선
신분당선,1907.0,133,2100,1922.0,1907.0,1,1,False
신분당선,1907.0,134,2108,1922.0,1907.0,1,1,False
신분당선,1907.0,135,2115,1922.0,1907.0,1,1,False
신분당선,1907.0,136,2123,1922.0,1907.0,1,1,False
신분당선,1907.0,137,2130,1922.0,1907.0,1,1,False
신분당선,1907.0,138,2137,1922.0,1907.0,1,1,False
신분당선,1907.0,139,2143,1922.0,1907.0,1,1,False
신분당선,1907.0,140,2150,1922.0,1907.0,1,1,False
신분당선,1907.0,141,2157,1922.0,1907.0,1,1,False
신분당선,1907.0,142,2203,1922.0,1907.0,1,1,False
신분당선,1907.0,143,2210,1922.0,1907.0,1,1,False
신분당선,1907.0,144,2217,1922.0,1907.0,1,1,False
신분당선,1907.0,145,2224,1922.0,1907.0,1,1,False
신분당선,1907.0,146,2231,1922.0,1907.0,1,1,False
신분당선,1907.0,147,2238,1922.0,1907.0,1,1,False
신분당선,1907.0,148,2245,1922.0,1907.0,1,1,False
신분당선,1907.0,149,2252,1922.0,1907.0,1,1,False
신분당선,1907.0,150,2259,1922.0,1907.0,1,1,False
신분당선,1907.0,151,2306,1922.0,1907.0,1,1,False
신분당선,1907.0,152,2313,1922.0,1907.0,1,1,False
신분당선,1907.0,153,2322,1922.0,1907.0,1,1,False
신분당선,1907.0,154,2332,1922.0,1907.0,1,1,False
신분당선,1907.0,155,2342,1922.0,1907.0,1,1,False
신분당선,1907.0,156,2352,1922.0,1907.0,1,1,False
신분당선,1907.0,157,2402,1922.0,1907.0,1,1,False
신분당선,1907.0,158,2413,1922.0,1907.0,1,1,False
신분당선,1907.0,159,2425,1922.0,1907.0,1,1,False
신분당선,1907.0,160,2437,1922.0,1907.0,1,1,False
신분당선,1908.0,134,2107,1922.0,1907.0,1,1,False
신분당선,1908.0,135,2114,1922.0,1907.0,1,1,False
신분당선,1908.0,136,2122,1922.0,1907.0,1,1,False
신분당선,1908.0,137,2129,1922.0,1907.0,1,1,False
신분당선,1908.0,138,2136,1922.0,1907.0,1,1,False
신분당선,1908.0,139,2142,1922.0,1907.0,1,1,False
신분당선,1908.0,140,2149,1922.0,1907.0,1,1,False
신분당선,1908.0,141,2156,1922.0,1907.0,1,1,False
신분당선,1908.0,142,2202,1922.0,1907.0,1,1,False
신분당선,1908.0,143,2209,1922.0,1907.0,1,1,False
신분당선,1908.0,144,2216,1922.0,1907.0,1,1,False
신분당선,1908.0,145,2223,1922.0,1907.0,1,1,False
신분당선,1908.0,146,2230,1922.0,1907.0,1,1,False
신분당선,1908.0,147,2237,1922.0,1907.0,1,1,False
신분당선,1908.0,148,2244,1922.0,1907.0,1,1,False
신분당선,1908.0,149,2251,1922.0,1907.0,1,1,False
신분당선,1908.0,150,2258,1922.0,1907.0,1,1,False
신분당선,1908.0,151,2305,1922.0,1907.0,1,1,False
신분당선,1908.0,152,2312,1922.0,1907.0,1,1,False
신분당선,1908.0,153,2321,1922.0,1907.0,1,1,False
신분당선,1908.0,154,2331,1922.0,1907.0,1,1,False
신분당선,1908.0,155,2341,1922.0,1907.0,1,1,False
신분당선,1908.0,156,2351,1922.0,1907.0,1,1,False
신분당선,1908.0,157,2401,1922.0,1907.0,1,1,False
신분당선,1908.0,158,2412,1922.0,1907.0,1,1,False
신분당선,1908.0,159,2424,1922.0,1907.0,1,1,False
신분당선,1908.0,160,2436,1922.0,1907.0,1,1,False
신분당선,1909.0,134,2105,1922.0,1907.0,1,1,False
신분당선,1909.0,135,2112,1922.0,1907.0,1,1,False
신분당선,1909.0,136,2120,1922.0,1907.0,1,1,False
신분당선,1909.0,137,2127,1922.0,1907.0,1,1,False
신분당선,1909.0,138,2134,1922.0,1907.0,1,1,False
신분당선,1909.0,139,2141,1922.0,1907.0,1,1,False
신분당선,1909.0,140,2148,1922.0,1907.0,1,1,False
신분당선,1909.0,141,2155,1922.0,1907.0,1,1,False
신분당선,1909.0,142,2201,1922.0,1907.0,1,1,False
신분당선,1909.0,143,2208,1922.0,1907.0,1,1,False
신분당선,1909.0,144,2215,1922.0,1907.0,1,1,False
신분당선,1909.0,145,2222,1922.0,1907.0,1,1,False
신분당선,1909.0,146,2229,1922.0,1907.0,1,1,False
신분당선,1909.0,147,2236,1922.0,1907.0,1,1,False
신분당선,1909.0,148,2243,1922.0,1907.0,1,1,False
신분당선,1909.0,149,2250,1922.0,1907.0,1,1,False
신분당선,1909.0,150,2257,1922.0,1907.0,1,1,False
신분당선,1909.0,151,2304,1922.0,1907.0,1,1,False
신분당선,1909.0,152,2311,1922.0,1907.0,1,1,False
신분당선,1909.0,153,2320,1922.0,1907.0,1,1,False
신분당선,1909.0,154,2330,1922.0,1907.0,1,1,False
신분당선,1909.0,155,2340,1922.0,1907.0,1,1,False
신분당선,1909.0,156,2350,1922.0,1907.0,1,1,False
신분당선,1909.0,157,2400,1922.0,1907.0,1,1,False
신분당선,1909.0,158,2411,1922.0,1907.0,1,1,False
신분당선,1909.0,159,2423,1922.0,1907.0,1,1,False
신분당선,1909.0,160,2435,1922.0,1907.0,1,1,False
신분당선,1910.0,134,2104,1922.0,1907.0,1,1,False
신분당선,1910.0,135,2111,1922.0,1907.0,1,1,False
신분당선,1910.0,136,2119,1922.0,1907.0,1,1,False
신분당선,1910.0,137,2125,1922.0,1907.0,1,1,False
신분당선,1910.0,138,2133,1922.0,1907.0,1,1,False
신분당선,1910.0,139,2139,1922.0,1907.0,1,1,False
신분당선,1910.0,140,2146,1922.0,1907.0,1,1,False
신분당선,1910.0,141,2153,1922.0,1907.0,1,1,False
신분당선,1910.0,142,2159,1922.0,1907.0,1,1,False
신분당선,1910.0,143,2206,1922.0,1907.0,1,1,False
신분당선,1910.0,144,2213,1922.0,1907.0,1,1,False
신분당선,1910.0,145,2220,1922.0,1907.0,1,1,False
신분당선,1910.0,146,2227,1922.0,1907.0,1,1,False
신분당선,1910.0,147,2234,1922.0,1907.0,1,1,False
신분당선,1910.0,148,2241,1922.0,1907.0,1,1,False
신분당선,1910.0,149,2248,1922.0,1907.0,1,1,False
신분당선,1910.0,150,2255,1922.0,1907.0,1,1,False
신분당선,1910.0,151,2302,1922.0,1907.0,1,1,False
신분당선,1910.0,152,2309,1922.0,1907.0,1,1,False
신분당선,1910.0,153,2318,1922.0,1907.0,1,1,False
신분당선,1910.0,154,2328,1922.0,1907.0,1,1,False
신분당선,1910.0,155,2338,1922.0,1907.0,1,1,False
신분당선,1910.0,156,2348,1922.0,1907.0,1,1,False
신분당선,1910.0,157,2358,1922.0,1907.0,1,1,False
신분당선,1910.0,158,2409,1922.0,1907.0,1,1,False
신분당선,1910.0,159,2421,1922.0,1907.0,1,1,False
신분당선,1910.0,160,2433,1922.0,1907.0,1,1,False
신분당선,1911.0,134,2101,1922.0,1907.0,1,1,False
신분당선,1911.0,135,2108,1922.0,1907.0,1,1,False
신분당선,1911.0,136,2116,1922.0,1907.0,1,1,False
신분당선,1911.0,137,2123,1922.0,1907.0,1,1,False
신분당선,1911.0,138,2130,1922.0,1907.0,1,1,False
신분당선,1911.0,139,2137,1922.0,1907.0,1,1,False
신분당선,1911.0,140,2144,1922.0,1907.0,1,1,False
신분당선,1911.0,141,2151,1922.0,1907.0,1,1,False
신분당선,1911.0,142,2157,1922.0,1907.0,1,1,False
신분당선,1911.0,143,2204,1922.0,1907.0,1,1,False
신분당선,1911.0,144,2211,1922.0,1907.0,1,1,False
신분당선,1911.0,145,2218,1922.0,1907.0,1,1,False
신분당선,1911.0,146,2225,1922.0,1907.0,1,1,False
신분당선,1911.0,147,2232,1922.0,1907.0,1,1,False
신분당선,1911.0,148,2239,1922.0,1907.0,1,1,False
신분당선,1911.0,149,2246,1922.0,1907.0,1,1,False
신분당선,1911.0,150,2253,1922.0,1907.0,1,1,False
신분당선,1911.0,151,2300,1922.0,1907.0,1,1,False
신분당선,1911.0,152,2307,1922.0,1907.0,1,1,False
신분당선,1911.0,153,2316,1922.0,1907.0,1,1,False
신분당선,1911.0,154,2326,1922.0,1907.0,1,1,False
신분당선,1911.0,155,2336,1922.0,1907.0,1,1,False
신분당선,1911.0,156,2346,1922.0,1907.0,1,1,False
신분당선,1911.0,157,2356,1922.0,1907.0,1,1,False
신분당선,1911.0,158,2407,1922.0,1907.0,1,1,False
신분당선,1911.0,159,2419,1922.0,1907.0,1,1,False
신분당선,1911.0,160,2431,1922.0,1907.0,1,1,False
신분당선,1912.0,135,2106,1922.0,1907.0,1,1,False
신분당선,1912.0,136,2114,1922.0,1907.0,1,1,False
신분당선,1912.0,137,2121,1922.0,1907.0,1,1,False
신분당선,1912.0,138,2128,1922.0,1907.0,1,1,False
신분당선,1912.0,139,2134,1922.0,1907.0,1,1,False
신분당선,1912.0,140,2141,1922.0,1907.0,1,1,False
신분당선,1912.0,141,2148,1922.0,1907.0,1,1,False
신분당선,1912.0,142,2154,1922.0,1907.0,1,1,False
신분당선,1912.0,143,2201,1922.0,1907.0,1,1,False
신분당선,1912.0,144,2208,1922.0,1907.0,1,1,False
신분당선,1912.0,145,2215,1922.0,1907.0,1,1,False
신분당선,1912.0,146,2222,1922.0,1907.0,1,1,False
신분당선,1912.0,147,2229,1922.0,1907.0,1,1,False
신분당선,1912.0,148,2236,1922.0,1907.0,1,1,False
신분당선,1912.0,149,2243,1922.0,1907.0,1,1,False
신분당선,1912.0,150,2250,1922.0,1907.0,1,1,False
신분당선,1912.0,151,2257,1922.0,1907.0,1,1,False
신분당선,1912.0,152,2304,1922.0,1907.0,1,1,False
신분당선,1912.0,153,2314,1922.0,1907.0,1,1,False
신분당선,1912.0,154,2324,1922.0,1907.0,1,1,False
신분당선,1912.0,155,2334,1922.0,1907.0,1,1,False
신분당선,1912.0,156,2344,1922.0,1907.0,1,1,False
신분당선,1912.0,157,2354,1922.0,1907.0,1,1,False
신분당선,1912.0,158,2405,1922.0,1907.0,1,1,False
신분당선,1912.0,159,2417,1922.0,1907.0,1,1,False
신분당선,1912.0,160,2429,1922.0,1907.0,1,1,False
신분당선,1913.0,135,2103,1922.0,1907.0,1,1,False
신분당선,1913.0,136,2111,1922.0,1907.0,1,1,False
신분당선,1913.0,137,2118,1922.0,1907.0,1,1,False
신분당선,1913.0,138,2125,1922.0,1907.0,1,1,False
신분당선,1913.0,139,2131,1922.0,1907.0,1,1,False
신분당선,1913.0,140,2138,1922.0,1907.0,1,1,False
신분당선,1913.0,141,2145,1922.0,1907.0,1,1,False
신분당선,1913.0,142,2151,1922.0,1907.0,1,1,False
신분당선,1913.0,143,2158,1922.0,1907.0,1,1,False
신분당선,1913.0,144,2205,1922.0,1907.0,1,1,False
신분당선,1913.0,145,2212,1922.0,1907.0,1,1,False
신분당선,1913.0,146,2219,1922.0,1907.0,1,1,False
신분당선,1913.0,147,2226,1922.0,1907.0,1,1,False
신분당선,1913.0,148,2233,1922.0,1907.0,1,1,False
신분당선,1913.0,149,2240,1922.0,1907.0,1,1,False
신분당선,1913.0,150,2247,1922.0,1907.0,1,1,False
신분당선,1913.0,151,2254,1922.0,1907.0,1,1,False
신분당선,1913.0,152,2301,1922.0,1907.0,1,1,False
신분당선,1913.0,153,2311,1922.0,1907.0,1,1,False
신분당선,1913.0,154,2321,1922.0,1907.0,1,1,False
신분당선,1913.0,155,2331,1922.0,1907.0,1,1,False
신분당선,1913.0,156,2341,1922.0,1907.0,1,1,False
신분당선,1913.0,157,2351,1922.0,1907.0,1,1,False
신분당선,1913.0,158,2402,1922.0,1907.0,1,1,False
신분당선,1913.0,159,2414,1922.0,1907.0,1,1,False
신분당선,1913.0,160,2426,1922.0,1907.0,1,1,False
신분당선,1914.0,136,2104,1922.0,1907.0,1,1,False
신분당선,1914.0,137,2111,1922.0,1907.0,1,1,False
신분당선,1914.0,138,2118,1922.0,1907.0,1,1,False
신분당선,1914.0,139,2125,1922.0,1907.0,1,1,False
신분당선,1914.0,140,2132,1922.0,1907.0,1,1,False
신분당선,1914.0,141,2139,1922.0,1907.0,1,1,False
신분당선,1914.0,142,2145,1922.0,1907.0,1,1,False
신분당선,1914.0,143,2152,1922.0,1907.0,1,1,False
신분당선,1914.0,144,2159,1922.0,1907.0,1,1,False
신분당선,1914.0,145,2206,1922.0,1907.0,1,1,False
신분당선,1914.0,146,2213,1922.0,1907.0,1,1,False
신분당선,1914.0,147,2220,1922.0,1907.0,1,1,False
신분당선,1914.0,148,2227,1922.0,1907.0,1,1,False
신분당선,1914.0,149,2234,1922.0,1907.0,1,1,False
신분당선,1914.0,150,2241,1922.0,1907.0,1,1,False
신분당선,1914.0,151,2248,1922.0,1907.0,1,1,False
신분당선,1914.0,152,2255,1922.0,1907.0,1,1,False
신분당선,1914.0,153,2304,1922.0,1907.0,1,1,False
신분당선,1914.0,154,2314,1922.0,1907.0,1,1,False
신분당선,1914.0,155,2324,1922.0,1907.0,1,1,False
신분당선,1914.0,156,2334,1922.0,1907.0,1,1,False
신분당선,1914.0,157,2344,1922.0,1907.0,1,1,False
신분당선,1914.0,158,2355,1922.0,1907.0,1,1,False
신분당선,1914.0,159,2407,1922.0,1907.0,1,1,False
신분당선,1914.0,160,2419,1922.0,1907.0,1,1,False
신분당선,1915.0,136,2101,1922.0,1907.0,1,1,False
신분당선,1915.0,137,2108,1922.0,1907.0,1,1,False
신분당선,1915.0,138,2115,1922.0,1907.0,1,1,False
신분당선,1915.0,139,2122,1922.0,1907.0,1,1,False
신분당선,1915.0,140,2129,1922.0,1907.0,1,1,False
신분당선,1915.0,141,2136,1922.0,1907.0,1,1,False
신분당선,1915.0,142,2142,1922.0,1907.0,1,1,False
신분당선,1915.0,143,2149,1922.0,1907.0,1,1,False
신분당선,1915.0,144,2156,1922.0,1907.0,1,1,False
신분당선,1915.0,145,2203,1922.0,1907.0,1,1,False
신분당선,1915.0,146,2210,1922.0,1907.0,1,1,False
신분당선,1915.0,147,2217,1922.0,1907.0,1,1,False
신분당선,1915.0,148,2224,1922.0,1907.0,1,1,False
신분당선,1915.0,149,2231,1922.0,1907.0,1,1,False
신분당선,1915.0,150,2238,1922.0,1907.0,1,1,False
신분당선,1915.0,151,2245,1922.0,1907.0,1,1,False
신분당선,1915.0,152,2252,1922.0,1907.0,1,1,False
신분당선,1915.0,153,2301,1922.0,1907.0,1,1,False
신분당선,1915.0,154,2311,1922.0,1907.0,1,1,False
신분당선,1915.0,155,2321,1922.0,1907.0,1,1,False
신분당선,1915.0,156,2331,1922.0,1907.0,1,1,False
신분당선,1915.0,157,2341,1922.0,1907.0,1,1,False
신분당선,1915.0,158,2352,1922.0,1907.0,1,1,False
신분당선,1915.0,159,2404,1922.0,1907.0,1,1,False
신분당선,1915.0,160,2416,1922.0,1907.0,1,1,False
신분당선,1916.0,137,2105,1922.0,1907.0,1,1,False
신분당선,1916.0,138,2112,1922.0,1907.0,1,1,False
신분당선,1916.0,139,2119,1922.0,1907.0,1,1,False
신분당선,1916.0,140,2126,1922.0,1907.0,1,1,False
신분당선,1916.0,141,2133,1922.0,1907.0,1,1,False
신분당선,1916.0,142,2139,1922.0,1907.0,1,1,False
신분당선,1916.0,143,2146,1922.0,1907.0,1,1,False
신분당선,1916.0,144,2153,1922.0,1907.0,1,1,False
신분당선,1916.0,145,2200,1922.0,1907.0,1,1,False
신분당선,1916.0,146,2207,1922.0,1907.0,1,1,False
신분당선,1916.0,147,2214,1922.0,1907.0,1,1,False
신분당선,1916.0,148,2221,1922.0,1907.0,1,1,False
신분당선,1916.0,149,2228,1922.0,1907.0,1,1,False
신분당선,1916.0,150,2235,1922.0,1907.0,1,1,False
신분당선,1916.0,151,2242,1922.0,1907.0,1,1,False
신분당선,1916.0,152,2249,1922.0,1907.0,1,1,False
신분당선,1916.0,153,2258,1922.0,1907.0,1,1,False
신분당선,1916.0,154,2308,1922.0,1907.0,1,1,False
신분당선,1916.0,155,2318,1922.0,1907.0,1,1,False
신분당선,1916.0,156,2328,1922.0,1907.0,1,1,False
신분당선,1916.0,157,2338,1922.0,1907.0,1,1,False
신분당선,1916.0,158,2349,1922.0,1907.0,1,1,False
신분당선,1916.0,159,2401,1922.0,1907.0,1,1,False
신분당선,1916.0,160,2413,1922.0,1907.0,1,1,False
신분당선,1917.0,137,2103,1922.0,1907.0,1,1,False
신분당선,1917.0,138,2110,1922.0,1907.0,1,1,False
신분당선,1917.0,139,2116,1922.0,1907.0,1,1,False
신분당선,1917.0,140,2123,1922.0,1907.0,1,1,False
신분당선,1917.0,141,2130,1922.0,1907.0,1,1,False
신분당선,1917.0,142,2136,1922.0,1907.0,1,1,False
신분당선,1917.0,143,2143,1922.0,1907.0,1,1,False
신분당선,1917.0,144,2150,1922.0,1907.0,1,1,False
신분당선,1917.0,145,2157,1922.0,1907.0,1,1,False
신분당선,1917.0,146,2204,1922.0,1907.0,1,1,False
신분당선,1917.0,147,2211,1922.0,1907.0,1,1,False
신분당선,1917.0,148,2218,1922.0,1907.0,1,1,False
신분당선,1917.0,149,2225,1922.0,1907.0,1,1,False
신분당선,1917.0,150,2232,1922.0,1907.0,1,1,False
신분당선,1917.0,151,2239,1922.0,1907.0,1,1,False
신분당선,1917.0,152,2246,1922.0,1907.0,1,1,False
신분당선,1917.0,153,2256,1922.0,1907.0,1,1,False
신분당선,1917.0,154,2306,1922.0,1907.0,1,1,False
신분당선,1917.0,155,2316,1922.0,1907.0,1,1,False
신분당선,1917.0,156,2326,1922.0,1907.0,1,1,False
신분당선,1917.0,157,2336,1922.0,1907.0,1,1,False
신분당선,1917.0,158,2347,1922.0,1907.0,1,1,False
신분당선,1917.0,159,2359,1922.0,1907.0,1,1,False
신분당선,1917.0,160,2411,1922.0,1907.0,1,1,False
신분당선,1918.0,137,2100,1922.0,1907.0,1,1,False
신분당선,1918.0,138,2107,1922.0,1907.0,1,1,False
신분당선,1918.0,139,2114,1922.0,1907.0,1,1,False
신분당선,1918.0,140,2121,1922.0,1907.0,1,1,False
신분당선,1918.0,141,2128,1922.0,1907.0,1,1,False
신분당선,1918.0,142,2134,1922.0,1907.0,1,1,False
신분당선,1918.0,143,2141,1922.0,1907.0,1,1,False
신분당선,1918.0,144,2148,1922.0,1907.0,1,1,False
신분당선,1918.0,145,2155,1922.0,1907.0,1,1,False
신분당선,1918.0,146,2202,1922.0,1907.0,1,1,False
신분당선,1918.0,147,2209,1922.0,1907.0,1,1,False
신분당선,1918.0,148,2216,1922.0,1907.0,1,1,False
신분당선,1918.0,149,2223,1922.0,1907.0,1,1,False
신분당선,1918.0,150,2230,1922.0,1907.0,1,1,False
신분당선,1918.0,151,2237,1922.0,1907.0,1,1,False
신분당선,1918.0,152,2244,1922.0,1907.0,1,1,False
신분당선,1918.0,153,2253,1922.0,1907.0,1,1,False
신분당선,1918.0,154,2303,1922.0,1907.0,1,1,False
신분당선,1918.0,155,2313,1922.0,1907.0,1,1,False
신분당선,1918.0,156,2323,1922.0,1907.0,1,1,False
신분당선,1918.0,157,2333,1922.0,1907.0,1,1,False
신분당선,1918.0,158,2344,1922.0,1907.0,1,1,False
신분당선,1918.0,159,2356,1922.0,1907.0,1,1,False
신분당선,1918.0,160,2408,1922.0,1907.0,1,1,False
신분당선,1919.0,138,2104,1922.0,1907.0,1,1,False
신분당선,1919.0,139,2111,1922.0,1907.0,1,1,False
신분당선,1919.0,140,2118,1922.0,1907.0,1,1,False
신분당선,1919.0,141,2125,1922.0,1907.0,1,1,False
신분당선,1919.0,142,2131,1922.0,1907.0,1,1,False
신분당선,1919.0,143,2138,1922.0,1907.0,1,1,False
신분당선,1919.0,144,2145,1922.0,1907.0,1,1,False
신분당선,1919.0,145,2152,1922.0,1907.0,1,1,False
신분당선,1919.0,146,2159,1922.0,1907.0,1,1,False
신분당선,1919.0,147,2206,1922.0,1907.0,1,1,False
신분당선,1919.0,148,2213,1922.0,1907.0,1,1,False
신분당선,1919.0,149,2220,1922.0,1907.0,1,1,False
신분당선,1919.0,150,2227,1922.0,1907.0,1,1,False
신분당선,1919.0,151,2234,1922.0,1907.0,1,1,False
신분당선,1919.0,152,2241,1922.0,1907.0,1,1,False
신분당선,1919.0,153,2250,1922.0,1907.0,1,1,False
신분당선,1919.0,154,2300,1922.0,1907.0,1,1,False
신분당선,1919.0,155,2310,1922.0,1907.0,1,1,False
신분당선,1919.0,156,2320,1922.0,1907.0,1,1,False
신분당선,1919.0,157,2330,1922.0,1907.0,1,1,False
신분당선,1919.0,158,2341,1922.0,1907.0,1,1,False
신분당선,1919.0,159,2353,1922.0,1907.0,1,1,False
신분당선,1919.0,160,2405,1922.0,1907.0,1,1,False
신분당선,1920.0,138,2101,1922.0,1907.0,1,1,False
신분당선,1920.0,139,2108,1922.0,1907.0,1,1,False
신분당선,1920.0,140,2115,1922.0,1907.0,1,1,False
신분당선,1920.0,141,2122,1922.0,1907.0,1,1,False
신분당선,1920.0,142,2128,1922.0,1907.0,1,1,False
신분당선,1920.0,143,2135,1922.0,1907.0,1,1,False
신분당선,1920.0,144,2142,1922.0,1907.0,1,1,False
신분당선,1920.0,145,2149,1922.0,1907.0,1,1,False
신분당선,1920.0,146,2156,1922.0,1907.0,1,1,False
신분당선,1920.0,147,2203,1922.0,1907.0,1,1,False
신분당선,1920.0,148,2210,1922.0,1907.0,1,1,False
신분당선,1920.0,149,2217,1922.0,1907.0,1,1,False
신분당선,1920.0,150,2224,1922.0,1907.0,1,1,False
신분당선,1920.0,151,2231,1922.0,1907.0,1,1,False
신분당선,1920.0,152,2238,1922.0,1907.0,1,1,False
신분당선,1920.0,153,2247,1922.0,1907.0,1,1,False
신분당선,1920.0,154,2257,1922.0,1907.0,1,1,False
신분당선,1920.0,155,2307,1922.0,1907.0,1,1,False
신분당선,1920.0,156,2317,1922.0,1907.0,1,1,False
신분당선,1920.0,157,2327,1922.0,1907.0,1,1,False
신분당선,1920.0,158,2338,1922.0,1907.0,1,1,False
신분당선,1920.0,159,2350,1922.0,1907.0,1,1,False
신분당선,1920.0,160,2402,1922.0,1907.0,1,1,False
신분당선,1921.0,139,2105,1922.0,1907.0,1,1,False
신분당선,1921.0,140,2112,1922.0,1907.0,1,1,False
신분당선,1921.0,141,2119,1922.0,1907.0,1,1,False
신분당선,1921.0,142,2125,1922.0,1907.0,1,1,False
신분당선,1921.0,143,2132,1922.0,1907.0,1,1,False
신분당선,1921.0,144,2139,1922.0,1907.0,1,1,False
신분당선,1921.0,145,2146,1922.0,1907.0,1,1,False
신분당선,1921.0,146,2153,1922.0,1907.0,1,1,False
신분당선,1921.0,147,2200,1922.0,1907.0,1,1,False
신분당선,1921.0,148,2207,1922.0,1907.0,1,1,False
신분당선,1921.0,149,2214,1922.0,1907.0,1,1,False
신분당선,1921.0,150,2221,1922.0,1907.0,1,1,False
신분당선,1921.0,151,2228,1922.0,1907.0,1,1,False
신분당선,1921.0,152,2235,1922.0,1907.0,1,1,False
신분당선,1921.0,153,2244,1922.0,1907.0,1,1,False
신분당선,1921.0,154,2254,1922.0,1907.0,1,1,False
신분당선,1921.0,155,2304,1922.0,1907.0,1,1,False
신분당선,1921.0,156,2314,1922.0,1907.0,1,1,False
신분당선,1921.0,157,2324,1922.0,1907.0,1,1,False
신분당선,1921.0,158,2335,1922.0,1907.0,1,1,False
신분당선,1921.0,159,2347,1922.0,1907.0,1,1,False
신분당선,1921.0,160,2359,1922.0,1907.0,1,1,False
신분당선,1922.0,139,2101,1922.0,1907.0,1,1,False
신분당선,1922.0,140,2108,1922.0,1907.0,1,1,False
신분당선,1922.0,141,2115,1922.0,1907.0,1,1,False
신분당선,1922.0,142,2121,1922.0,1907.0,1,1,False
신분당선,1922.0,143,2128,1922.0,1907.0,1,1,False
신분당선,1922.0,144,2135,1922.0,1907.0,1,1,False
신분당선,1922.0,145,2142,1922.0,1907.0,1,1,False
신분당선,1922.0,146,2149,1922.0,1907.0,1,1,False
신분당선,1922.0,147,2156,1922.0,1907.0,1,1,False
신분당선,1922.0,148,2203,1922.0,1907.0,1,1,False
신분당선,1922.0,149,2210,1922.0,1907.0,1,1,False
신분당선,1922.0,150,2217,1922.0,1907.0,1,1,False
신분당선,1922.0,151,2224,1922.0,1907.0,1,1,False
신분당선,1922.0,152,2231,1922.0,1907.0,1,1,False
신분당선,1922.0,153,2240,1922.0,1907.0,1,1,False
신분당선,1922.0,154,2250,1922.0,1907.0,1,1,False
신분당선,1922.0,155,2300,1922.0,1907.0,1,1,False
신분당선,1922.0,156,2310,1922.0,1907.0,1,1,False
신분당선,1922.0,157,2320,1922.0,1907.0,1,1,False
신분당선,1922.0,158,2331,1922.0,1907.0,1,1,False
신분당선,1922.0,159,2343,1922.0,1907.0,1,1,False
신분당선,1922.0,160,2355,1922.0,1907.0,1,1,False
신분당선,1907.0,136,2101,1907.0,1922.0,1,2,False
신분당선,1907.0,137,2108,1907.0,1922.0,1,2,False
신분당선,1907.0,138,2115,1907.0,1922.0,1,2,False
신분당선,1907.0,139,2122,1907.0,1922.0,1,2,False
신분당선,1907.0,140,2129,1907.0,1922.0,1,2,False
신분당선,1907.0,141,2136,1907.0,1922.0,1,2,False
신분당선,1907.0,142,2143,1907.0,1922.0,1,2,False
신분당선,1907.0,143,2150,1907.0,1922.0,1,2,False
신분당선,1907.0,144,2157,1907.0,1922.0,1,2,False
신분당선,1907.0,145,2204,1907.0,1922.0,1,2,False
신분당선,1907.0,146,2211,1907.0,1922.0,1,2,False
신분당선,1907.0,147,2218,1907.0,1922.0,1,2,False
신분당선,1907.0,148,2225,1907.0,1922.0,1,2,False
신분당선,1907.0,149,2232,1907.0,1922.0,1,2,False
신분당선,1907.0,150,2239,1907.0,1922.0,1,2,False
신분당선,1907.0,151,2246,1907.0,1922.0,1,2,False
신분당선,1907.0,152,2253,1907.0,1922.0,1,2,False
신분당선,1907.0,153,2300,1907.0,1922.0,1,2,False
신분당선,1907.0,154,2307,1907.0,1922.0,1,2,False
신분당선,1907.0,155,2315,1907.0,1922.0,1,2,False
신분당선,1907.0,156,2324,1907.0,1922.0,1,2,False
신분당선,1907.0,b,2332,1907.0,1915.0,1,2,False
신분당선,1907.0,157,2340,1907.0,1922.0,1,2,False
신분당선,1907.0,158,2350,1907.0,1922.0,1,2,False
신분당선,1907.0,159,2400,1907.0,1922.0,1,2,False
신분당선,1907.0,c,2410,1907.0,1915.0,1,2,False
신분당선,1907.0,d,2421,1907.0,1915.0,1,2,False
신분당선,1908.0,136,2103,1907.0,1922.0,1,2,False
신분당선,1908.0,137,2110,1907.0,1922.0,1,2,False
신분당선,1908.0,138,2117,1907.0,1922.0,1,2,False
신분당선,1908.0,139,2124,1907.0,1922.0,1,2,False
신분당선,1908.0,140,2131,1907.0,1922.0,1,2,False
신분당선,1908.0,141,2138,1907.0,1922.0,1,2,False
신분당선,1908.0,142,2145,1907.0,1922.0,1,2,False
신분당선,1908.0,143,2152,1907.0,1922.0,1,2,False
신분당선,1908.0,144,2159,1907.0,1922.0,1,2,False
신분당선,1908.0,145,2206,1907.0,1922.0,1,2,False
신분당선,1908.0,146,2213,1907.0,1922.0,1,2,False
신분당선,1908.0,147,2220,1907.0,1922.0,1,2,False
신분당선,1908.0,148,2227,1907.0,1922.0,1,2,False
신분당선,1908.0,149,2234,1907.0,1922.0,1,2,False
신분당선,1908.0,150,2241,1907.0,1922.0,1,2,False
신분당선,1908.0,151,2248,1907.0,1922.0,1,2,False
신분당선,1908.0,152,2255,1907.0,1922.0,1,2,False
신분당선,1908.0,153,2302,1907.0,1922.0,1,2,False
신분당선,1908.0,154,2309,1907.0,1922.0,1,2,False
신분당선,1908.0,155,2317,1907.0,1922.0,1,2,False
신분당선,1908.0,156,2326,1907.0,1922.0,1,2,False
신분당선,1908.0,b,2334,1907.0,1915.0,1,2,False
신분당선,1908.0,157,2342,1907.0,1922.0,1,2,False
신분당선,1908.0,158,2352,1907.0,1922.0,1,2,False
신분당선,1908.0,159,2402,1907.0,1922.0,1,2,False
신분당선,1908.0,c,2412,1907.0,1915.0,1,2,False
신분당선,1908.0,d,2423,1907.0,1915.0,1,2,False
신분당선,1909.0,136,2105,1907.0,1922.0,1,2,False
신분당선,1909.0,137,2111,1907.0,1922.0,1,2,False
신분당선,1909.0,138,2118,1907.0,1922.0,1,2,False
신분당선,1909.0,139,2125,1907.0,1922.0,1,2,False
신분당선,1909.0,140,2132,1907.0,1922.0,1,2,False
신분당선,1909.0,141,2139,1907.0,1922.0,1,2,False
신분당선,1909.0,142,2146,1907.0,1922.0,1,2,False
신분당선,1909.0,143,2153,1907.0,1922.0,1,2,False
신분당선,1909.0,144,2200,1907.0,1922.0,1,2,False
신분당선,1909.0,145,2207,1907.0,1922.0,1,2,False
신분당선,1909.0,146,2214,1907.0,1922.0,1,2,False
신분당선,1909.0,147,2221,1907.0,1922.0,1,2,False
신분당선,1909.0,148,2228,1907.0,1922.0,1,2,False
신분당선,1909.0,149,2235,1907.0,1922.0,1,2,False
신분당선,1909.0,150,2242,1907.0,1922.0,1,2,False
신분당선,1909.0,151,2249,1907.0,1922.0,1,2,False
신분당선,1909.0,152,2256,1907.0,1922.0,1,2,False
신분당선,1909.0,153,2303,1907.0,1922.0,1,2,False
신분당선,1909.0,154,2310,1907.0,1922.0,1,2,False
신분당선,1909.0,155,2318,1907.0,1922.0,1,2,False
신분당선,1909.0,156,2327,1907.0,1922.0,1,2,False
신분당선,1909.0,b,2335,1907.0,1915.0,1,2,False
신분당선,1909.0,157,2343,1907.0,1922.0,1,2,False
신분당선,1909.0,158,2353,1907.0,1922.0,1,2,False
신분당선,1909.0,159,2403,1907.0,1922.0,1,2,False
신분당선,1909.0,c,2413,1907.0,1915.0,1,2,False
신분당선,1909.0,d,2424,1907.0,1915.0,1,2,False
신분당선,1910.0,135,2100,1907.0,1922.0,1,2,False
신분당선,1910.0,136,2106,1907.0,1922.0,1,2,False
신분당선,1910.0,137,2113,1907.0,1922.0,1,2,False
신분당선,1910.0,138,2120,1907.0,1922.0,1,2,False
신분당선,1910.0,139,2127,1907.0,1922.0,1,2,False
신분당선,1910.0,140,2134,1907.0,1922.0,1,2,False
신분당선,1910.0,141,2141,1907.0,1922.0,1,2,False
신분당선,1910.0,142,2148,1907.0,1922.0,1,2,False
신분당선,1910.0,143,2155,1907.0,1922.0,1,2,False
신분당선,1910.0,144,2202,1907.0,1922.0,1,2,False
신분당선,1910.0,145,2209,1907.0,1922.0,1,2,False
신분당선,1910.0,146,2216,1907.0,1922.0,1,2,False
신분당선,1910.0,147,2223,1907.0,1922.0,1,2,False
신분당선,1910.0,148,2230,1907.0,1922.0,1,2,False
신분당선,1910.0,149,2237,1907.0,1922.0,1,2,False
신분당선,1910.0,150,2244,1907.0,1922.0,1,2,False
신분당선,1910.0,151,2251,1907.0,1922.0,1,2,False
신분당선,1910.0,152,2258,1907.0,1922.0,1,2,False
신분당선,1910.0,153,2305,1907.0,1922.0,1,2,False
신분당선,1910.0,154,2312,1907.0,1922.0,1,2,False
신분당선,1910.0,155,2320,1907.0,1922.0,1,2,False
신분당선,1910.0,156,2329,1907.0,1922.0,1,2,False
신분당선,1910.0,b,2337,1907.0,1915.0,1,2,False
신분당선,1910.0,157,2345,1907.0,1922.0,1,2,False
신분당선,1910.0,158,2355,1907.0,1922.0,1,2,False
신분당선,1910.0,159,2405,1907.0,1922.0,1,2,False
신분당선,1910.0,c,2415,1907.0,1915.0,1,2,False
신분당선,1910.0,d,2426,1907.0,1915.0,1,2,False
신분당선,1911.0,135,2102,1907.0,1922.0,1,2,False
신분당선,1911.0,136,2109,1907.0,1922.0,1,2,False
신분당선,1911.0,137,2115,1907.0,1922.0,1,2,False
신분당선,1911.0,138,2122,1907.0,1922.0,1,2,False
신분당선,1911.0,139,2129,1907.0,1922.0,1,2,False
신분당선,1911.0,140,2136,1907.0,1922.0,1,2,False
신분당선,1911.0,141,2143,1907.0,1922.0,1,2,False
신분당선,1911.0,142,2150,1907.0,1922.0,1,2,False
신분당선,1911.0,143,2157,1907.0,1922.0,1,2,False
신분당선,1911.0,144,2204,1907.0,1922.0,1,2,False
신분당선,1911.0,145,2211,1907.0,1922.0,1,2,False
신분당선,1911.0,146,2218,1907.0,1922.0,1,2,False
신분당선,1911.0,147,2225,1907.0,1922.0,1,2,False
신분당선,1911.0,148,2232,1907.0,1922.0,1,2,False
신분당선,1911.0,149,2239,1907.0,1922.0,1,2,False
신분당선,1911.0,150,2246,1907.0,1922.0,1,2,False
신분당선,1911.0,151,2253,1907.0,1922.0,1,2,False
신분당선,1911.0,152,2300,1907.0,1922.0,1,2,False
신분당선,1911.0,153,2307,1907.0,1922.0,1,2,False
신분당선,1911.0,154,2314,1907.0,1922.0,1,2,False
신분당선,1911.0,155,2322,1907.0,1922.0,1,2,False
신분당선,1911.0,156,2331,1907.0,1922.0,1,2,False
신분당선,1911.0,b,2339,1907.0,1915.0,1,2,False
신분당선,1911.0,157,2347,1907.0,1922.0,1,2,False
신분당선,1911.0,158,2357,1907.0,1922.0,1,2,False
신분당선,1911.0,159,2407,1907.0,1922.0,1,2,False
신분당선,1911.0,c,2417,1907.0,1915.0,1,2,False
신분당선,1911.0,d,2428,1907.0,1915.0,1,2,False
신분당선,1912.0,135,2104,1907.0,1922.0,1,2,False
신분당선,1912.0,136,2111,1907.0,1922.0,1,2,False
신분당선,1912.0,137,2117,1907.0,1922.0,1,2,False
신분당선,1912.0,138,2124,1907.0,1922.0,1,2,False
신분당선,1912.0,139,2131,1907.0,1922.0,1,2,False
신분당선,1912.0,140,2138,1907.0,1922.0,1,2,False
신분당선,1912.0,141,2145,1907.0,1922.0,1,2,False
신분당선,1912.0,142,2152,1907.0,1922.0,1,2,False
신분당선,1912.0,143,2159,1907.0,1922.0,1,2,False
신분당선,1912.0,144,2206,1907.0,1922.0,1,2,False
신분당선,1912.0,145,2213,1907.0,1922.0,1,2,False
신분당선,1912.0,146,2220,1907.0,1922.0,1,2,False
신분당선,1912.0,147,2227,1907.0,1922.0,1,2,False
신분당선,1912.0,148,2234,1907.0,1922.0,1,2,False
신분당선,1912.0,149,2241,1907.0,1922.0,1,2,False
신분당선,1912.0,150,2248,1907.0,1922.0,1,2,False
신분당선,1912.0,151,2255,1907.0,1922.0,1,2,False
신분당선,1912.0,152,2302,1907.0,1922.0,1,2,False
신분당선,1912.0,153,2309,1907.0,1922.0,1,2,False
신분당선,1912.0,154,2316,1907.0,1922.0,1,2,False
신분당선,1912.0,155,2324,1907.0,1922.0,1,2,False
신분당선,1912.0,156,2333,1907.0,1922.0,1,2,False
신분당선,1912.0,b,2341,1907.0,1915.0,1,2,False
신분당선,1912.0,157,2349,1907.0,1922.0,1,2,False
신분당선,1912.0,158,2359,1907.0,1922.0,1,2,False
신분당선,1912.0,159,2409,1907.0,1922.0,1,2,False
신분당선,1912.0,c,2419,1907.0,1915.0,1,2,False
신분당선,1912.0,d,2430,1907.0,1915.0,1,2,False
신분당선,1913.0,134,2101,1907.0,1922.0,1,2,False
신분당선,1913.0,135,2107,1907.0,1922.0,1,2,False
신분당선,1913.0,136,2114,1907.0,1922.0,1,2,False
신분당선,1913.0,137,2120,1907.0,1922.0,1,2,False
신분당선,1913.0,138,2127,1907.0,1922.0,1,2,False
신분당선,1913.0,139,2134,1907.0,1922.0,1,2,False
신분당선,1913.0,140,2141,1907.0,1922.0,1,2,False
신분당선,1913.0,141,2148,1907.0,1922.0,1,2,False
신분당선,1913.0,142,2155,1907.0,1922.0,1,2,False
신분당선,1913.0,143,2202,1907.0,1922.0,1,2,False
신분당선,1913.0,144,2209,1907.0,1922.0,1,2,False
신분당선,1913.0,145,2216,1907.0,1922.0,1,2,False
신분당선,1913.0,146,2223,1907.0,1922.0,1,2,False
신분당선,1913.0,147,2230,1907.0,1922.0,1,2,False
신분당선,1913.0,148,2237,1907.0,1922.0,1,2,False
신분당선,1913.0,149,2244,1907.0,1922.0,1,2,False
신분당선,1913.0,150,2251,1907.0,1922.0,1,2,False
신분당선,1913.0,151,2258,1907.0,1922.0,1,2,False
신분당선,1913.0,152,2305,1907.0,1922.0,1,2,False
신분당선,1913.0,153,2312,1907.0,1922.0,1,2,False
신분당선,1913.0,154,2319,1907.0,1922.0,1,2,False
신분당선,1913.0,155,2327,1907.0,1922.0,1,2,False
신분당선,1913.0,156,2336,1907.0,1922.0,1,2,False
신분당선,1913.0,b,2344,1907.0,1915.0,1,2,False
신분당선,1913.0,157,2352,1907.0,1922.0,1,2,False
신분당선,1913.0,158,2402,1907.0,1922.0,1,2,False
신분당선,1913.0,159,2412,1907.0,1922.0,1,2,False
신분당선,1913.0,c,2422,1907.0,1915.0,1,2,False
신분당선,1913.0,d,2433,1907.0,1915.0,1,2,False
신분당선,1914.0,133,2102,1907.0,1922.0,1,2,False
신분당선,1914.0,134,2108,1907.0,1922.0,1,2,False
신분당선,1914.0,135,2114,1907.0,1922.0,1,2,False
신분당선,1914.0,136,2120,1907.0,1922.0,1,2,False
신분당선,1914.0,137,2127,1907.0,1922.0,1,2,False
신분당선,1914.0,138,2134,1907.0,1922.0,1,2,False
신분당선,1914.0,139,2141,1907.0,1922.0,1,2,False
신분당선,1914.0,140,2148,1907.0,1922.0,1,2,False
신분당선,1914.0,141,2155,1907.0,1922.0,1,2,False
신분당선,1914.0,142,2202,1907.0,1922.0,1,2,False
신분당선,1914.0,143,2209,1907.0,1922.0,1,2,False
신분당선,1914.0,144,2216,1907.0,1922.0,1,2,False
신분당선,1914.0,145,2223,1907.0,1922.0,1,2,False
신분당선,1914.0,146,2230,1907.0,1922.0,1,2,False
신분당선,1914.0,147,2237,1907.0,1922.0,1,2,False
신분당선,1914.0,148,2244,1907.0,1922.0,1,2,False
신분당선,1914.0,149,2251,1907.0,1922.0,1,2,False
신분당선,1914.0,150,2258,1907.0,1922.0,1,2,False
신분당선,1914.0,151,2305,1907.0,1922.0,1,2,False
신분당선,1914.0,152,2312,1907.0,1922.0,1,2,False
신분당선,1914.0,153,2319,1907.0,1922.0,1,2,False
신분당선,1914.0,154,2326,1907.0,1922.0,1,2,False
신분당선,1914.0,155,2334,1907.0,1922.0,1,2,False
신분당선,1914.0,156,2343,1907.0,1922.0,1,2,False
신분당선,1914.0,b,2351,1907.0,1915.0,1,2,False
신분당선,1914.0,157,2359,1907.0,1922.0,1,2,False
신분당선,1914.0,158,2409,1907.0,1922.0,1,2,False
신분당선,1914.0,159,2419,1907.0,1922.0,1,2,False
신분당선,1914.0,c,2429,1907.0,1915.0,1,2,False
신분당선,1914.0,d,2440,1907.0,1915.0,1,2,False
신분당선,1915.0,132,2100,1907.0,1922.0,1,2,False
신분당선,1915.0,133,2105,1907.0,1922.0,1,2,False
신분당선,1915.0,134,2111,1907.0,1922.0,1,2,False
신분당선,1915.0,135,2117,1907.0,1922.0,1,2,False
신분당선,1915.0,136,2124,1907.0,1922.0,1,2,False
신분당선,1915.0,137,2130,1907.0,1922.0,1,2,False
신분당선,1915.0,138,2137,1907.0,1922.0,1,2,False
신분당선,1915.0,139,2144,1907.0,1922.0,1,2,False
신분당선,1915.0,140,2151,1907.0,1922.0,1,2,False
신분당선,1915.0,141,2158,1907.0,1922.0,1,2,False
신분당선,1915.0,142,2205,1907.0,1922.0,1,2,False
신분당선,1915.0,143,2212,1907.0,1922.0,1,2,False
신분당선,1915.0,144,2219,1907.0,1922.0,1,2,False
신분당선,1915.0,145,2226,1907.0,1922.0,1,2,False
신분당선,1915.0,146,2233,1907.0,1922.0,1,2,False
신분당선,1915.0,147,2240,1907.0,1922.0,1,2,False
신분당선,1915.0,148,2247,1907.0,1922.0,1,2,False
신분당선,1915.0,149,2254,1907.0,1922.0,1,2,False
신분당선,1915.0,150,2301,1907.0,1922.0,1,2,False
신분당선,1915.0,151,2308,1907.0,1922.0,1,2,False
신분당선,1915.0,152,2315,1907.0,1922.0,1,2,False
신분당선,1915.0,153,2322,1907.0,1922.0,1,2,False
신분당선,1915.0,154,2329,1907.0,1922.0,1,2,False
신분당선,1915.0,155,2337,1907.0,1922.0,1,2,False
신분당선,1915.0,156,2346,1907.0,1922.0,1,2,False
신분당선,1915.0,b,2354,1907.0,1915.0,1,2,False
신분당선,1915.0,157,2402,1907.0,1922.0,1,2,False
신분당선,1915.0,158,2412,1907.0,1922.0,1,2,False
신분당선,1915.0,159,2422,1907.0,1922.0,1,2,False
신분당선,1915.0,c,2432,1907.0,1915.0,1,2,False
신분당선,1915.0,d,2443,1907.0,1915.0,1,2,False
신분당선,1916.0,132,2103,1907.0,1922.0,1,2,False
신분당선,1916.0,133,2108,1907.0,1922.0,1,2,False
신분당선,1916.0,134,2114,1907.0,1922.0,1,2,False
신분당선,1916.0,135,2120,1907.0,1922.0,1,2,False
신분당선,1916.0,136,2126,1907.0,1922.0,1,2,False
신분당선,1916.0,137,2133,1907.0,1922.0,1,2,False
신분당선,1916.0,138,2140,1907.0,1922.0,1,2,False
신분당선,1916.0,139,2147,1907.0,1922.0,1,2,False
신분당선,1916.0,140,2154,1907.0,1922.0,1,2,False
신분당선,1916.0,141,2201,1907.0,1922.0,1,2,False
신분당선,1916.0,142,2208,1907.0,1922.0,1,2,False
신분당선,1916.0,143,2215,1907.0,1922.0,1,2,False
신분당선,1916.0,144,2222,1907.0,1922.0,1,2,False
신분당선,1916.0,145,2229,1907.0,1922.0,1,2,False
신분당선,1916.0,146,2236,1907.0,1922.0,1,2,False
신분당선,1916.0,147,2243,1907.0,1922.0,1,2,False
신분당선,1916.0,148,2250,1907.0,1922.0,1,2,False
신분당선,1916.0,149,2257,1907.0,1922.0,1,2,False
신분당선,1916.0,150,2304,1907.0,1922.0,1,2,False
신분당선,1916.0,151,2311,1907.0,1922.0,1,2,False
신분당선,1916.0,152,2318,1907.0,1922.0,1,2,False
신분당선,1916.0,153,2325,1907.0,1922.0,1,2,False
신분당선,1916.0,154,2332,1907.0,1922.0,1,2,False
신분당선,1916.0,155,2340,1907.0,1922.0,1,2,False
신분당선,1916.0,156,2349,1907.0,1922.0,1,2,False
신분당선,1916.0,157,2405,1907.0,1922.0,1,2,False
신분당선,1916.0,158,2415,1907.0,1922.0,1,2,False
신분당선,1916.0,159,2425,1907.0,1922.0,1,2,False
신분당선,1917.0,131,2100,1907.0,1922.0,1,2,False
신분당선,1917.0,132,2106,1907.0,1922.0,1,2,False
신분당선,1917.0,133,2111,1907.0,1922.0,1,2,False
신분당선,1917.0,134,2117,1907.0,1922.0,1,2,False
신분당선,1917.0,135,2122,1907.0,1922.0,1,2,False
신분당선,1917.0,136,2129,1907.0,1922.0,1,2,False
신분당선,1917.0,137,2136,1907.0,1922.0,1,2,False
신분당선,1917.0,138,2143,1907.0,1922.0,1,2,False
신분당선,1917.0,139,2150,1907.0,1922.0,1,2,False
신분당선,1917.0,140,2157,1907.0,1922.0,1,2,False
신분당선,1917.0,141,2204,1907.0,1922.0,1,2,False
신분당선,1917.0,142,2211,1907.0,1922.0,1,2,False
신분당선,1917.0,143,2218,1907.0,1922.0,1,2,False
신분당선,1917.0,144,2225,1907.0,1922.0,1,2,False
신분당선,1917.0,145,2232,1907.0,1922.0,1,2,False
신분당선,1917.0,146,2239,1907.0,1922.0,1,2,False
신분당선,1917.0,147,2246,1907.0,1922.0,1,2,False
신분당선,1917.0,148,2253,1907.0,1922.0,1,2,False
신분당선,1917.0,149,2300,1907.0,1922.0,1,2,False
신분당선,1917.0,150,2307,1907.0,1922.0,1,2,False
신분당선,1917.0,151,2314,1907.0,1922.0,1,2,False
신분당선,1917.0,152,2321,1907.0,1922.0,1,2,False
신분당선,1917.0,153,2327,1907.0,1922.0,1,2,False
신분당선,1917.0,154,2334,1907.0,1922.0,1,2,False
신분당선,1917.0,155,2343,1907.0,1922.0,1,2,False
신분당선,1917.0,156,2351,1907.0,1922.0,1,2,False
신분당선,1917.0,157,2407,1907.0,1922.0,1,2,False
신분당선,1917.0,158,2417,1907.0,1922.0,1,2,False
신분당선,1917.0,159,2427,1907.0,1922.0,1,2,False
신분당선,1918.0,131,2103,1907.0,1922.0,1,2,False
신분당선,1918.0,132,2109,1907.0,1922.0,1,2,False
신분당선,1918.0,133,2114,1907.0,1922.0,1,2,False
신분당선,1918.0,134,2120,1907.0,1922.0,1,2,False
신분당선,1918.0,135,2125,1907.0,1922.0,1,2,False
신분당선,1918.0,136,2132,1907.0,1922.0,1,2,False
신분당선,1918.0,137,2139,1907.0,1922.0,1,2,False
신분당선,1918.0,138,2146,1907.0,1922.0,1,2,False
신분당선,1918.0,139,2153,1907.0,1922.0,1,2,False
신분당선,1918.0,140,2200,1907.0,1922.0,1,2,False
신분당선,1918.0,141,2207,1907.0,1922.0,1,2,False
신분당선,1918.0,142,2214,1907.0,1922.0,1,2,False
신분당선,1918.0,143,2221,1907.0,1922.0,1,2,False
신분당선,1918.0,144,2228,1907.0,1922.0,1,2,False
신분당선,1918.0,145,2235,1907.0,1922.0,1,2,False
신분당선,1918.0,146,2242,1907.0,1922.0,1,2,False
신분당선,1918.0,147,2249,1907.0,1922.0,1,2,False
신분당선,1918.0,148,2256,1907.0,1922.0,1,2,False
신분당선,1918.0,149,2303,1907.0,1922.0,1,2,False
신분당선,1918.0,150,2310,1907.0,1922.0,1,2,False
신분당선,1918.0,151,2317,1907.0,1922.0,1,2,False
신분당선,1918.0,152,2324,1907.0,1922.0,1,2,False
신분당선,1918.0,153,2330,1907.0,1922.0,1,2,False
신분당선,1918.0,154,2337,1907.0,1922.0,1,2,False
신분당선,1918.0,155,2346,1907.0,1922.0,1,2,False
신분당선,1918.0,156,2354,1907.0,1922.0,1,2,False
신분당선,1918.0,157,2410,1907.0,1922.0,1,2,False
신분당선,1918.0,158,2420,1907.0,1922.0,1,2,False
신분당선,1918.0,159,2430,1907.0,1922.0,1,2,False
신분당선,1919.0,130,2101,1907.0,1922.0,1,2,False
신분당선,1919.0,131,2106,1907.0,1922.0,1,2,False
신분당선,1919.0,132,2111,1907.0,1922.0,1,2,False
신분당선,1919.0,133,2116,1907.0,1922.0,1,2,False
신분당선,1919.0,134,2122,1907.0,1922.0,1,2,False
신분당선,1919.0,135,2128,1907.0,1922.0,1,2,False
신분당선,1919.0,136,2135,1907.0,1922.0,1,2,False
신분당선,1919.0,137,2141,1907.0,1922.0,1,2,False
신분당선,1919.0,138,2148,1907.0,1922.0,1,2,False
신분당선,1919.0,139,2155,1907.0,1922.0,1,2,False
신분당선,1919.0,140,2202,1907.0,1922.0,1,2,False
신분당선,1919.0,141,2209,1907.0,1922.0,1,2,False
신분당선,1919.0,142,2216,1907.0,1922.0,1,2,False
신분당선,1919.0,143,2223,1907.0,1922.0,1,2,False
신분당선,1919.0,144,2230,1907.0,1922.0,1,2,False
신분당선,1919.0,145,2237,1907.0,1922.0,1,2,False
신분당선,1919.0,146,2244,1907.0,1922.0,1,2,False
신분당선,1919.0,147,2251,1907.0,1922.0,1,2,False
신분당선,1919.0,148,2258,1907.0,1922.0,1,2,False
신분당선,1919.0,149,2305,1907.0,1922.0,1,2,False
신분당선,1919.0,150,2312,1907.0,1922.0,1,2,False
신분당선,1919.0,151,2319,1907.0,1922.0,1,2,False
신분당선,1919.0,152,2326,1907.0,1922.0,1,2,False
신분당선,1919.0,153,2333,1907.0,1922.0,1,2,False
신분당선,1919.0,154,2340,1907.0,1922.0,1,2,False
신분당선,1919.0,155,2348,1907.0,1922.0,1,2,False
신분당선,1919.0,156,2357,1907.0,1922.0,1,2,False
신분당선,1919.0,157,2413,1907.0,1922.0,1,2,False
신분당선,1919.0,158,2423,1907.0,1922.0,1,2,False
신분당선,1919.0,159,2433,1907.0,1922.0,1,2,False
신분당선,1920.0,130,2104,1907.0,1922.0,1,2,False
신분당선,1920.0,131,2109,1907.0,1922.0,1,2,False
신분당선,1920.0,132,2114,1907.0,1922.0,1,2,False
신분당선,1920.0,133,2119,1907.0,1922.0,1,2,False
신분당선,1920.0,134,2125,1907.0,1922.0,1,2,False
신분당선,1920.0,135,2131,1907.0,1922.0,1,2,False
신분당선,1920.0,136,2137,1907.0,1922.0,1,2,False
신분당선,1920.0,137,2144,1907.0,1922.0,1,2,False
신분당선,1920.0,138,2151,1907.0,1922.0,1,2,False
신분당선,1920.0,139,2158,1907.0,1922.0,1,2,False
신분당선,1920.0,140,2205,1907.0,1922.0,1,2,False
신분당선,1920.0,141,2212,1907.0,1922.0,1,2,False
신분당선,1920.0,142,2219,1907.0,1922.0,1,2,False
신분당선,1920.0,143,2226,1907.0,1922.0,1,2,False
신분당선,1920.0,144,2233,1907.0,1922.0,1,2,False
신분당선,1920.0,145,2240,1907.0,1922.0,1,2,False
신분당선,1920.0,146,2247,1907.0,1922.0,1,2,False
신분당선,1920.0,147,2254,1907.0,1922.0,1,2,False
신분당선,1920.0,148,2301,1907.0,1922.0,1,2,False
신분당선,1920.0,149,2308,1907.0,1922.0,1,2,False
신분당선,1920.0,150,2315,1907.0,1922.0,1,2,False
신분당선,1920.0,151,2322,1907.0,1922.0,1,2,False
신분당선,1920.0,152,2329,1907.0,1922.0,1,2,False
신분당선,1920.0,153,2336,1907.0,1922.0,1,2,False
신분당선,1920.0,154,2343,1907.0,1922.0,1,2,False
신분당선,1920.0,155,2351,1907.0,1922.0,1,2,False
신분당선,1920.0,156,2400,1907.0,1922.0,1,2,False
신분당선,1920.0,157,2416,1907.0,1922.0,1,2,False
신분당선,1920.0,158,2426,1907.0,1922.0,1,2,False
신분당선,1920.0,159,2436,1907.0,1922.0,1,2,False
신분당선,1921.0,129,2102,1907.0,1922.0,1,2,False
신분당선,1921.0,130,2107,1907.0,1922.0,1,2,False
신분당선,1921.0,131,2112,1907.0,1922.0,1,2,False
신분당선,1921.0,132,2117,1907.0,1922.0,1,2,False
신분당선,1921.0,133,2122,1907.0,1922.0,1,2,False
신분당선,1921.0,134,2128,1907.0,1922.0,1,2,False
신분당선,1921.0,135,2134,1907.0,1922.0,1,2,False
신분당선,1921.0,136,2141,1907.0,1922.0,1,2,False
신분당선,1921.0,137,2147,1907.0,1922.0,1,2,False
신분당선,1921.0,138,2154,1907.0,1922.0,1,2,False
신분당선,1921.0,139,2201,1907.0,1922.0,1,2,False
신분당선,1921.0,140,2208,1907.0,1922.0,1,2,False
신분당선,1921.0,141,2215,1907.0,1922.0,1,2,False
신분당선,1921.0,142,2222,1907.0,1922.0,1,2,False
신분당선,1921.0,143,2229,1907.0,1922.0,1,2,False
신분당선,1921.0,144,2236,1907.0,1922.0,1,2,False
신분당선,1921.0,145,2243,1907.0,1922.0,1,2,False
신분당선,1921.0,146,2250,1907.0,1922.0,1,2,False
신분당선,1921.0,147,2257,1907.0,1922.0,1,2,False
신분당선,1921.0,148,2304,1907.0,1922.0,1,2,False
신분당선,1921.0,149,2311,1907.0,1922.0,1,2,False
신분당선,1921.0,150,2318,1907.0,1922.0,1,2,False
신분당선,1921.0,151,2325,1907.0,1922.0,1,2,False
신분당선,1921.0,152,2332,1907.0,1922.0,1,2,False
신분당선,1921.0,153,2339,1907.0,1922.0,1,2,False
신분당선,1921.0,154,2346,1907.0,1922.0,1,2,False
신분당선,1921.0,155,2354,1907.0,1922.0,1,2,False
신분당선,1921.0,156,2403,1907.0,1922.0,1,2,False
신분당선,1921.0,157,2419,1907.0,1922.0,1,2,False
신분당선,1921.0,158,2429,1907.0,1922.0,1,2,False
신분당선,1921.0,159,2439,1907.0,1922.0,1,2,False
신분당선,1922.0,128,2100,1907.0,1922.0,1,2,False
신분당선,1922.0,129,2105,1907.0,1922.0,1,2,False
신분당선,1922.0,130,2110,1907.0,1922.0,1,2,False
신분당선,1922.0,131,2115,1907.0,1922.0,1,2,False
신분당선,1922.0,132,2120,1907.0,1922.0,1,2,False
신분당선,1922.0,133,2125,1907.0,1922.0,1,2,False
신분당선,1922.0,134,2131,1907.0,1922.0,1,2,False
신분당선,1922.0,135,2137,1907.0,1922.0,1,2,False
신분당선,1922.0,136,2144,1907.0,1922.0,1,2,False
신분당선,1922.0,137,2150,1907.0,1922.0,1,2,False
신분당선,1922.0,138,2157,1907.0,1922.0,1,2,False
신분당선,1922.0,139,2204,1907.0,1922.0,1,2,False
신분당선,1922.0,140,2211,1907.0,1922.0,1,2,False
신분당선,1922.0,141,2218,1907.0,1922.0,1,2,False
신분당선,1922.0,142,2225,1907.0,1922.0,1,2,False
신분당선,1922.0,143,2232,1907.0,1922.0,1,2,False
신분당선,1922.0,144,2239,1907.0,1922.0,1,2,False
신분당선,1922.0,145,2246,1907.0,1922.0,1,2,False
신분당선,1922.0,146,2253,1907.0,1922.0,1,2,False
신분당선,1922.0,147,2300,1907.0,1922.0,1,2,False
신분당선,1922.0,148,2307,1907.0,1922.0,1,2,False
신분당선,1922.0,149,2314,1907.0,1922.0,1,2,False
신분당선,1922.0,150,2321,1907.0,1922.0,1,2,False
신분당선,1922.0,151,2328,1907.0,1922.0,1,2,False
신분당선,1922.0,152,2335,1907.0,1922.0,1,2,False
신분당선,1922.0,153,2342,1907.0,1922.0,1,2,False
신분당선,1922.0,154,2349,1907.0,1922.0,1,2,False
신분당선,1922.0,155,2357,1907.0,1922.0,1,2,False
신분당선,1922.0,156,2406,1907.0,1922.0,1,2,False
신분당선,1922.0,157,2422,1907.0,1922.0,1,2,False
신분당선,1922.0,158,2432,1907.0,1922.0,1,2,False
신분당선,1922.0,159,2442,1907.0,1922.0,1,2,False
신분당선,1907.0,110,2104,1922.0,1907.0,2,1,False
신분당선,1907.0,111,2112,1922.0,1907.0,2,1,False
신분당선,1907.0,112,2120,1922.0,1907.0,2,1,False
신분당선,1907.0,113,2128,1922.0,1907.0,2,1,False
신분당선,1907.0,114,2136,1922.0,1907.0,2,1,False
신분당선,1907.0,115,2144,1922.0,1907.0,2,1,False
신분당선,1907.0,116,2152,1922.0,1907.0,2,1,False
신분당선,1907.0,117,2200,1922.0,1907.0,2,1,False
신분당선,1907.0,118,2208,1922.0,1907.0,2,1,False
신분당선,1907.0,119,2216,1922.0,1907.0,2,1,False
신분당선,1907.0,120,2224,1922.0,1907.0,2,1,False
신분당선,1907.0,121,2232,1922.0,1907.0,2,1,False
신분당선,1907.0,122,2240,1922.0,1907.0,2,1,False
신분당선,1907.0,123,2248,1922.0,1907.0,2,1,False
신분당선,1907.0,124,2256,1922.0,1907.0,2,1,False
신분당선,1907.0,125,2304,1922.0,1907.0,2,1,False
신분당선,1907.0,126,2312,1922.0,1907.0,2,1,False
신분당선,1907.0,127,2320,1922.0,1907.0,2,1,False
신분당선,1907.0,128,2328,1922.0,1907.0,2,1,False
신분당선,1907.0,129,2336,1922.0,1907.0,2,1,False
신분당선,1907.0,130,2344,1922.0,1907.0,2,1,False
신분당선,1907.0,131,2353,1922.0,1907.0,2,1,False
신분당선,1907.0,132,2402,1922.0,1907.0,2,1,False
신분당선,1908.0,110,2103,1922.0,1907.0,2,1,False
신분당선,1908.0,111,2111,1922.0,1907.0,2,1,False
신분당선,1908.0,112,2119,1922.0,1907.0,2,1,False
신분당선,1908.0,113,2127,1922.0,1907.0,2,1,False
신분당선,1908.0,114,2135,1922.0,1907.0,2,1,False
신분당선,1908.0,115,2143,1922.0,1907.0,2,1,False
신분당선,1908.0,116,2151,1922.0,1907.0,2,1,False
신분당선,1908.0,117,2159,1922.0,1907.0,2,1,False
신분당선,1908.0,118,2207,1922.0,1907.0,2,1,False
신분당선,1908.0,119,2215,1922.0,1907.0,2,1,False
신분당선,1908.0,120,2223,1922.0,1907.0,2,1,False
신분당선,1908.0,121,2231,1922.0,1907.0,2,1,False
신분당선,1908.0,122,2239,1922.0,1907.0,2,1,False
신분당선,1908.0,123,2247,1922.0,1907.0,2,1,False
신분당선,1908.0,124,2255,1922.0,1907.0,2,1,False
신분당선,1908.0,125,2303,1922.0,1907.0,2,1,False
신분당선,1908.0,126,2311,1922.0,1907.0,2,1,False
신분당선,1908.0,127,2319,1922.0,1907.0,2,1,False
신분당선,1908.0,128,2327,1922.0,1907.0,2,1,False
신분당선,1908.0,129,2335,1922.0,1907.0,2,1,False
신분당선,1908.0,130,2343,1922.0,1907.0,2,1,False
신분당선,1908.0,131,2352,1922.0,1907.0,2,1,False
신분당선,1908.0,132,2401,1922.0,1907.0,2,1,False
신분당선,1909.0,110,2102,1922.0,1907.0,2,1,False
신분당선,1909.0,111,2110,1922.0,1907.0,2,1,False
신분당선,1909.0,112,2118,1922.0,1907.0,2,1,False
신분당선,1909.0,113,2126,1922.0,1907.0,2,1,False
신분당선,1909.0,114,2134,1922.0,1907.0,2,1,False
신분당선,1909.0,115,2142,1922.0,1907.0,2,1,False
신분당선,1909.0,116,2150,1922.0,1907.0,2,1,False
신분당선,1909.0,117,2158,1922.0,1907.0,2,1,False
신분당선,1909.0,118,2206,1922.0,1907.0,2,1,False
신분당선,1909.0,119,2214,1922.0,1907.0,2,1,False
신분당선,1909.0,120,2222,1922.0,1907.0,2,1,False
신분당선,1909.0,121,2230,1922.0,1907.0,2,1,False
신분당선,1909.0,122,2238,1922.0,1907.0,2,1,False
신분당선,1909.0,123,2246,1922.0,1907.0,2,1,False
신분당선,1909.0,124,2254,1922.0,1907.0,2,1,False
신분당선,1909.0,125,2302,1922.0,1907.0,2,1,False
신분당선,1909.0,126,2310,1922.0,1907.0,2,1,False
신분당선,1909.0,127,2318,1922.0,1907.0,2,1,False
신분당선,1909.0,128,2326,1922.0,1907.0,2,1,False
신분당선,1909.0,129,2334,1922.0,1907.0,2,1,False
신분당선,1909.0,130,2342,1922.0,1907.0,2,1,False
신분당선,1909.0,131,2351,1922.0,1907.0,2,1,False
신분당선,1909.0,132,2400,1922.0,1907.0,2,1,False
신분당선,1910.0,110,2100,1922.0,1907.0,2,1,False
신분당선,1910.0,111,2108,1922.0,1907.0,2,1,False
신분당선,1910.0,112,2116,1922.0,1907.0,2,1,False
신분당선,1910.0,113,2124,1922.0,1907.0,2,1,False
신분당선,1910.0,114,2132,1922.0,1907.0,2,1,False
신분당선,1910.0,115,2140,1922.0,1907.0,2,1,False
신분당선,1910.0,116,2148,1922.0,1907.0,2,1,False
신분당선,1910.0,117,2156,1922.0,1907.0,2,1,False
신분당선,1910.0,118,2204,1922.0,1907.0,2,1,False
신분당선,1910.0,119,2212,1922.0,1907.0,2,1,False
신분당선,1910.0,120,2220,1922.0,1907.0,2,1,False
신분당선,1910.0,121,2228,1922.0,1907.0,2,1,False
신분당선,1910.0,122,2236,1922.0,1907.0,2,1,False
신분당선,1910.0,123,2244,1922.0,1907.0,2,1,False
신분당선,1910.0,124,2252,1922.0,1907.0,2,1,False
신분당선,1910.0,125,2300,1922.0,1907.0,2,1,False
신분당선,1910.0,126,2308,1922.0,1907.0,2,1,False
신분당선,1910.0,127,2316,1922.0,1907.0,2,1,False
신분당선,1910.0,128,2324,1922.0,1907.0,2,1,False
신분당선,1910.0,129,2332,1922.0,1907.0,2,1,False
신분당선,1910.0,130,2340,1922.0,1907.0,2,1,False
신분당선,1910.0,131,2349,1922.0,1907.0,2,1,False
신분당선,1910.0,132,2358,1922.0,1907.0,2,1,False
신분당선,1911.0,111,2106,1922.0,1907.0,2,1,False
신분당선,1911.0,112,2114,1922.0,1907.0,2,1,False
신분당선,1911.0,113,2122,1922.0,1907.0,2,1,False
신분당선,1911.0,114,2130,1922.0,1907.0,2,1,False
신분당선,1911.0,115,2138,1922.0,1907.0,2,1,False
신분당선,1911.0,116,2146,1922.0,1907.0,2,1,False
신분당선,1911.0,117,2154,1922.0,1907.0,2,1,False
신분당선,1911.0,118,2202,1922.0,1907.0,2,1,False
신분당선,1911.0,119,2210,1922.0,1907.0,2,1,False
신분당선,1911.0,120,2218,1922.0,1907.0,2,1,False
신분당선,1911.0,121,2226,1922.0,1907.0,2,1,False
신분당선,1911.0,122,2234,1922.0,1907.0,2,1,False
신분당선,1911.0,123,2242,1922.0,1907.0,2,1,False
신분당선,1911.0,124,2250,1922.0,1907.0,2,1,False
신분당선,1911.0,125,2258,1922.0,1907.0,2,1,False
신분당선,1911.0,126,2306,1922.0,1907.0,2,1,False
신분당선,1911.0,127,2314,1922.0,1907.0,2,1,False
신분당선,1911.0,128,2322,1922.0,1907.0,2,1,False
신분당선,1911.0,129,2330,1922.0,1907.0,2,1,False
신분당선,1911.0,130,2338,1922.0,1907.0,2,1,False
신분당선,1911.0,131,2347,1922.0,1907.0,2,1,False
신분당선,1911.0,132,2356,1922.0,1907.0,2,1,False
신분당선,1912.0,111,2103,1922.0,1907.0,2,1,False
신분당선,1912.0,112,2111,1922.0,1907.0,2,1,False
신분당선,1912.0,113,2119,1922.0,1907.0,2,1,False
신분당선,1912.0,114,2127,1922.0,1907.0,2,1,False
신분당선,1912.0,115,2135,1922.0,1907.0,2,1,False
신분당선,1912.0,116,2143,1922.0,1907.0,2,1,False
신분당선,1912.0,117,2151,1922.0,1907.0,2,1,False
신분당선,1912.0,118,2159,1922.0,1907.0,2,1,False
신분당선,1912.0,119,2207,1922.0,1907.0,2,1,False
신분당선,1912.0,120,2215,1922.0,1907.0,2,1,False
신분당선,1912.0,121,2223,1922.0,1907.0,2,1,False
신분당선,1912.0,122,2231,1922.0,1907.0,2,1,False
신분당선,1912.0,123,2239,1922.0,1907.0,2,1,False
신분당선,1912.0,124,2247,1922.0,1907.0,2,1,False
신분당선,1912.0,125,2255,1922.0,1907.0,2,1,False
신분당선,1912.0,126,2303,1922.0,1907.0,2,1,False
신분당선,1912.0,127,2311,1922.0,1907.0,2,1,False
신분당선,1912.0,128,2319,1922.0,1907.0,2,1,False
신분당선,1912.0,129,2327,1922.0,1907.0,2,1,False
신분당선,1912.0,130,2335,1922.0,1907.0,2,1,False
신분당선,1912.0,131,2344,1922.0,1907.0,2,1,False
신분당선,1912.0,132,2353,1922.0,1907.0,2,1,False
신분당선,1913.0,111,2100,1922.0,1907.0,2,1,False
신분당선,1913.0,112,2108,1922.0,1907.0,2,1,False
신분당선,1913.0,113,2116,1922.0,1907.0,2,1,False
신분당선,1913.0,114,2124,1922.0,1907.0,2,1,False
신분당선,1913.0,115,2132,1922.0,1907.0,2,1,False
신분당선,1913.0,116,2140,1922.0,1907.0,2,1,False
신분당선,1913.0,117,2148,1922.0,1907.0,2,1,False
신분당선,1913.0,118,2156,1922.0,1907.0,2,1,False
신분당선,1913.0,119,2204,1922.0,1907.0,2,1,False
신분당선,1913.0,120,2212,1922.0,1907.0,2,1,False
신분당선,1913.0,121,2220,1922.0,1907.0,2,1,False
신분당선,1913.0,122,2228,1922.0,1907.0,2,1,False
신분당선,1913.0,123,2236,1922.0,1907.0,2,1,False
신분당선,1913.0,124,2244,1922.0,1907.0,2,1,False
신분당선,1913.0,125,2252,1922.0,1907.0,2,1,False
신분당선,1913.0,126,2300,1922.0,1907.0,2,1,False
신분당선,1913.0,127,2308,1922.0,1907.0,2,1,False
신분당선,1913.0,128,2316,1922.0,1907.0,2,1,False
신분당선,1913.0,129,2324,1922.0,1907.0,2,1,False
신분당선,1913.0,130,2332,1922.0,1907.0,2,1,False
신분당선,1913.0,131,2341,1922.0,1907.0,2,1,False
신분당선,1913.0,132,2350,1922.0,1907.0,2,1,False
신분당선,1914.0,112,2102,1922.0,1907.0,2,1,False
신분당선,1914.0,113,2110,1922.0,1907.0,2,1,False
신분당선,1914.0,114,2118,1922.0,1907.0,2,1,False
신분당선,1914.0,115,2126,1922.0,1907.0,2,1,False
신분당선,1914.0,116,2134,1922.0,1907.0,2,1,False
신분당선,1914.0,117,2142,1922.0,1907.0,2,1,False
신분당선,1914.0,118,2150,1922.0,1907.0,2,1,False
신분당선,1914.0,119,2158,1922.0,1907.0,2,1,False
신분당선,1914.0,120,2206,1922.0,1907.0,2,1,False
신분당선,1914.0,121,2214,1922.0,1907.0,2,1,False
신분당선,1914.0,122,2222,1922.0,1907.0,2,1,False
신분당선,1914.0,123,2230,1922.0,1907.0,2,1,False
신분당선,1914.0,124,2238,1922.0,1907.0,2,1,False
신분당선,1914.0,125,2246,1922.0,1907.0,2,1,False
신분당선,1914.0,126,2254,1922.0,1907.0,2,1,False
신분당선,1914.0,127,2302,1922.0,1907.0,2,1,False
신분당선,1914.0,128,2310,1922.0,1907.0,2,1,False
신분당선,1914.0,129,2318,1922.0,1907.0,2,1,False
신분당선,1914.0,130,2326,1922.0,1907.0,2,1,False
신분당선,1914.0,131,2335,1922.0,1907.0,2,1,False
신분당선,1914.0,132,2344,1922.0,1907.0,2,1,False
신분당선,1915.0,113,2107,1922.0,1907.0,2,1,False
신분당선,1915.0,114,2115,1922.0,1907.0,2,1,False
신분당선,1915.0,115,2123,1922.0,1907.0,2,1,False
신분당선,1915.0,116,2131,1922.0,1907.0,2,1,False
신분당선,1915.0,117,2139,1922.0,1907.0,2,1,False
신분당선,1915.0,118,2147,1922.0,1907.0,2,1,False
신분당선,1915.0,119,2155,1922.0,1907.0,2,1,False
신분당선,1915.0,120,2203,1922.0,1907.0,2,1,False
신분당선,1915.0,121,2211,1922.0,1907.0,2,1,False
신분당선,1915.0,122,2219,1922.0,1907.0,2,1,False
신분당선,1915.0,123,2227,1922.0,1907.0,2,1,False
신분당선,1915.0,124,2235,1922.0,1907.0,2,1,False
신분당선,1915.0,125,2243,1922.0,1907.0,2,1,False
신분당선,1915.0,126,2251,1922.0,1907.0,2,1,False
신분당선,1915.0,127,2259,1922.0,1907.0,2,1,False
신분당선,1915.0,128,2307,1922.0,1907.0,2,1,False
신분당선,1915.0,129,2315,1922.0,1907.0,2,1,False
신분당선,1915.0,130,2323,1922.0,1907.0,2,1,False
신분당선,1915.0,131,2332,1922.0,1907.0,2,1,False
신분당선,1915.0,132,2341,1922.0,1907.0,2,1,False
신분당선,1916.0,113,2104,1922.0,1907.0,2,1,False
신분당선,1916.0,114,2112,1922.0,1907.0,2,1,False
신분당선,1916.0,115,2120,1922.0,1907.0,2,1,False
신분당선,1916.0,116,2128,1922.0,1907.0,2,1,False
신분당선,1916.0,117,2136,1922.0,1907.0,2,1,False
신분당선,1916.0,118,2144,1922.0,1907.0,2,1,False
신분당선,1916.0,119,2152,1922.0,1907.0,2,1,False
신분당선,1916.0,120,2200,1922.0,1907.0,2,1,False
신분당선,1916.0,121,2208,1922.0,1907.0,2,1,False
신분당선,1916.0,122,2216,1922.0,1907.0,2,1,False
신분당선,1916.0,123,2224,1922.0,1907.0,2,1,False
신분당선,1916.0,124,2232,1922.0,1907.0,2,1,False
신분당선,1916.0,125,2240,1922.0,1907.0,2,1,False
신분당선,1916.0,126,2248,1922.0,1907.0,2,1,False
신분당선,1916.0,127,2256,1922.0,1907.0,2,1,False
신분당선,1916.0,128,2304,1922.0,1907.0,2,1,False
신분당선,1916.0,129,2312,1922.0,1907.0,2,1,False
신분당선,1916.0,130,2320,1922.0,1907.0,2,1,False
신분당선,1916.0,131,2329,1922.0,1907.0,2,1,False
신분당선,1916.0,132,2338,1922.0,1907.0,2,1,False
신분당선,1917.0,113,2101,1922.0,1907.0,2,1,False
신분당선,1917.0,114,2109,1922.0,1907.0,2,1,False
신분당선,1917.0,115,2117,1922.0,1907.0,2,1,False
신분당선,1917.0,116,2125,1922.0,1907.0,2,1,False
신분당선,1917.0,117,2133,1922.0,1907.0,2,1,False
신분당선,1917.0,118,2141,1922.0,1907.0,2,1,False
신분당선,1917.0,119,2149,1922.0,1907.0,2,1,False
신분당선,1917.0,120,2157,1922.0,1907.0,2,1,False
신분당선,1917.0,121,2205,1922.0,1907.0,2,1,False
신분당선,1917.0,122,2213,1922.0,1907.0,2,1,False
신분당선,1917.0,123,2221,1922.0,1907.0,2,1,False
신분당선,1917.0,124,2229,1922.0,1907.0,2,1,False
신분당선,1917.0,125,2237,1922.0,1907.0,2,1,False
신분당선,1917.0,126,2245,1922.0,1907.0,2,1,False
신분당선,1917.0,127,2253,1922.0,1907.0,2,1,False
신분당선,1917.0,128,2301,1922.0,1907.0,2,1,False
신분당선,1917.0,129,2309,1922.0,1907.0,2,1,False
신분당선,1917.0,130,2317,1922.0,1907.0,2,1,False
신분당선,1917.0,131,2326,1922.0,1907.0,2,1,False
신분당선,1917.0,132,2335,1922.0,1907.0,2,1,False
신분당선,1918.0,114,2106,1922.0,1907.0,2,1,False
신분당선,1918.0,115,2114,1922.0,1907.0,2,1,False
신분당선,1918.0,116,2122,1922.0,1907.0,2,1,False
신분당선,1918.0,117,2130,1922.0,1907.0,2,1,False
신분당선,1918.0,118,2138,1922.0,1907.0,2,1,False
신분당선,1918.0,119,2146,1922.0,1907.0,2,1,False
신분당선,1918.0,120,2154,1922.0,1907.0,2,1,False
신분당선,1918.0,121,2202,1922.0,1907.0,2,1,False
신분당선,1918.0,122,2210,1922.0,1907.0,2,1,False
신분당선,1918.0,123,2218,1922.0,1907.0,2,1,False
신분당선,1918.0,124,2226,1922.0,1907.0,2,1,False
신분당선,1918.0,125,2234,1922.0,1907.0,2,1,False
신분당선,1918.0,126,2242,1922.0,1907.0,2,1,False
신분당선,1918.0,127,2250,1922.0,1907.0,2,1,False
신분당선,1918.0,128,2258,1922.0,1907.0,2,1,False
신분당선,1918.0,129,2306,1922.0,1907.0,2,1,False
신분당선,1918.0,130,2314,1922.0,1907.0,2,1,False
신분당선,1918.0,131,2323,1922.0,1907.0,2,1,False
신분당선,1918.0,132,2333,1922.0,1907.0,2,1,False
신분당선,1919.0,114,2104,1922.0,1907.0,2,1,False
신분당선,1919.0,115,2112,1922.0,1907.0,2,1,False
신분당선,1919.0,116,2120,1922.0,1907.0,2,1,False
신분당선,1919.0,117,2128,1922.0,1907.0,2,1,False
신분당선,1919.0,118,2136,1922.0,1907.0,2,1,False
신분당선,1919.0,119,2144,1922.0,1907.0,2,1,False
신분당선,1919.0,120,2152,1922.0,1907.0,2,1,False
신분당선,1919.0,121,2200,1922.0,1907.0,2,1,False
신분당선,1919.0,122,2208,1922.0,1907.0,2,1,False
신분당선,1919.0,123,2216,1922.0,1907.0,2,1,False
신분당선,1919.0,124,2224,1922.0,1907.0,2,1,False
신분당선,1919.0,125,2232,1922.0,1907.0,2,1,False
신분당선,1919.0,126,2240,1922.0,1907.0,2,1,False
신분당선,1919.0,127,2248,1922.0,1907.0,2,1,False
신분당선,1919.0,128,2256,1922.0,1907.0,2,1,False
신분당선,1919.0,129,2304,1922.0,1907.0,2,1,False
신분당선,1919.0,130,2312,1922.0,1907.0,2,1,False
신분당선,1919.0,131,2321,1922.0,1907.0,2,1,False
신분당선,1919.0,132,2330,1922.0,1907.0,2,1,False
신분당선,1920.0,114,2101,1922.0,1907.0,2,1,False
신분당선,1920.0,115,2109,1922.0,1907.0,2,1,False
신분당선,1920.0,116,2117,1922.0,1907.0,2,1,False
신분당선,1920.0,117,2125,1922.0,1907.0,2,1,False
신분당선,1920.0,118,2133,1922.0,1907.0,2,1,False
신분당선,1920.0,119,2141,1922.0,1907.0,2,1,False
신분당선,1920.0,120,2149,1922.0,1907.0,2,1,False
신분당선,1920.0,121,2157,1922.0,1907.0,2,1,False
신분당선,1920.0,122,2205,1922.0,1907.0,2,1,False
신분당선,1920.0,123,2213,1922.0,1907.0,2,1,False
신분당선,1920.0,124,2221,1922.0,1907.0,2,1,False
신분당선,1920.0,125,2229,1922.0,1907.0,2,1,False
신분당선,1920.0,126,2237,1922.0,1907.0,2,1,False
신분당선,1920.0,127,2245,1922.0,1907.0,2,1,False
신분당선,1920.0,128,2253,1922.0,1907.0,2,1,False
신분당선,1920.0,129,2301,1922.0,1907.0,2,1,False
신분당선,1920.0,130,2309,1922.0,1907.0,2,1,False
신분당선,1920.0,131,2318,1922.0,1907.0,2,1,False
신분당선,1920.0,132,2327,1922.0,1907.0,2,1,False
신분당선,1921.0,115,2106,1922.0,1907.0,2,1,False
신분당선,1921.0,116,2114,1922.0,1907.0,2,1,False
신분당선,1921.0,117,2122,1922.0,1907.0,2,1,False
신분당선,1921.0,118,2130,1922.0,1907.0,2,1,False
신분당선,1921.0,119,2138,1922.0,1907.0,2,1,False
신분당선,1921.0,120,2146,1922.0,1907.0,2,1,False
신분당선,1921.0,121,2154,1922.0,1907.0,2,1,False
신분당선,1921.0,122,2202,1922.0,1907.0,2,1,False
신분당선,1921.0,123,2210,1922.0,1907.0,2,1,False
신분당선,1921.0,124,2218,1922.0,1907.0,2,1,False
신분당선,1921.0,125,2226,1922.0,1907.0,2,1,False
신분당선,1921.0,126,2234,1922.0,1907.0,2,1,False
신분당선,1921.0,127,2242,1922.0,1907.0,2,1,False
신분당선,1921.0,128,2250,1922.0,1907.0,2,1,False
신분당선,1921.0,129,2258,1922.0,1907.0,2,1,False
신분당선,1921.0,130,2306,1922.0,1907.0,2,1,False
신분당선,1921.0,131,2315,1922.0,1907.0,2,1,False
신분당선,1921.0,132,2324,1922.0,1907.0,2,1,False
신분당선,1922.0,115,2102,1922.0,1907.0,2,1,False
신분당선,1922.0,116,2110,1922.0,1907.0,2,1,False
신분당선,1922.0,117,2118,1922.0,1907.0,2,1,False
신분당선,1922.0,118,2126,1922.0,1907.0,2,1,False
신분당선,1922.0,119,2134,1922.0,1907.0,2,1,False
신분당선,1922.0,120,2142,1922.0,1907.0,2,1,False
신분당선,1922.0,121,2150,1922.0,1907.0,2,1,False
신분당선,1922.0,122,2158,1922.0,1907.0,2,1,False
신분당선,1922.0,123,2206,1922.0,1907.0,2,1,False
신분당선,1922.0,124,2214,1922.0,1907.0,2,1,False
신분당선,1922.0,125,2222,1922.0,1907.0,2,1,False
신분당선,1922.0,126,2230,1922.0,1907.0,2,1,False
신분당선,1922.0,127,2238,1922.0,1907.0,2,1,False
신분당선,1922.0,128,2246,1922.0,1907.0,2,1,False
신분당선,1922.0,129,2254,1922.0,1907.0,2,1,False
신분당선,1922.0,130,2302,1922.0,1907.0,2,1,False
신분당선,1922.0,131,2311,1922.0,1907.0,2,1,False
신분당선,1922.0,132,2321,1922.0,1907.0,2,1,False
신분당선,1907.0,114,2102,1907.0,1922.0,2,2,False
신분당선,1907.0,115,2110,1907.0,1922.0,2,2,False
신분당선,1907.0,116,2118,1907.0,1922.0,2,2,False
신분당선,1907.0,117,2126,1907.0,1922.0,2,2,False
신분당선,1907.0,118,2134,1907.0,1922.0,2,2,False
신분당선,1907.0,119,2142,1907.0,1922.0,2,2,False
신분당선,1907.0,120,2150,1907.0,1922.0,2,2,False
신분당선,1907.0,121,2158,1907.0,1922.0,2,2,False
신분당선,1907.0,122,2206,1907.0,1922.0,2,2,False
신분당선,1907.0,123,2214,1907.0,1922.0,2,2,False
신분당선,1907.0,124,2222,1907.0,1922.0,2,2,False
신분당선,1907.0,125,2230,1907.0,1922.0,2,2,False
신분당선,1907.0,126,2238,1907.0,1922.0,2,2,False
신분당선,1907.0,127,2246,1907.0,1922.0,2,2,False
신분당선,1907.0,128,2254,1907.0,1922.0,2,2,False
신분당선,1907.0,a,2302,1907.0,1915.0,2,2,False
신분당선,1907.0,129,2309,1907.0,1922.0,2,2,False
신분당선,1907.0,130,2317,1907.0,1922.0,2,2,False
신분당선,1907.0,131,2325,1907.0,1922.0,2,2,False
신분당선,1907.0,b,2333,1907.0,1915.0,2,2,False
신분당선,1907.0,c,2341,1907.0,1915.0,2,2,False
신분당선,1907.0,d,2349,1907.0,1915.0,2,2,False
신분당선,1908.0,114,2103,1907.0,1922.0,2,2,False
신분당선,1908.0,115,2111,1907.0,1922.0,2,2,False
신분당선,1908.0,116,2119,1907.0,1922.0,2,2,False
신분당선,1908.0,117,2127,1907.0,1922.0,2,2,False
신분당선,1908.0,118,2135,1907.0,1922.0,2,2,False
신분당선,1908.0,119,2143,1907.0,1922.0,2,2,False
신분당선,1908.0,120,2151,1907.0,1922.0,2,2,False
신분당선,1908.0,121,2159,1907.0,1922.0,2,2,False
신분당선,1908.0,122,2207,1907.0,1922.0,2,2,False
신분당선,1908.0,123,2215,1907.0,1922.0,2,2,False
신분당선,1908.0,124,2223,1907.0,1922.0,2,2,False
신분당선,1908.0,125,2231,1907.0,1922.0,2,2,False
신분당선,1908.0,126,2239,1907.0,1922.0,2,2,False
신분당선,1908.0,127,2247,1907.0,1922.0,2,2,False
신분당선,1908.0,128,2255,1907.0,1922.0,2,2,False
신분당선,1908.0,a,2303,1907.0,1915.0,2,2,False
신분당선,1908.0,129,2310,1907.0,1922.0,2,2,False
신분당선,1908.0,130,2318,1907.0,1922.0,2,2,False
신분당선,1908.0,131,2326,1907.0,1922.0,2,2,False
신분당선,1908.0,b,2334,1907.0,1915.0,2,2,False
신분당선,1908.0,c,2342,1907.0,1915.0,2,2,False
신분당선,1908.0,d,2350,1907.0,1915.0,2,2,False
신분당선,1909.0,114,2105,1907.0,1922.0,2,2,False
신분당선,1909.0,115,2113,1907.0,1922.0,2,2,False
신분당선,1909.0,116,2121,1907.0,1922.0,2,2,False
신분당선,1909.0,117,2129,1907.0,1922.0,2,2,False
신분당선,1909.0,118,2137,1907.0,1922.0,2,2,False
신분당선,1909.0,119,2145,1907.0,1922.0,2,2,False
신분당선,1909.0,120,2153,1907.0,1922.0,2,2,False
신분당선,1909.0,121,2201,1907.0,1922.0,2,2,False
신분당선,1909.0,122,2209,1907.0,1922.0,2,2,False
신분당선,1909.0,123,2217,1907.0,1922.0,2,2,False
신분당선,1909.0,124,2225,1907.0,1922.0,2,2,False
신분당선,1909.0,125,2233,1907.0,1922.0,2,2,False
신분당선,1909.0,126,2241,1907.0,1922.0,2,2,False
신분당선,1909.0,127,2249,1907.0,1922.0,2,2,False
신분당선,1909.0,128,2257,1907.0,1922.0,2,2,False
신분당선,1909.0,a,2305,1907.0,1915.0,2,2,False
신분당선,1909.0,129,2312,1907.0,1922.0,2,2,False
신분당선,1909.0,130,2320,1907.0,1922.0,2,2,False
신분당선,1909.0,131,2328,1907.0,1922.0,2,2,False
신분당선,1909.0,b,2336,1907.0,1915.0,2,2,False
신분당선,1909.0,c,2344,1907.0,1915.0,2,2,False
신분당선,1909.0,d,2352,1907.0,1915.0,2,2,False
신분당선,1910.0,114,2107,1907.0,1922.0,2,2,False
신분당선,1910.0,115,2115,1907.0,1922.0,2,2,False
신분당선,1910.0,116,2123,1907.0,1922.0,2,2,False
신분당선,1910.0,117,2131,1907.0,1922.0,2,2,False
신분당선,1910.0,118,2139,1907.0,1922.0,2,2,False
신분당선,1910.0,119,2147,1907.0,1922.0,2,2,False
신분당선,1910.0,120,2155,1907.0,1922.0,2,2,False
신분당선,1910.0,121,2203,1907.0,1922.0,2,2,False
신분당선,1910.0,122,2211,1907.0,1922.0,2,2,False
신분당선,1910.0,123,2219,1907.0,1922.0,2,2,False
신분당선,1910.0,124,2227,1907.0,1922.0,2,2,False
신분당선,1910.0,125,2235,1907.0,1922.0,2,2,False
신분당선,1910.0,126,2243,1907.0,1922.0,2,2,False
신분당선,1910.0,127,2251,1907.0,1922.0,2,2,False
신분당선,1910.0,128,2259,1907.0,1922.0,2,2,False
신분당선,1910.0,a,2307,1907.0,1915.0,2,2,False
신분당선,1910.0,129,2314,1907.0,1922.0,2,2,False
신분당선,1910.0,130,2322,1907.0,1922.0,2,2,False
신분당선,1910.0,131,2330,1907.0,1922.0,2,2,False
신분당선,1910.0,b,2338,1907.0,1915.0,2,2,False
신분당선,1910.0,c,2346,1907.0,1915.0,2,2,False
신분당선,1910.0,d,2354,1907.0,1915.0,2,2,False
신분당선,1911.0,113,2101,1907.0,1922.0,2,2,False
신분당선,1911.0,114,2109,1907.0,1922.0,2,2,False
신분당선,1911.0,115,2117,1907.0,1922.0,2,2,False
신분당선,1911.0,116,2125,1907.0,1922.0,2,2,False
신분당선,1911.0,117,2133,1907.0,1922.0,2,2,False
신분당선,1911.0,118,2141,1907.0,1922.0,2,2,False
신분당선,1911.0,119,2149,1907.0,1922.0,2,2,False
신분당선,1911.0,120,2157,1907.0,1922.0,2,2,False
신분당선,1911.0,121,2205,1907.0,1922.0,2,2,False
신분당선,1911.0,122,2213,1907.0,1922.0,2,2,False
신분당선,1911.0,123,2221,1907.0,1922.0,2,2,False
신분당선,1911.0,124,2229,1907.0,1922.0,2,2,False
신분당선,1911.0,125,2237,1907.0,1922.0,2,2,False
신분당선,1911.0,126,2245,1907.0,1922.0,2,2,False
신분당선,1911.0,127,2253,1907.0,1922.0,2,2,False
신분당선,1911.0,128,2301,1907.0,1922.0,2,2,False
신분당선,1911.0,a,2309,1907.0,1915.0,2,2,False
신분당선,1911.0,129,2316,1907.0,1922.0,2,2,False
신분당선,1911.0,130,2324,1907.0,1922.0,2,2,False
신분당선,1911.0,131,2332,1907.0,1922.0,2,2,False
신분당선,1911.0,b,2340,1907.0,1915.0,2,2,False
신분당선,1911.0,c,2348,1907.0,1915.0,2,2,False
신분당선,1911.0,d,2356,1907.0,1915.0,2,2,False
신분당선,1912.0,113,2103,1907.0,1922.0,2,2,False
신분당선,1912.0,114,2111,1907.0,1922.0,2,2,False
신분당선,1912.0,115,2119,1907.0,1922.0,2,2,False
신분당선,1912.0,116,2127,1907.0,1922.0,2,2,False
신분당선,1912.0,117,2135,1907.0,1922.0,2,2,False
신분당선,1912.0,118,2143,1907.0,1922.0,2,2,False
신분당선,1912.0,119,2151,1907.0,1922.0,2,2,False
신분당선,1912.0,120,2159,1907.0,1922.0,2,2,False
신분당선,1912.0,121,2207,1907.0,1922.0,2,2,False
신분당선,1912.0,122,2215,1907.0,1922.0,2,2,False
신분당선,1912.0,123,2223,1907.0,1922.0,2,2,False
신분당선,1912.0,124,2231,1907.0,1922.0,2,2,False
신분당선,1912.0,125,2239,1907.0,1922.0,2,2,False
신분당선,1912.0,126,2247,1907.0,1922.0,2,2,False
신분당선,1912.0,127,2255,1907.0,1922.0,2,2,False
신분당선,1912.0,128,2303,1907.0,1922.0,2,2,False
신분당선,1912.0,a,2311,1907.0,1915.0,2,2,False
신분당선,1912.0,129,2318,1907.0,1922.0,2,2,False
신분당선,1912.0,130,2326,1907.0,1922.0,2,2,False
신분당선,1912.0,131,2334,1907.0,1922.0,2,2,False
신분당선,1912.0,b,2342,1907.0,1915.0,2,2,False
신분당선,1912.0,c,2350,1907.0,1915.0,2,2,False
신분당선,1912.0,d,2358,1907.0,1915.0,2,2,False
신분당선,1913.0,113,2106,1907.0,1922.0,2,2,False
신분당선,1913.0,114,2114,1907.0,1922.0,2,2,False
신분당선,1913.0,115,2122,1907.0,1922.0,2,2,False
신분당선,1913.0,116,2130,1907.0,1922.0,2,2,False
신분당선,1913.0,117,2138,1907.0,1922.0,2,2,False
신분당선,1913.0,118,2146,1907.0,1922.0,2,2,False
신분당선,1913.0,119,2154,1907.0,1922.0,2,2,False
신분당선,1913.0,120,2202,1907.0,1922.0,2,2,False
신분당선,1913.0,121,2210,1907.0,1922.0,2,2,False
신분당선,1913.0,122,2218,1907.0,1922.0,2,2,False
신분당선,1913.0,123,2226,1907.0,1922.0,2,2,False
신분당선,1913.0,124,2234,1907.0,1922.0,2,2,False
신분당선,1913.0,125,2242,1907.0,1922.0,2,2,False
신분당선,1913.0,126,2250,1907.0,1922.0,2,2,False
신분당선,1913.0,127,2258,1907.0,1922.0,2,2,False
신분당선,1913.0,128,2306,1907.0,1922.0,2,2,False
신분당선,1913.0,a,2314,1907.0,1915.0,2,2,False
신분당선,1913.0,129,2321,1907.0,1922.0,2,2,False
신분당선,1913.0,130,2329,1907.0,1922.0,2,2,False
신분당선,1913.0,131,2337,1907.0,1922.0,2,2,False
신분당선,1913.0,b,2345,1907.0,1915.0,2,2,False
신분당선,1913.0,c,2353,1907.0,1915.0,2,2,False
신분당선,1913.0,d,2401,1907.0,1915.0,2,2,False
신분당선,1914.0,112,2105,1907.0,1922.0,2,2,False
신분당선,1914.0,113,2113,1907.0,1922.0,2,2,False
신분당선,1914.0,114,2121,1907.0,1922.0,2,2,False
신분당선,1914.0,115,2129,1907.0,1922.0,2,2,False
신분당선,1914.0,116,2137,1907.0,1922.0,2,2,False
신분당선,1914.0,117,2145,1907.0,1922.0,2,2,False
신분당선,1914.0,118,2153,1907.0,1922.0,2,2,False
신분당선,1914.0,119,2201,1907.0,1922.0,2,2,False
신분당선,1914.0,120,2209,1907.0,1922.0,2,2,False
신분당선,1914.0,121,2217,1907.0,1922.0,2,2,False
신분당선,1914.0,122,2225,1907.0,1922.0,2,2,False
신분당선,1914.0,123,2233,1907.0,1922.0,2,2,False
신분당선,1914.0,124,2241,1907.0,1922.0,2,2,False
신분당선,1914.0,125,2249,1907.0,1922.0,2,2,False
신분당선,1914.0,126,2257,1907.0,1922.0,2,2,False
신분당선,1914.0,127,2305,1907.0,1922.0,2,2,False
신분당선,1914.0,128,2313,1907.0,1922.0,2,2,False
신분당선,1914.0,a,2321,1907.0,1915.0,2,2,False
신분당선,1914.0,129,2328,1907.0,1922.0,2,2,False
신분당선,1914.0,130,2336,1907.0,1922.0,2,2,False
신분당선,1914.0,131,2344,1907.0,1922.0,2,2,False
신분당선,1914.0,b,2352,1907.0,1915.0,2,2,False
신분당선,1914.0,c,2400,1907.0,1915.0,2,2,False
신분당선,1914.0,d,2408,1907.0,1915.0,2,2,False
신분당선,1915.0,111,2100,1907.0,1922.0,2,2,False
신분당선,1915.0,112,2108,1907.0,1922.0,2,2,False
신분당선,1915.0,113,2116,1907.0,1922.0,2,2,False
신분당선,1915.0,114,2124,1907.0,1922.0,2,2,False
신분당선,1915.0,115,2132,1907.0,1922.0,2,2,False
신분당선,1915.0,116,2140,1907.0,1922.0,2,2,False
신분당선,1915.0,117,2148,1907.0,1922.0,2,2,False
신분당선,1915.0,118,2156,1907.0,1922.0,2,2,False
신분당선,1915.0,119,2204,1907.0,1922.0,2,2,False
신분당선,1915.0,120,2212,1907.0,1922.0,2,2,False
신분당선,1915.0,121,2220,1907.0,1922.0,2,2,False
신분당선,1915.0,122,2228,1907.0,1922.0,2,2,False
신분당선,1915.0,123,2236,1907.0,1922.0,2,2,False
신분당선,1915.0,124,2244,1907.0,1922.0,2,2,False
신분당선,1915.0,125,2252,1907.0,1922.0,2,2,False
신분당선,1915.0,126,2300,1907.0,1922.0,2,2,False
신분당선,1915.0,127,2308,1907.0,1922.0,2,2,False
신분당선,1915.0,128,2316,1907.0,1922.0,2,2,False
신분당선,1915.0,a,2324,1907.0,1915.0,2,2,False
신분당선,1915.0,129,2331,1907.0,1922.0,2,2,False
신분당선,1915.0,130,2339,1907.0,1922.0,2,2,False
신분당선,1915.0,131,2347,1907.0,1922.0,2,2,False
신분당선,1915.0,b,2355,1907.0,1915.0,2,2,False
신분당선,1915.0,c,2403,1907.0,1915.0,2,2,False
신분당선,1915.0,d,2411,1907.0,1915.0,2,2,False
신분당선,1916.0,111,2103,1907.0,1922.0,2,2,False
신분당선,1916.0,112,2111,1907.0,1922.0,2,2,False
신분당선,1916.0,113,2119,1907.0,1922.0,2,2,False
신분당선,1916.0,114,2127,1907.0,1922.0,2,2,False
신분당선,1916.0,115,2135,1907.0,1922.0,2,2,False
신분당선,1916.0,116,2143,1907.0,1922.0,2,2,False
신분당선,1916.0,117,2151,1907.0,1922.0,2,2,False
신분당선,1916.0,118,2159,1907.0,1922.0,2,2,False
신분당선,1916.0,119,2207,1907.0,1922.0,2,2,False
신분당선,1916.0,120,2215,1907.0,1922.0,2,2,False
신분당선,1916.0,121,2223,1907.0,1922.0,2,2,False
신분당선,1916.0,122,2231,1907.0,1922.0,2,2,False
신분당선,1916.0,123,2239,1907.0,1922.0,2,2,False
신분당선,1916.0,124,2247,1907.0,1922.0,2,2,False
신분당선,1916.0,125,2255,1907.0,1922.0,2,2,False
신분당선,1916.0,126,2303,1907.0,1922.0,2,2,False
신분당선,1916.0,127,2311,1907.0,1922.0,2,2,False
신분당선,1916.0,128,2319,1907.0,1922.0,2,2,False
신분당선,1916.0,129,2334,1907.0,1922.0,2,2,False
신분당선,1916.0,130,2342,1907.0,1922.0,2,2,False
신분당선,1916.0,131,2350,1907.0,1922.0,2,2,False
신분당선,1917.0,111,2106,1907.0,1922.0,2,2,False
신분당선,1917.0,112,2114,1907.0,1922.0,2,2,False
신분당선,1917.0,113,2122,1907.0,1922.0,2,2,False
신분당선,1917.0,114,2130,1907.0,1922.0,2,2,False
신분당선,1917.0,115,2138,1907.0,1922.0,2,2,False
신분당선,1917.0,116,2146,1907.0,1922.0,2,2,False
신분당선,1917.0,117,2154,1907.0,1922.0,2,2,False
신분당선,1917.0,118,2202,1907.0,1922.0,2,2,False
신분당선,1917.0,119,2210,1907.0,1922.0,2,2,False
신분당선,1917.0,120,2218,1907.0,1922.0,2,2,False
신분당선,1917.0,121,2226,1907.0,1922.0,2,2,False
신분당선,1917.0,122,2234,1907.0,1922.0,2,2,False
신분당선,1917.0,123,2242,1907.0,1922.0,2,2,False
신분당선,1917.0,124,2250,1907.0,1922.0,2,2,False
신분당선,1917.0,125,2258,1907.0,1922.0,2,2,False
신분당선,1917.0,126,2306,1907.0,1922.0,2,2,False
신분당선,1917.0,127,2314,1907.0,1922.0,2,2,False
신분당선,1917.0,128,2322,1907.0,1922.0,2,2,False
신분당선,1917.0,129,2337,1907.0,1922.0,2,2,False
신분당선,1917.0,130,2345,1907.0,1922.0,2,2,False
신분당선,1917.0,131,2353,1907.0,1922.0,2,2,False
신분당선,1918.0,110,2100,1907.0,1922.0,2,2,False
신분당선,1918.0,111,2108,1907.0,1922.0,2,2,False
신분당선,1918.0,112,2116,1907.0,1922.0,2,2,False
신분당선,1918.0,113,2124,1907.0,1922.0,2,2,False
신분당선,1918.0,114,2132,1907.0,1922.0,2,2,False
신분당선,1918.0,115,2140,1907.0,1922.0,2,2,False
신분당선,1918.0,116,2148,1907.0,1922.0,2,2,False
신분당선,1918.0,117,2156,1907.0,1922.0,2,2,False
신분당선,1918.0,118,2204,1907.0,1922.0,2,2,False
신분당선,1918.0,119,2212,1907.0,1922.0,2,2,False
신분당선,1918.0,120,2220,1907.0,1922.0,2,2,False
신분당선,1918.0,121,2228,1907.0,1922.0,2,2,False
신분당선,1918.0,122,2236,1907.0,1922.0,2,2,False
신분당선,1918.0,123,2244,1907.0,1922.0,2,2,False
신분당선,1918.0,124,2252,1907.0,1922.0,2,2,False
신분당선,1918.0,125,2300,1907.0,1922.0,2,2,False
신분당선,1918.0,126,2308,1907.0,1922.0,2,2,False
신분당선,1918.0,127,2316,1907.0,1922.0,2,2,False
신분당선,1918.0,128,2324,1907.0,1922.0,2,2,False
신분당선,1918.0,129,2339,1907.0,1922.0,2,2,False
신분당선,1918.0,130,2347,1907.0,1922.0,2,2,False
신분당선,1918.0,131,2355,1907.0,1922.0,2,2,False
신분당선,1919.0,110,2103,1907.0,1922.0,2,2,False
신분당선,1919.0,111,2111,1907.0,1922.0,2,2,False
신분당선,1919.0,112,2119,1907.0,1922.0,2,2,False
신분당선,1919.0,113,2127,1907.0,1922.0,2,2,False
신분당선,1919.0,114,2135,1907.0,1922.0,2,2,False
신분당선,1919.0,115,2143,1907.0,1922.0,2,2,False
신분당선,1919.0,116,2151,1907.0,1922.0,2,2,False
신분당선,1919.0,117,2159,1907.0,1922.0,2,2,False
신분당선,1919.0,118,2207,1907.0,1922.0,2,2,False
신분당선,1919.0,119,2215,1907.0,1922.0,2,2,False
신분당선,1919.0,120,2223,1907.0,1922.0,2,2,False
신분당선,1919.0,121,2231,1907.0,1922.0,2,2,False
신분당선,1919.0,122,2239,1907.0,1922.0,2,2,False
신분당선,1919.0,123,2247,1907.0,1922.0,2,2,False
신분당선,1919.0,124,2255,1907.0,1922.0,2,2,False
신분당선,1919.0,125,2303,1907.0,1922.0,2,2,False
신분당선,1919.0,126,2311,1907.0,1922.0,2,2,False
신분당선,1919.0,127,2319,1907.0,1922.0,2,2,False
신분당선,1919.0,128,2327,1907.0,1922.0,2,2,False
신분당선,1919.0,129,2342,1907.0,1922.0,2,2,False
신분당선,1919.0,130,2350,1907.0,1922.0,2,2,False
신분당선,1919.0,131,2358,1907.0,1922.0,2,2,False
신분당선,1920.0,110,2106,1907.0,1922.0,2,2,False
신분당선,1920.0,111,2114,1907.0,1922.0,2,2,False
신분당선,1920.0,112,2122,1907.0,1922.0,2,2,False
신분당선,1920.0,113,2130,1907.0,1922.0,2,2,False
신분당선,1920.0,114,2138,1907.0,1922.0,2,2,False
신분당선,1920.0,115,2146,1907.0,1922.0,2,2,False
신분당선,1920.0,116,2154,1907.0,1922.0,2,2,False
신분당선,1920.0,117,2202,1907.0,1922.0,2,2,False
신분당선,1920.0,118,2210,1907.0,1922.0,2,2,False
신분당선,1920.0,119,2218,1907.0,1922.0,2,2,False
신분당선,1920.0,120,2226,1907.0,1922.0,2,2,False
신분당선,1920.0,121,2234,1907.0,1922.0,2,2,False
신분당선,1920.0,122,2242,1907.0,1922.0,2,2,False
신분당선,1920.0,123,2250,1907.0,1922.0,2,2,False
신분당선,1920.0,124,2258,1907.0,1922.0,2,2,False
신분당선,1920.0,125,2306,1907.0,1922.0,2,2,False
신분당선,1920.0,126,2314,1907.0,1922.0,2,2,False
신분당선,1920.0,127,2322,1907.0,1922.0,2,2,False
신분당선,1920.0,128,2330,1907.0,1922.0,2,2,False
신분당선,1920.0,129,2345,1907.0,1922.0,2,2,False
신분당선,1920.0,130,2353,1907.0,1922.0,2,2,False
신분당선,1920.0,131,2401,1907.0,1922.0,2,2,False
신분당선,1921.0,109,2101,1907.0,1922.0,2,2,False
신분당선,1921.0,110,2109,1907.0,1922.0,2,2,False
신분당선,1921.0,111,2117,1907.0,1922.0,2,2,False
신분당선,1921.0,112,2125,1907.0,1922.0,2,2,False
신분당선,1921.0,113,2133,1907.0,1922.0,2,2,False
신분당선,1921.0,114,2141,1907.0,1922.0,2,2,False
신분당선,1921.0,115,2149,1907.0,1922.0,2,2,False
신분당선,1921.0,116,2157,1907.0,1922.0,2,2,False
신분당선,1921.0,117,2205,1907.0,1922.0,2,2,False
신분당선,1921.0,118,2213,1907.0,1922.0,2,2,False
신분당선,1921.0,119,2221,1907.0,1922.0,2,2,False
신분당선,1921.0,120,2229,1907.0,1922.0,2,2,False
신분당선,1921.0,121,2237,1907.0,1922.0,2,2,False
신분당선,1921.0,122,2245,1907.0,1922.0,2,2,False
신분당선,1921.0,123,2253,1907.0,1922.0,2,2,False
신분당선,1921.0,124,2301,1907.0,1922.0,2,2,False
신분당선,1921.0,125,2309,1907.0,1922.0,2,2,False
신분당선,1921.0,126,2317,1907.0,1922.0,2,2,False
신분당선,1921.0,127,2325,1907.0,1922.0,2,2,False
신분당선,1921.0,128,2333,1907.0,1922.0,2,2,False
신분당선,1921.0,129,2348,1907.0,1922.0,2,2,False
신분당선,1921.0,130,2356,1907.0,1922.0,2,2,False
신분당선,1921.0,131,2404,1907.0,1922.0,2,2,False
신분당선,1922.0,109,2104,1907.0,1922.0,2,2,False
신분당선,1922.0,110,2112,1907.0,1922.0,2,2,False
신분당선,1922.0,111,2120,1907.0,1922.0,2,2,False
신분당선,1922.0,112,2128,1907.0,1922.0,2,2,False
신분당선,1922.0,113,2136,1907.0,1922.0,2,2,False
신분당선,1922.0,114,2144,1907.0,1922.0,2,2,False
신분당선,1922.0,115,2152,1907.0,1922.0,2,2,False
신분당선,1922.0,116,2200,1907.0,1922.0,2,2,False
신분당선,1922.0,117,2208,1907.0,1922.0,2,2,False
신분당선,1922.0,118,2216,1907.0,1922.0,2,2,False
신분당선,1922.0,119,2224,1907.0,1922.0,2,2,False
신분당선,1922.0,120,2232,1907.0,1922.0,2,2,False
신분당선,1922.0,121,2240,1907.0,1922.0,2,2,False
신분당선,1922.0,122,2248,1907.0,1922.0,2,2,False
신분당선,1922.0,123,2256,1907.0,1922.0,2,2,False
신분당선,1922.0,124,2304,1907.0,1922.0,2,2,False
신분당선,1922.0,125,2312,1907.0,1922.0,2,2,False
신분당선,1922.0,126,2320,1907.0,1922.0,2,2,False
신분당선,1922.0,127,2328,1907.0,1922.0,2,2,False
신분당선,1922.0,128,2336,1907.0,1922.0,2,2,False
신분당선,1922.0,129,2351,1907.0,1922.0,2,2,False
신분당선,1922.0,130,2359,1907.0,1922.0,2,2,False
신분당선,1922.0,131,2407,1907.0,1922.0,2,2,False
