,오빈,가좌,금릉,운천,디엠시,신원,팔당,공덕,아신,옥수,1양정,도심,청량리,용문,서빙고,용산,월롱,지평,강매,덕소,능곡,도농,상봉,응봉,회기,임진강,신촌,왕십리,원덕,운정,홍대입,야당,양평,이촌,서울,대곡,백마,한남,일산,화전,금촌,효창공,1양원,서강대,구리,운길산,문산,행신,수색,풍산,망우,탄현,파주,양수,중랑,곡산,국수,열차번호,출발역사명,도착역사명,출발시간,도착시간,요일,방향,급행선
0,,06:24,07:03,,06:26,,,06:16,,05:58,05:03,,05:50,,06:04,06:10,07:09,,06:35,05:00,06:39,05:07,05:19,05:56,05:24,,,05:53,,06:59,06:21,06:57,,06:06,,06:42,06:47,06:01,06:52,06:32,07:05,06:14,05:14,06:19,05:10,,07:16,06:37,06:28,06:50,05:17,06:55,07:12,,05:21,06:45,,K5004,덕소,문산,05:50,07:16,1.0,1.0,False
1,05:18,06:52,07:31,,06:54,05:29,05:42,06:44,05:22,06:26,05:52,05:46,06:17,05:05,06:32,06:38,07:37,,07:03,05:49,07:07,05:56,06:08,06:24,06:13,,,06:21,05:09,07:27,06:49,07:25,05:15,06:34,,07:10,07:15,06:29,07:20,07:00,07:33,06:42,06:03,06:47,05:59,05:36,07:44,07:05,06:56,07:18,06:06,07:23,07:40,05:34,06:10,07:13,05:26,K5008,팔당,문산,05:20,07:44,1.0,1.0,False
2,05:38,07:12,07:51,,07:14,05:49,06:02,07:04,05:42,06:46,06:12,06:06,06:37,05:25,06:52,06:58,07:57,,07:23,06:09,07:27,06:16,06:28,06:44,06:33,,,06:41,05:29,07:47,07:09,07:45,05:35,06:54,,07:30,07:35,06:49,07:40,07:20,07:53,07:02,06:23,07:07,06:19,05:56,08:04,07:25,07:16,07:38,06:26,07:43,08:00,05:54,06:30,07:33,05:46,K5010,용문,문산,05:25,08:04,1.0,1.0,False
3,05:52,07:26,08:05,,07:28,06:03,06:16,07:18,05:56,07:00,06:26,06:20,06:51,05:39,07:06,07:12,08:11,,07:37,06:23,07:41,06:30,06:42,06:58,06:47,,,06:55,05:43,08:01,07:23,07:59,05:49,07:08,,07:44,07:49,07:03,07:54,07:34,08:07,07:16,06:37,07:21,06:33,06:10,08:18,07:39,07:30,07:52,06:40,07:57,08:14,06:08,06:44,07:47,06:00,K5012,용문,일산,05:39,07:27,1.0,1.0,False
4,06:13,07:51,08:30,,07:53,06:24,06:37,07:43,06:17,07:25,06:47,06:41,07:16,06:00,07:31,07:37,08:36,,08:02,06:44,08:06,06:55,07:07,07:23,07:12,,,07:20,06:04,08:26,07:48,08:24,06:10,07:33,,08:09,08:14,07:28,08:19,07:59,08:32,07:41,07:02,07:46,06:58,06:31,08:43,08:04,07:55,08:17,07:05,08:22,08:39,06:29,07:09,08:12,06:21,K5014,용문,문산,06:00,08:43,1.0,1.0,False
5,06:27,08:04,08:43,,08:07,06:38,06:54,07:57,06:31,07:39,07:05,06:59,07:29,06:14,07:44,07:51,08:50,,08:15,07:01,08:20,07:09,07:21,07:36,07:26,,,07:34,06:18,08:40,08:02,08:38,06:24,07:47,,08:23,08:28,07:41,08:33,08:12,08:46,07:54,07:16,08:00,07:12,06:49,08:57,08:17,08:09,08:30,07:19,08:35,08:53,06:46,07:23,08:25,06:35,K5016,용문,문산,06:14,08:57,1.0,1.0,False
6,06:47,08:21,09:00,,08:23,06:58,07:11,08:13,06:51,07:55,07:21,07:15,07:46,06:34,08:01,08:07,09:06,,08:32,07:18,08:36,07:25,07:37,07:53,07:42,,,07:50,06:38,08:56,08:18,08:54,06:44,08:03,,08:39,08:44,07:58,08:49,08:29,09:02,08:11,07:32,08:16,07:28,07:05,09:13,08:34,08:25,08:47,07:35,08:52,09:09,07:03,07:39,08:42,06:55,K5018,용문,문산,06:34,09:13,1.0,1.0,False
7,06:13,08:34,09:13,,08:37,06:24,06:37,08:27,06:17,08:09,07:35,06:41,07:59,06:00,08:14,08:21,09:20,,08:45,07:32,08:50,07:39,07:51,08:06,07:56,,,08:04,06:04,09:10,08:32,09:08,06:10,08:17,,08:53,08:58,08:11,09:03,08:42,09:16,08:24,07:46,08:30,07:42,06:31,09:27,08:47,08:39,09:00,07:49,09:05,09:23,06:29,07:53,08:55,06:21,K5020,용문,문산,06:00,09:27,1.0,1.0,False
8,06:20,08:01,08:36,,08:03,06:31,06:44,07:54,06:24,07:37,06:59,06:53,07:28,06:07,07:43,07:49,,,,06:55,,07:03,07:19,07:35,07:24,,,07:32,06:11,08:33,07:58,08:31,06:17,07:45,,08:16,08:21,07:40,08:26,,08:39,,07:10,,07:06,06:38,08:49,08:12,,,07:13,08:29,,06:36,07:21,,06:28,K5702,용문,문산,06:07,08:49,1.0,1.0,True
9,07:15,08:57,09:36,,08:59,07:26,07:39,08:49,07:19,08:31,07:49,07:43,08:22,07:02,08:37,08:43,09:42,,09:08,07:46,09:12,07:57,08:13,08:29,08:18,,,08:26,07:06,09:32,08:54,09:30,07:12,08:39,,09:15,09:20,08:34,09:25,09:05,09:38,08:47,08:08,08:52,08:00,07:33,09:49,09:10,09:01,09:23,08:11,09:28,09:45,07:31,08:15,09:18,07:23,K5022,용문,문산,07:02,09:49,1.0,1.0,False
10,06:42,08:17,08:54,,08:19,06:53,07:08,08:10,06:45,07:53,07:19,07:13,07:43,06:25,07:58,08:05,,,,07:15,,07:23,07:35,07:50,07:40,,,07:48,06:29,08:51,08:14,08:49,06:39,08:01,,08:33,08:38,07:55,08:43,,08:57,,07:30,,07:26,07:03,09:07,08:28,,,07:33,08:46,,06:57,07:37,,06:49,K5704,용문,문산,06:25,09:07,1.0,1.0,True
11,06:48,09:09,09:48,,09:12,07:02,08:00,09:02,06:52,08:44,08:10,08:04,08:34,06:35,08:49,08:56,09:55,,09:20,08:06,09:25,08:14,08:26,08:41,08:31,,,08:39,06:39,09:45,09:07,09:43,06:45,08:52,,09:28,09:33,08:46,09:38,09:17,09:51,08:59,08:21,09:05,08:17,07:09,10:02,09:22,09:14,09:35,08:24,09:40,09:58,07:07,08:28,09:30,06:59,K5024,용문,문산,08:00,10:02,1.0,1.0,False
12,07:42,09:25,10:04,,09:27,07:57,08:09,09:17,07:46,08:59,08:20,08:14,08:50,07:25,09:05,09:11,10:10,,09:36,08:16,09:40,08:25,08:41,08:57,08:46,,,08:54,07:29,10:00,09:22,09:58,07:39,09:07,,09:43,09:48,09:02,09:53,09:33,10:06,09:15,08:36,09:20,08:32,08:04,10:17,09:38,09:29,09:51,08:39,09:56,10:13,08:01,08:43,09:46,07:53,K5026,용문,문산,07:25,10:17,1.0,1.0,False
13,07:12,09:36,10:16,,09:39,07:23,07:36,09:27,07:16,09:09,08:35,07:40,08:59,06:59,09:14,09:21,10:22,,09:48,08:32,09:52,08:39,08:51,09:06,08:56,,,09:04,07:03,10:12,09:33,10:10,07:09,09:17,,09:55,10:00,09:11,10:05,09:45,10:18,09:24,08:46,09:31,08:42,07:30,10:29,09:50,09:41,10:03,08:49,10:08,10:25,07:28,08:53,09:58,07:20,K5028,용문,일산,06:59,09:26,1.0,1.0,False
14,08:12,09:52,10:31,,09:54,08:23,08:36,09:44,08:16,09:26,08:46,08:40,09:17,07:54,09:32,09:38,10:37,07:50,10:03,08:43,10:07,08:50,09:08,09:24,09:13,,,09:21,07:59,10:27,09:49,10:25,08:09,09:34,,10:10,10:15,09:29,10:20,10:00,10:33,09:42,08:57,09:47,08:53,08:30,10:44,10:05,09:56,10:18,09:00,10:23,10:40,08:28,09:10,10:13,08:20,K5030,팔당,문산,07:50,10:44,1.0,1.0,False
15,07:31,10:04,10:43,,10:07,07:46,08:02,09:57,07:35,09:39,09:01,08:06,09:29,07:18,09:44,09:51,10:50,,10:15,08:58,10:20,09:05,09:21,09:36,09:26,,,09:34,07:22,10:40,10:02,10:38,07:28,09:47,,10:23,10:28,09:41,10:33,10:12,10:46,09:54,09:16,10:00,09:12,07:56,10:57,10:17,10:09,10:30,09:19,10:35,10:53,07:50,09:23,10:25,07:39,K5032,용문,문산,07:18,10:57,1.0,1.0,False
16,08:35,10:16,10:55,,10:19,08:50,09:06,10:09,08:39,09:51,09:17,09:11,09:41,08:22,09:56,10:03,11:02,,10:27,09:13,10:32,09:21,09:33,09:48,09:38,,,09:46,08:26,10:52,10:14,10:50,08:32,09:59,,10:35,10:40,09:53,10:45,10:24,10:58,10:06,09:28,10:12,09:24,08:57,11:09,10:29,10:21,10:42,09:31,10:47,11:05,08:55,09:35,10:37,08:43,K5034,용문,문산,08:22,11:09,1.0,1.0,False
17,07:57,10:32,11:11,,10:35,08:08,08:24,10:25,08:01,10:07,09:33,08:29,09:57,07:44,10:12,10:19,11:18,,10:43,09:30,10:48,09:37,09:49,10:04,09:54,,,10:02,07:48,11:08,10:30,11:06,07:54,10:15,,10:51,10:56,10:09,11:01,10:40,11:14,10:22,09:44,10:28,09:40,08:19,11:25,10:45,10:37,10:58,09:47,11:03,11:21,08:13,09:51,10:53,08:05,K5036,용문,문산,07:44,11:25,1.0,1.0,False
18,09:08,10:46,11:25,,10:49,09:19,09:32,10:39,09:12,10:16,09:42,09:36,10:07,08:55,10:22,10:33,11:32,,10:57,09:39,11:02,09:46,09:58,10:14,10:03,,,10:11,08:59,11:22,10:44,11:20,09:05,10:29,,11:05,11:10,10:19,11:15,10:54,11:28,10:36,09:53,10:42,09:49,09:26,11:39,10:59,10:51,11:12,09:56,11:17,11:35,09:24,10:00,11:07,09:16,K5038,팔당,문산,08:34,11:39,1.0,1.0,False
19,,11:01,11:40,,11:03,,,10:53,,10:35,09:56,,10:24,,10:41,10:47,11:46,,11:12,09:53,11:16,10:03,10:15,10:33,10:20,,,10:30,,11:36,10:58,11:34,,10:43,,11:19,11:24,10:38,11:29,11:09,11:42,10:51,10:10,10:56,10:06,,11:53,11:14,11:05,11:27,10:13,11:32,11:49,,10:17,11:22,,K5040,덕소,문산,09:53,11:53,1.0,1.0,False
20,09:33,11:17,11:56,,11:20,09:44,10:00,11:10,09:37,10:52,10:11,10:05,10:42,09:20,10:57,11:04,12:03,08:10,11:28,10:07,11:33,10:15,10:34,10:49,10:39,,,10:47,09:24,11:53,11:15,11:51,09:30,11:00,,11:36,11:41,10:54,11:46,11:25,11:59,11:07,10:25,11:13,10:21,09:55,12:10,11:30,11:22,11:43,10:28,11:48,12:06,09:49,10:36,11:38,09:41,K5042,지평,문산,08:10,12:10,1.0,1.0,False
21,,11:34,12:13,,11:37,,09:05,11:27,,11:09,10:35,09:09,10:59,,11:14,11:21,12:20,,11:45,10:32,11:50,10:39,10:51,11:06,10:56,,,11:04,,12:10,11:32,12:08,,11:17,,11:53,11:58,11:11,12:03,11:42,12:16,11:24,10:46,11:30,10:42,,12:27,11:47,11:39,12:00,10:49,12:05,12:23,,10:53,11:55,,K5044,팔당,문산,09:05,12:27,1.0,1.0,False
22,10:14,11:47,12:26,,11:50,10:25,10:37,11:40,10:17,11:22,10:48,10:42,11:12,09:57,11:27,11:34,12:33,,11:58,10:44,12:03,10:52,11:04,11:19,11:09,,,11:17,10:01,12:23,11:45,12:21,10:07,11:30,,12:06,12:11,11:24,12:16,11:55,12:29,11:37,10:59,11:43,10:55,10:32,12:40,12:00,11:52,12:13,11:02,12:18,12:36,10:29,11:06,12:08,10:21,K5046,용문,문산,09:57,12:40,1.0,1.0,False
23,,12:05,12:44,,12:08,,09:32,11:58,,11:40,11:06,09:36,11:30,,11:45,11:52,12:51,,12:16,11:03,12:21,11:10,11:22,11:37,11:27,,,11:35,,12:41,12:03,12:39,,11:48,,12:24,12:29,11:42,12:34,12:13,12:47,11:55,11:17,12:01,11:13,,12:58,12:18,12:10,12:31,11:20,12:36,12:54,,11:24,12:26,,K5048,팔당,문산,09:32,12:58,1.0,1.0,False
24,10:41,12:17,12:56,,12:20,10:52,11:05,12:10,10:45,11:52,11:15,11:09,11:43,10:28,11:57,12:04,13:03,,12:28,11:12,12:33,11:19,11:34,11:49,11:39,,,11:47,10:32,12:53,12:15,12:51,10:38,12:00,,12:36,12:41,11:54,12:46,12:25,12:59,12:07,11:29,12:13,11:22,10:59,13:10,12:30,12:22,12:43,11:32,12:48,13:06,10:57,11:36,12:38,10:49,K5050,용문,용산,10:28,10:51,1.0,1.0,False
25,,12:32,13:11,,12:35,,,12:25,,12:07,11:29,,11:57,,12:12,12:19,13:18,,12:43,11:26,12:48,11:33,11:45,12:04,11:54,,,12:02,,13:08,12:30,13:06,,12:15,,12:51,12:56,12:09,13:01,12:40,13:14,12:22,11:40,12:28,11:36,,13:25,12:45,12:37,12:58,11:43,13:03,13:21,,11:47,12:53,,K5052,덕소,문산,11:26,13:25,1.0,1.0,False
26,11:01,12:52,13:31,,12:54,11:16,11:28,12:44,11:05,12:21,11:39,11:33,12:12,10:47,12:27,12:38,13:37,10:43,13:03,11:35,13:07,11:43,11:58,12:19,12:08,,,12:16,10:52,13:27,12:49,13:25,10:58,12:34,,13:10,13:15,12:24,13:20,13:00,13:33,12:42,11:53,12:47,11:49,11:23,13:44,13:05,12:56,13:18,11:56,13:23,13:40,11:20,12:00,13:13,11:09,K5054,용문,문산,10:43,13:44,1.0,1.0,False
27,,13:05,13:44,,13:07,,,12:57,,12:39,12:02,,12:30,,12:45,12:51,13:50,,13:16,11:59,13:20,12:06,12:21,12:37,12:26,,,12:34,,13:40,13:02,13:38,,12:47,,13:23,13:28,12:42,13:33,13:13,13:46,12:55,12:16,13:00,12:12,,13:57,13:18,13:09,13:31,12:19,13:36,13:53,,12:23,13:26,,K5056,덕소,문산,11:59,13:57,1.0,1.0,False
28,11:36,13:19,13:58,,13:22,11:50,12:06,13:12,11:40,12:54,12:16,12:10,12:44,11:23,12:59,13:06,14:05,,13:30,12:13,13:35,12:20,12:36,12:51,12:41,,,12:49,11:27,13:55,13:17,13:53,11:33,13:02,,13:38,13:43,12:56,13:48,13:27,14:01,13:09,12:31,13:15,12:27,11:57,14:12,13:32,13:24,13:45,12:34,13:50,14:08,11:55,12:38,13:40,11:47,K5058,용문,문산,11:23,14:12,1.0,1.0,False
29,,13:35,14:14,,13:38,,,13:28,,13:06,12:33,,12:57,,13:12,13:22,14:21,,13:46,12:30,13:51,12:37,12:49,13:04,12:54,,,13:01,,14:11,13:33,14:09,,13:18,,13:54,13:59,13:09,14:04,13:43,14:17,13:25,12:44,13:31,12:40,,14:28,13:48,13:40,14:01,12:47,14:06,14:24,,12:51,13:56,,K5060,덕소,문산,12:30,14:28,1.0,1.0,False
30,12:12,13:48,14:27,,13:51,12:23,12:35,13:41,12:15,13:23,12:46,12:40,13:13,11:55,13:28,13:35,14:34,10:37,13:59,12:42,14:04,12:50,13:05,13:20,13:10,,,13:18,11:59,14:24,13:46,14:22,12:09,13:31,,14:07,14:12,13:25,14:17,13:56,14:30,13:38,13:00,13:44,12:53,12:30,14:41,14:01,13:53,14:14,13:03,14:19,14:37,12:27,13:07,14:09,12:19,K5062,지평,문산,10:37,14:41,1.0,1.0,False
31,,14:11,14:50,,14:13,,12:58,14:03,,13:45,13:08,13:02,13:36,,13:51,13:57,14:56,,14:22,13:04,14:26,13:12,13:24,13:43,13:32,,,13:40,,14:46,14:08,14:44,,13:53,,14:29,14:34,13:48,14:39,14:19,14:52,14:01,13:19,14:06,13:15,,15:03,14:24,14:15,14:37,13:22,14:42,14:59,,13:26,14:32,,K5064,덕소,문산,12:58,15:03,1.0,1.0,False
32,12:42,14:23,15:02,,14:26,12:53,13:05,14:16,12:45,13:58,13:16,13:10,13:48,12:23,14:03,14:10,15:09,,14:34,13:12,14:39,13:20,13:40,13:55,13:45,,,13:53,12:27,14:59,14:21,14:57,12:33,14:06,,14:42,14:47,14:00,14:52,14:31,15:05,14:13,13:31,14:19,13:27,13:00,15:16,14:36,14:28,14:49,13:34,14:54,15:12,12:57,13:42,14:44,12:49,K5066,용문,문산,12:23,15:16,1.0,1.0,False
33,,14:38,15:17,,14:41,,,14:31,,14:09,13:35,,13:59,,14:14,14:25,15:24,,14:49,13:32,14:54,13:39,13:51,14:06,13:56,,,14:04,,15:14,14:36,15:12,,14:21,,14:57,15:02,14:11,15:07,14:46,15:20,14:28,13:46,14:34,13:42,,15:31,14:51,14:43,15:04,13:49,15:09,15:27,,13:53,14:59,,K5068,덕소,일산,13:32,13:45,1.0,1.0,False
34,13:03,14:51,15:30,,14:54,13:18,13:35,14:44,13:07,14:26,13:46,13:40,14:16,12:50,14:31,14:38,15:37,,15:02,13:42,15:07,13:50,14:07,14:23,14:13,,,14:21,12:54,15:27,14:49,15:25,13:00,14:34,,15:10,15:15,14:28,15:20,14:59,15:33,14:41,14:01,14:47,13:53,13:30,15:44,15:04,14:56,15:17,14:05,15:22,15:40,13:27,14:10,15:12,13:15,K5070,용문,문산,12:50,15:44,1.0,1.0,False
35,,15:03,15:42,,15:06,,,14:56,,14:38,14:04,,14:28,,14:43,14:50,15:49,,15:14,14:01,15:19,14:08,14:20,14:35,14:25,,,14:33,,15:39,15:01,15:37,,14:46,,15:22,15:27,14:40,15:32,15:11,15:45,14:53,14:15,14:59,14:11,,15:56,15:16,15:08,15:29,14:18,15:34,15:52,,14:22,15:24,,K5072,덕소,일산,14:01,14:19,1.0,1.0,False
36,13:44,15:21,16:00,,15:24,13:55,14:07,15:14,13:47,14:56,14:18,14:12,14:46,13:26,15:01,15:08,16:07,,15:32,14:14,15:37,14:22,14:34,14:53,14:43,,,14:51,13:30,15:57,15:19,15:55,13:36,15:04,,15:40,15:45,14:58,15:50,15:29,16:03,15:11,14:29,15:17,14:25,14:02,16:14,15:34,15:26,15:47,14:32,15:52,16:10,13:59,14:36,15:42,13:51,K5074,용문,문산,13:26,16:14,1.0,1.0,False
37,,15:32,16:11,,15:35,,,15:25,,15:07,14:29,,14:57,,15:12,15:19,16:18,,15:43,14:26,15:48,14:37,14:49,15:04,14:54,,,15:02,,16:08,15:30,16:06,,15:15,,15:51,15:56,15:09,16:01,15:40,16:14,15:22,14:44,15:28,14:40,,16:25,15:45,15:37,15:58,14:47,16:03,16:21,,14:51,15:53,,K5076,덕소,문산,14:26,16:25,1.0,1.0,False
38,14:08,15:46,16:25,,15:48,14:19,14:36,15:38,14:12,15:20,14:46,14:40,15:11,13:55,15:26,15:32,16:31,,15:57,14:43,16:01,14:50,15:02,15:18,15:07,,,15:15,13:59,16:21,15:43,16:19,14:05,15:28,,16:04,16:09,15:23,16:14,15:54,16:27,15:36,14:57,15:41,14:53,14:30,16:38,15:59,15:50,16:12,15:00,16:17,16:34,14:28,15:04,16:07,14:16,K5078,용문,문산,13:55,16:38,1.0,1.0,False
39,,16:03,16:42,,16:05,,,15:55,,15:37,15:00,,15:28,,15:43,15:49,16:48,,16:14,14:57,16:18,15:04,15:16,15:35,15:24,,,15:32,,16:38,16:00,16:36,,15:45,,16:21,16:26,15:40,16:31,16:11,16:44,15:53,15:11,15:58,15:07,,16:55,16:16,16:07,16:29,15:14,16:34,16:51,,15:18,16:24,,K5080,덕소,문산,14:57,16:55,1.0,1.0,False
40,14:36,16:17,16:56,,16:20,14:47,15:00,16:10,14:40,15:52,15:14,15:04,15:42,14:22,15:57,16:04,17:03,14:18,16:28,15:07,16:33,15:18,15:34,15:49,15:39,,,15:47,14:27,16:53,16:15,16:51,14:33,16:00,,16:36,16:41,15:54,16:46,16:25,16:59,16:07,15:25,16:13,15:21,14:54,17:10,16:30,16:22,16:43,15:28,16:48,17:06,14:52,15:36,16:38,14:44,K5082,용문,문산,14:18,17:10,1.0,1.0,False
41,,16:34,17:13,,16:37,,,16:27,,16:09,15:35,,15:59,,16:14,16:21,17:20,,16:45,15:32,16:50,15:39,15:51,16:06,15:56,,,16:04,,17:10,16:32,17:08,,16:17,,16:53,16:58,16:11,17:03,16:42,17:16,16:24,15:46,16:30,15:42,,17:27,16:47,16:39,17:00,15:49,17:05,17:23,,15:53,16:55,,K5084,덕소,문산,15:32,17:27,1.0,1.0,False
42,15:16,16:54,17:33,,16:57,15:27,15:39,16:47,15:19,16:29,15:50,15:44,16:19,14:58,16:34,16:41,17:40,,17:05,15:46,17:10,15:54,16:06,16:26,16:16,,,16:24,15:02,17:30,16:52,17:28,15:08,16:37,,17:13,17:18,16:31,17:23,17:02,17:36,16:44,16:01,16:50,15:57,15:34,17:47,17:07,16:59,17:20,16:04,17:25,17:43,15:31,16:08,17:15,15:23,K5086,용문,문산,14:58,17:47,1.0,1.0,False
43,,17:08,17:47,,17:10,,,17:00,,16:42,16:02,,16:30,,16:48,16:54,17:53,,17:19,15:59,17:23,16:09,16:21,16:40,16:26,,,16:37,,17:43,17:05,17:41,,16:50,,17:26,17:31,16:45,17:36,17:16,17:49,16:58,16:16,17:03,16:12,,18:00,17:21,17:12,17:34,16:19,17:39,17:56,,16:23,17:29,,K5088,덕소,문산,15:59,18:00,1.0,1.0,False
44,15:41,17:22,18:01,,17:25,15:52,16:08,17:15,15:45,16:57,16:19,16:13,16:47,15:28,17:02,17:09,18:08,,17:33,16:15,17:38,16:27,16:39,16:54,16:44,,,16:52,15:32,17:58,17:20,17:56,15:38,17:05,,17:41,17:46,16:59,17:51,17:30,18:04,17:12,16:34,17:18,16:30,16:03,18:15,17:35,17:27,17:48,16:37,17:53,18:11,16:00,16:41,17:43,15:49,K5090,용문,문산,15:28,18:15,1.0,1.0,False
45,,17:38,18:17,,17:41,,,17:31,,17:09,16:35,,16:59,,17:14,17:25,18:24,,17:49,16:32,17:54,16:39,16:51,17:06,16:56,,,17:04,,18:14,17:36,18:12,,17:21,,17:57,18:02,17:11,18:07,17:46,18:20,17:28,16:46,17:34,16:42,,18:31,17:51,17:43,18:04,16:49,18:09,18:27,,16:53,17:59,,K5092,덕소,문산,16:32,18:31,1.0,1.0,False
46,16:17,18:00,18:39,,18:03,16:28,16:41,17:53,16:21,17:35,16:51,16:45,17:26,16:04,17:40,17:47,18:46,14:41,18:11,16:48,18:16,17:00,17:17,17:32,17:22,,,17:30,16:08,18:36,17:58,18:34,16:14,17:43,,18:19,18:24,17:37,18:29,18:08,18:42,17:50,17:07,17:56,17:03,16:35,18:53,18:13,18:05,18:26,17:11,18:31,18:49,16:33,17:19,18:21,16:25,K5094,지평,문산,14:41,18:53,1.0,1.0,False
47,,18:12,18:51,,18:15,,,18:05,,17:47,17:13,,17:37,,17:52,17:59,18:58,,18:23,17:10,18:28,17:17,17:29,17:44,17:34,,,17:42,,18:48,18:10,18:46,,17:55,,18:31,18:36,17:49,18:41,18:20,18:54,18:02,17:24,18:08,17:20,,19:05,18:25,18:17,18:38,17:27,18:43,19:01,,17:31,18:33,,K5096,덕소,문산,17:10,19:05,1.0,1.0,False
48,16:49,18:31,19:10,,18:34,17:05,17:17,18:24,16:53,18:06,17:28,17:22,17:56,16:36,18:11,18:18,19:17,,18:42,17:24,18:47,17:32,17:48,18:03,17:53,,,18:01,16:40,19:07,18:29,19:05,16:46,18:14,,18:50,18:55,18:08,19:00,18:39,19:13,18:21,17:43,18:27,17:39,17:12,19:24,18:44,18:36,18:57,17:46,19:02,19:20,17:09,17:50,18:52,17:01,K5098,용문,문산,16:36,19:24,1.0,1.0,False
49,,18:43,19:22,,18:45,,17:29,18:35,,18:17,17:39,17:33,18:08,,18:23,18:29,19:28,,18:54,17:35,18:58,17:43,17:59,18:15,18:04,,,18:12,,19:18,18:40,19:16,,18:25,,19:01,19:06,18:20,19:11,18:51,19:24,18:33,17:50,18:38,17:46,,19:35,18:56,18:47,19:09,17:53,19:14,19:31,,18:01,19:04,,K5100,덕소,문산,17:29,19:35,1.0,1.0,False
50,17:11,18:56,19:35,,18:59,17:26,17:38,18:49,17:15,18:31,17:49,17:43,18:21,16:58,18:36,18:43,19:42,,19:07,17:45,19:12,17:56,18:08,18:28,18:18,,,18:26,17:02,19:32,18:54,19:30,17:08,18:39,,19:15,19:20,18:33,19:25,19:04,19:38,18:46,18:03,18:52,17:59,17:33,19:49,19:09,19:01,19:22,18:06,19:27,19:45,17:30,18:10,19:17,17:22,K5102,용문,수색,16:58,17:31,1.0,1.0,False
51,,19:13,19:52,,19:15,,,19:05,,18:46,18:08,,18:36,,18:53,18:59,19:58,,19:24,18:05,19:28,18:12,18:27,18:43,18:32,,,18:40,,19:48,19:10,19:46,,18:55,,19:31,19:36,18:49,19:41,19:21,19:54,19:03,18:19,19:08,18:15,,20:05,19:26,19:17,19:39,18:22,19:44,20:01,,18:29,19:34,,K5104,덕소,문산,18:05,20:05,1.0,1.0,False
52,17:40,19:21,20:00,,19:24,17:51,18:08,19:14,17:44,18:56,18:22,18:12,18:46,17:27,19:01,19:08,20:07,,19:32,18:15,19:37,18:26,18:38,18:53,18:43,,,18:51,17:31,19:57,19:19,19:55,17:37,19:04,,19:40,19:45,18:58,19:50,19:29,20:03,19:11,18:33,19:17,18:29,18:02,20:14,19:34,19:26,19:47,18:36,19:52,20:10,18:00,18:40,19:42,17:48,K5106,용문,문산,17:27,20:14,1.0,1.0,False
53,,19:40,20:19,,19:42,,,19:32,,19:10,18:36,,19:00,,19:15,19:26,20:25,,19:51,18:33,19:55,18:40,18:52,19:07,18:57,,,19:05,,20:15,19:37,20:13,,19:22,,19:58,20:03,19:12,20:08,19:48,20:21,19:30,18:47,19:35,18:43,,20:32,19:53,19:44,20:06,18:50,20:11,20:28,,18:54,20:01,,K5108,덕소,용산,18:33,17:47,1.0,1.0,False
54,18:12,19:49,20:28,,19:51,18:23,18:35,19:41,18:15,19:23,18:46,18:40,19:14,17:55,19:29,19:35,20:34,,20:00,18:42,20:04,18:50,19:05,19:21,19:10,,,19:18,17:59,20:24,19:46,20:22,18:09,19:31,,20:07,20:12,19:26,20:17,19:57,20:30,19:39,19:00,19:44,18:53,18:30,20:41,20:02,19:53,20:15,19:03,20:20,20:37,18:27,19:07,20:10,18:19,K5110,용문,문산,17:55,20:41,1.0,1.0,False
55,,20:08,20:47,,20:10,,,20:00,,19:42,19:04,,19:33,,19:48,19:54,20:53,,20:19,19:01,20:23,19:08,19:20,19:40,19:29,,,19:37,,20:43,20:05,20:41,,19:50,,20:26,20:31,19:45,20:36,20:16,20:49,19:58,19:15,20:03,19:11,,21:00,20:21,20:12,20:34,19:18,20:39,20:56,,19:22,20:29,,K5112,덕소,문산,19:01,21:00,1.0,1.0,False
56,18:41,20:18,20:57,,20:21,18:52,19:05,20:11,18:45,19:53,19:15,19:09,19:43,18:23,19:58,20:05,21:04,,20:29,19:12,20:34,19:23,19:35,19:50,19:40,,,19:48,18:27,20:54,20:16,20:52,18:33,20:01,,20:37,20:42,19:55,20:47,20:26,21:00,20:08,19:30,20:14,19:26,18:59,21:11,20:31,20:23,20:44,19:33,20:49,21:07,18:57,19:37,20:39,18:49,K5114,용문,문산,18:23,21:11,1.0,1.0,False
57,,18:38,19:12,,18:40,,17:28,18:32,,18:15,17:38,17:32,18:05,,18:20,18:27,,,,17:34,,17:42,17:54,18:12,18:02,,,18:10,,19:09,18:36,19:07,,18:23,,18:53,18:57,18:17,19:02,,19:14,,17:49,,17:45,,19:23,18:49,,,17:52,19:04,,,17:56,,,K5706,팔당,문산,17:28,19:23,1.0,1.0,True
58,17:06,20:34,21:13,,20:36,17:17,17:34,20:26,17:10,20:03,19:28,17:38,19:52,16:53,20:09,20:20,21:19,,20:45,19:25,20:49,19:32,19:44,20:00,19:49,,,19:57,16:57,21:09,20:31,21:07,17:03,20:16,,20:52,20:57,20:06,21:02,20:42,21:15,20:24,19:39,20:29,19:35,17:28,21:26,20:47,20:38,21:00,19:42,21:05,21:22,17:26,19:46,20:55,17:14,K5116,용문,문산,16:53,21:26,1.0,1.0,False
59,19:08,20:51,21:30,,20:53,19:19,19:32,20:43,19:12,20:25,19:47,19:36,20:16,18:51,20:31,20:37,21:36,,21:02,19:39,21:06,19:51,20:07,20:23,20:12,,,20:20,18:55,21:26,20:48,21:24,19:05,20:33,,21:09,21:14,20:28,21:19,20:59,21:32,20:41,20:02,20:46,19:54,19:26,21:43,21:04,20:55,21:17,20:05,21:22,21:39,19:24,20:09,21:12,19:16,K5118,덕소,문산,18:51,21:43,1.0,1.0,False
60,17:29,21:02,21:41,,21:04,17:45,17:57,20:54,17:33,20:32,19:58,18:06,20:22,17:16,20:37,20:48,21:47,,21:13,19:55,21:17,20:02,20:14,20:29,20:19,,,20:27,17:20,21:37,20:59,21:35,17:26,20:44,,21:20,21:25,20:34,21:30,21:10,21:43,20:52,20:09,20:57,20:05,17:52,21:54,21:15,21:06,21:28,20:12,21:33,21:50,17:49,20:16,21:23,17:41,K5120,용문,문산,17:16,21:54,1.0,1.0,False
61,,19:23,19:59,,19:26,,,19:17,,19:00,18:26,,18:50,,19:05,19:12,,,,18:23,,18:30,18:42,18:57,18:47,,,18:55,,19:56,19:21,19:54,,19:08,,19:39,19:43,19:02,19:48,,20:01,,18:37,,18:33,,20:10,19:34,,,18:40,19:51,,,18:44,,,K5708,덕소,문산,18:23,20:10,1.0,1.0,True
62,19:45,21:23,22:02,,21:26,19:56,20:09,21:16,19:49,20:58,20:24,20:18,20:48,19:32,21:03,21:10,22:09,,21:34,20:20,21:39,20:28,20:40,20:55,20:45,,,20:53,19:36,21:59,21:21,21:57,19:42,21:06,,21:42,21:47,21:00,21:52,21:31,22:05,21:13,20:35,21:19,20:31,20:03,22:16,21:36,21:28,21:49,20:38,21:54,22:12,20:01,20:42,21:44,19:53,K5122,용문,문산,19:32,22:16,1.0,1.0,False
63,,21:43,22:22,,21:46,,,21:36,,21:18,20:38,,21:08,,21:23,21:30,22:29,,21:54,20:35,21:59,20:42,20:57,21:15,21:05,,,21:13,,22:19,21:41,22:17,,21:26,,22:02,22:07,21:20,22:12,21:51,22:25,21:33,20:52,21:39,20:45,,22:36,21:56,21:48,22:09,20:55,22:14,22:32,,20:59,22:04,,K5124,덕소,문산,20:35,22:36,1.0,1.0,False
64,20:10,21:57,22:36,,21:59,20:21,20:34,21:49,20:14,21:27,20:48,20:38,21:17,19:52,21:32,21:43,22:42,19:48,22:08,20:41,22:12,20:52,21:08,21:24,21:13,,,21:21,20:01,22:32,21:54,22:30,20:07,21:39,,22:15,22:20,21:29,22:25,22:05,22:38,21:47,21:03,21:52,20:59,20:28,22:49,22:10,22:01,22:23,21:06,22:28,22:45,20:26,21:10,22:18,20:18,K5126,지평,문산,19:48,22:49,1.0,1.0,False
65,,22:15,22:54,,22:17,,,22:07,,21:49,21:08,,21:40,,21:55,22:01,23:00,,22:26,21:05,22:30,21:15,21:31,21:47,21:36,,,21:44,,22:50,22:12,22:48,,21:57,,22:33,22:38,21:52,22:43,22:23,22:56,22:05,21:22,22:10,21:18,,23:07,22:28,22:19,22:41,21:25,22:46,23:03,,21:33,22:36,,K5128,덕소,용산,21:05,20:00,1.0,1.0,False
66,18:43,22:34,23:13,,22:37,18:54,19:07,22:27,18:47,22:09,21:30,19:11,21:59,18:26,22:14,22:21,23:20,,22:45,21:27,22:50,21:34,21:51,22:06,21:56,,,22:04,18:30,23:10,22:32,23:08,18:40,22:17,,22:53,22:58,22:11,23:03,22:42,23:16,22:24,21:45,22:30,21:37,19:01,23:27,22:47,22:39,23:00,21:48,23:05,23:23,18:59,21:53,22:55,18:51,K5130,용문,문산,18:26,23:27,1.0,1.0,False
67,20:59,22:53,23:32,,22:55,21:10,21:27,22:45,21:03,22:21,21:42,21:35,22:11,20:42,22:27,22:39,23:38,,23:04,21:38,23:08,21:46,21:58,22:18,22:07,,,22:16,20:46,23:28,22:50,23:26,20:52,22:35,,23:11,23:16,22:24,23:21,23:01,23:34,22:43,21:53,22:48,21:49,21:21,23:45,23:06,22:57,23:19,21:56,23:24,23:41,21:19,22:00,23:14,21:07,K5132,팔당,일산,19:23,21:01,1.0,1.0,False
68,21:23,20:43,21:22,,20:46,21:34,21:47,20:36,21:27,22:37,22:02,21:56,22:27,21:06,22:42,22:49,21:29,,20:54,21:59,20:59,22:06,22:19,22:34,22:24,,,22:32,21:10,21:19,20:41,21:17,21:16,22:45,,21:02,21:07,22:39,21:12,20:51,21:25,20:33,22:13,20:39,22:09,21:41,21:36,20:56,20:48,21:09,22:16,21:14,21:32,21:39,22:21,21:04,21:31,K5134,용문,문산,21:06,22:49,1.0,1.0,False
69,,23:10,23:49,,23:13,,,23:03,,22:45,22:11,,22:35,,22:50,22:57,23:56,,23:21,22:08,23:26,22:15,22:27,22:42,22:32,,,22:40,,23:46,23:08,23:44,,22:53,,23:29,23:34,22:47,23:39,23:18,23:52,23:00,22:22,23:06,22:18,,24:03,23:23,23:15,23:36,22:25,23:41,23:59,,22:29,23:31,,K5136,덕소,문산,22:08,24:03,1.0,1.0,False
70,21:52,23:30,24:09,,23:33,22:03,22:16,23:23,21:56,23:05,22:26,22:20,22:55,21:39,23:10,23:17,24:16,,23:41,22:23,23:46,22:35,22:47,23:02,22:52,,,23:00,21:43,24:06,23:28,24:04,21:49,23:13,,23:49,23:54,23:07,23:59,23:38,24:12,23:20,22:42,23:26,22:38,22:10,24:23,23:43,23:35,23:56,22:45,24:01,24:19,22:08,22:49,23:51,22:00,K5138,용문,문산,21:39,24:23,1.0,1.0,False
71,22:16,23:54,22:01,,23:56,22:27,22:39,23:46,22:19,23:28,22:50,22:44,23:19,21:58,23:34,23:40,22:08,,24:05,22:46,24:09,22:54,23:10,23:26,23:15,,,23:23,22:02,21:58,23:51,21:56,22:13,23:36,,21:41,21:46,23:31,21:51,24:02,22:04,23:44,23:05,23:49,23:01,22:34,22:15,24:07,23:58,21:48,23:08,21:53,22:11,22:31,23:12,21:43,22:23,K5140,덕소,문산,21:58,22:15,1.0,1.0,False
72,22:47,21:36,22:15,,21:38,22:58,23:14,21:28,22:51,24:05,23:28,23:18,23:55,22:30,24:10,24:20,22:21,22:26,21:47,23:21,21:51,23:32,23:47,24:02,23:52,,,24:00,22:35,22:11,21:33,22:09,22:44,24:16,,21:54,21:59,24:07,22:04,21:44,22:17,21:26,23:39,21:31,23:35,23:08,22:28,21:49,21:40,22:02,23:42,22:07,22:24,23:03,23:49,21:57,22:55,K5144,용문,문산,22:26,24:20,1.0,1.0,False
73,20:14,21:57,22:36,,22:00,20:25,20:38,21:50,20:18,21:28,20:51,20:45,21:19,20:00,21:34,21:44,22:43,19:56,22:08,20:48,22:13,20:59,21:11,21:26,21:16,,,21:23,20:05,22:33,21:55,22:31,20:11,21:40,,22:16,22:21,21:31,22:26,22:05,22:39,21:47,21:06,21:53,21:02,20:32,22:50,22:10,22:02,22:23,21:09,22:28,22:46,20:30,21:13,22:18,20:22,K5148,지평,문산,19:56,22:50,1.0,1.0,False
74,,22:07,,,22:09,,,21:59,,21:41,21:04,,21:32,,21:47,21:53,,,22:18,21:01,22:22,21:08,21:23,21:39,21:28,,,21:36,,,22:04,,,21:49,,22:25,22:30,21:44,22:35,22:15,,21:57,21:18,22:02,21:11,,,22:20,22:11,22:33,21:21,,,,21:25,22:28,,K5146,덕소,일산,21:01,22:35,1.0,1.0,False
75,20:43,22:24,23:03,,22:26,20:54,21:10,22:16,20:47,21:58,21:21,21:15,21:49,20:27,22:04,22:10,23:09,,22:35,21:17,22:39,21:28,21:40,21:56,21:45,,,21:53,20:31,22:59,22:21,22:57,20:37,22:06,,22:42,22:47,22:01,22:52,22:32,23:05,22:14,21:35,22:19,21:31,21:01,23:16,22:37,22:28,22:50,21:38,22:55,23:12,20:59,21:42,22:45,20:51,K5150,용문,문산,20:27,23:16,1.0,1.0,False
76,20:52,22:40,23:19,,22:42,21:07,21:23,22:32,20:56,22:11,21:33,21:27,22:02,20:39,22:16,22:26,23:25,,22:51,21:30,22:55,21:41,21:53,22:08,21:58,,,22:06,20:43,23:15,22:37,23:13,20:49,22:22,,22:58,23:03,22:13,23:08,22:48,23:21,22:30,21:48,22:35,21:44,21:14,23:32,22:53,22:44,23:06,21:51,23:11,23:28,21:11,21:55,23:01,21:03,K5152,용문,문산,20:39,23:32,1.0,1.0,False
77,,22:58,23:37,,23:01,,,22:51,,22:33,21:59,,22:23,,22:38,22:45,23:44,,23:09,21:56,23:14,22:03,22:15,22:30,22:20,,,22:28,,23:34,22:56,23:32,,22:41,,23:17,23:22,22:35,23:27,23:06,23:40,22:48,22:10,22:54,22:06,,23:51,23:11,23:03,23:24,22:13,23:29,23:47,,22:17,23:19,,K5154,덕소,문산,21:56,23:51,1.0,1.0,False
78,21:32,23:10,23:49,,23:13,21:48,22:00,23:03,21:36,22:45,22:11,22:05,22:35,21:19,22:50,22:57,23:56,,23:21,22:07,23:26,22:15,22:27,22:42,22:32,,,22:40,21:23,23:46,23:08,23:44,21:29,22:53,,23:29,23:34,22:47,23:39,23:18,23:52,23:00,22:22,23:06,22:18,21:55,24:03,23:23,23:15,23:36,22:25,23:41,23:59,21:52,22:29,23:31,21:40,K5156,용문,문산,21:19,24:03,1.0,1.0,False
79,21:52,23:30,24:09,,23:32,22:03,22:16,23:22,21:56,23:04,22:26,22:20,22:55,21:39,23:10,23:16,24:15,,23:41,22:23,23:45,22:34,22:46,23:02,22:51,,,22:59,21:43,24:05,23:27,24:03,21:49,23:12,,23:48,23:53,23:07,23:58,23:38,24:11,23:20,22:41,23:25,22:37,22:10,24:22,23:43,23:34,23:56,22:44,24:01,24:18,22:08,22:48,23:51,22:00,K5158,용문,문산,21:39,24:22,1.0,1.0,False
80,,23:51,,,23:53,,,23:43,,23:25,22:48,,23:16,,23:31,23:37,,,24:02,22:45,24:06,22:52,23:07,23:23,23:12,,,23:20,,,23:48,,,23:33,,,,23:28,,23:59,,23:41,23:02,23:46,22:55,,,24:04,23:55,,23:05,,,,23:09,,,K5160,덕소,능곡,22:45,24:06,1.0,1.0,False
81,22:20,24:01,,,24:04,22:31,22:44,23:54,22:24,23:36,22:58,22:49,23:27,22:06,23:41,23:48,,22:02,24:12,22:51,24:17,23:03,23:15,23:33,23:23,,,23:31,22:11,,23:59,,22:17,23:44,,,,23:38,,24:09,,23:51,23:10,23:57,23:06,22:39,,24:14,24:06,,23:13,,,22:36,23:17,,22:28,K5162,지평,능곡,22:02,24:17,1.0,1.0,False
82,,,,,,,,,,24:01,23:19,,23:47,,24:07,24:13,,,,23:16,,23:23,23:38,23:59,23:43,,,23:56,,,,,,24:09,,,,24:04,,,,,23:33,,23:26,,,,,,23:36,,,,23:40,,,K5164,덕소,용산,23:16,24:13,1.0,1.0,False
83,22:54,,,,,23:09,23:26,,22:58,24:18,23:41,23:31,24:09,22:41,24:24,24:30,,,,23:33,,23:45,24:00,24:16,24:05,,,24:13,22:45,,,,22:51,24:26,,,,24:21,,,,,23:55,,23:48,23:21,,,,,23:58,,,23:14,24:02,,23:06,K5166,용문,용산,22:41,24:30,1.0,1.0,False
84,06:37,,,,,06:26,06:09,,06:33,,05:59,06:05,05:35,06:51,,,,,,06:02,,05:55,05:43,,05:38,,,,06:46,,,,06:40,,,,,,,,,,05:48,,05:52,06:15,,,,,05:45,,,06:21,05:41,,06:29,K5001,청량리,용문,05:35,06:51,1.0,2.0,False
85,07:01,,,,,06:50,06:33,,06:57,05:45,06:23,06:29,05:54,07:15,05:40,05:34,,,,06:26,,06:19,06:07,05:48,05:58,,,05:50,07:10,,,,07:04,05:37,,,,05:43,,,,,06:12,,06:16,06:43,,,,,06:09,,,06:45,06:01,,06:53,K5003,용산,용문,05:34,07:15,1.0,2.0,False
86,07:20,,,,,07:04,06:52,,07:12,06:04,06:41,06:47,06:13,07:34,05:59,05:53,,07:39,,06:45,,06:37,06:22,06:07,06:17,,,06:09,07:29,,,,07:23,05:56,,,,06:02,,,,,06:30,,06:34,06:57,,,,,06:24,,,07:00,06:20,,07:08,K5005,용산,용문,05:53,07:39,1.0,2.0,False
87,07:10,06:04,,,06:01,06:59,06:46,06:11,07:06,06:29,07:06,06:42,06:38,07:24,06:24,06:17,,,05:53,07:10,05:49,07:02,06:47,06:32,06:42,,,06:34,07:19,,06:06,,07:13,06:21,,,,06:27,,05:56,,06:14,06:52,06:08,06:56,06:52,,05:51,05:59,,06:49,,,06:54,06:45,,07:02,K5007,용산,용문,05:47,07:24,1.0,2.0,False
88,07:57,06:19,05:41,,06:17,07:42,07:29,06:27,07:54,06:45,07:19,07:25,06:54,08:11,06:39,06:33,05:34,07:53,06:08,07:22,06:04,07:15,07:03,06:47,06:58,,,06:50,08:06,05:44,06:22,05:46,08:00,06:37,,06:01,05:56,06:42,05:51,06:11,05:38,06:29,07:08,06:24,07:12,07:35,05:28,06:06,06:15,05:54,07:05,05:49,05:31,07:37,07:01,05:59,07:50,K5009,문산,지평,05:28,07:53,1.0,2.0,False
89,07:40,06:33,,,06:30,07:29,07:46,06:40,07:37,06:58,07:32,07:42,07:07,07:54,06:53,06:46,,,06:22,07:39,06:18,07:28,07:16,07:01,07:11,,,07:03,07:49,,06:35,,07:43,06:50,,,,06:56,,06:25,,06:43,07:21,06:37,07:25,07:22,,06:20,06:28,,07:18,,,07:25,07:14,,07:33,K5011,능곡,용문,06:18,07:46,1.0,2.0,False
90,08:37,06:47,06:08,,06:44,08:21,08:05,06:54,08:29,07:17,07:54,08:00,07:26,08:51,07:07,07:00,06:01,,06:36,07:58,06:31,07:50,07:35,07:19,07:30,,,07:22,08:46,06:11,06:49,06:13,08:40,07:04,,06:28,06:23,07:14,06:18,06:39,06:05,06:57,07:43,06:51,07:47,08:14,05:55,06:34,06:42,06:21,07:37,06:16,05:58,08:16,07:33,06:26,08:24,K5013,문산,팔당,05:55,07:27,1.0,2.0,False
91,08:09,07:03,06:24,,07:00,07:53,07:36,07:10,08:06,07:28,08:06,07:32,07:37,08:23,07:23,07:16,06:17,,06:52,08:10,06:47,07:58,07:46,07:31,07:41,,,07:33,08:18,06:27,07:05,06:29,08:12,07:20,,06:44,06:39,07:26,06:34,06:55,06:21,07:13,07:51,07:07,07:55,07:46,06:11,06:50,06:58,06:37,07:48,06:32,06:14,07:49,07:44,06:42,07:57,K5015,문산,용문,06:11,08:23,1.0,2.0,False
92,09:03,07:17,06:38,,07:14,08:47,08:30,07:24,08:59,07:42,08:16,08:26,07:51,09:20,07:37,07:30,06:31,,07:06,08:20,07:01,08:12,08:00,07:45,07:55,,,07:47,09:12,06:41,07:19,06:43,09:06,07:34,,06:58,06:53,07:40,06:48,07:09,06:35,07:27,08:05,07:21,08:09,08:36,06:25,07:04,07:12,06:51,08:02,06:46,06:28,08:43,07:58,06:56,08:51,K5017,문산,용문,06:25,09:20,1.0,2.0,False
93,08:35,07:30,06:51,,07:27,08:24,08:12,07:37,08:32,07:55,08:36,08:07,08:04,08:49,07:50,07:43,06:44,,07:19,08:40,07:14,08:29,08:17,07:58,08:08,,,08:00,08:44,06:54,07:32,06:56,08:38,07:47,,07:11,07:06,07:53,07:01,07:22,06:48,07:40,08:22,07:34,08:26,08:17,06:38,07:17,07:25,07:04,08:19,06:59,06:41,08:20,08:11,07:09,08:28,K5019,문산,용문,06:38,08:49,1.0,2.0,False
94,,07:09,06:35,,07:06,,08:16,07:15,,07:32,08:06,08:12,07:41,,07:27,07:20,,,,08:09,,08:02,07:50,07:35,07:45,,,07:37,,06:38,07:11,06:40,,07:24,,06:54,06:50,07:30,06:45,,06:32,,07:55,,07:59,,06:24,06:58,,,07:52,06:42,,,07:48,,,K5701,문산,팔당,06:24,08:16,1.0,2.0,False
95,09:34,07:48,07:09,,07:45,09:23,09:07,07:55,09:31,08:17,08:53,09:03,08:26,09:48,08:08,08:01,07:02,,07:37,08:57,07:32,08:49,08:37,08:19,08:29,,,08:22,09:43,07:12,07:50,07:14,09:37,08:05,,07:29,07:24,08:14,07:19,07:40,07:06,07:58,08:42,07:52,08:46,09:13,06:56,07:35,07:43,07:22,08:39,07:17,06:59,09:15,08:32,07:27,09:27,K5021,문산,용문,06:56,09:48,1.0,2.0,False
96,,08:09,07:30,,08:06,,,08:16,,08:34,09:14,,08:43,,08:29,08:22,07:23,,07:58,09:18,07:53,09:07,08:55,08:37,08:50,,,08:39,,07:33,08:11,07:35,,08:26,,07:50,07:45,08:32,07:40,08:01,07:27,08:19,09:00,08:13,09:04,,07:17,07:56,08:04,07:43,08:57,07:38,07:20,,08:53,07:48,,K5023,문산,덕소,07:17,09:18,1.0,2.0,False
97,,07:26,06:52,,07:23,,08:42,07:34,,07:53,08:27,08:37,08:02,,07:47,07:39,,,,08:31,,08:23,08:11,07:55,08:06,,,07:58,,06:55,07:29,06:57,,07:45,,07:11,07:07,07:50,07:02,,06:49,,08:16,,08:20,,06:41,07:15,,,08:13,06:59,,,08:09,,,K5703,문산,팔당,06:41,08:42,1.0,2.0,False
98,10:05,08:23,07:44,,08:20,09:54,09:37,08:30,10:01,08:48,09:26,09:32,08:57,10:24,08:43,08:36,07:37,10:30,08:12,09:29,08:07,09:22,09:10,08:51,09:04,,,08:53,10:15,07:47,08:25,07:49,10:08,08:40,,08:04,07:59,08:46,07:54,08:15,07:41,08:33,09:15,08:27,09:19,09:47,07:31,08:10,08:18,07:57,09:12,07:52,07:34,09:49,09:08,08:02,09:57,K5025,문산,용문,07:31,10:30,1.0,2.0,False
99,,08:01,07:27,,07:59,,09:09,08:08,,08:25,08:58,09:04,08:34,,08:19,08:13,,,,09:02,,08:54,08:42,08:27,08:37,,,08:30,,07:30,08:04,07:32,,08:17,,07:46,07:42,08:22,07:37,,07:25,,08:47,,08:51,,07:16,07:50,,,08:44,07:35,,,08:40,,,K5705,문산,팔당,07:16,09:09,1.0,2.0,False
100,09:44,08:37,07:58,,08:34,09:33,09:21,08:44,09:41,09:02,09:40,09:16,09:11,10:03,08:57,08:50,07:51,,08:26,09:43,08:21,09:32,09:20,09:05,09:15,,,09:07,09:58,08:01,08:39,08:03,09:47,08:54,,08:18,08:13,09:00,08:08,08:29,07:55,08:47,09:25,08:41,09:29,09:26,07:45,08:24,08:32,08:11,09:22,08:06,07:48,09:29,09:18,08:16,09:37,K5027,문산,용문,07:45,10:03,1.0,2.0,False
101,10:39,08:56,08:17,,08:53,10:28,10:16,09:03,10:36,09:21,10:01,10:11,09:30,10:57,09:16,09:09,08:10,,08:45,10:05,08:40,09:57,09:39,09:24,09:34,,,09:26,10:48,08:20,08:58,08:22,10:42,09:13,,08:37,08:32,09:19,08:27,08:48,08:14,09:06,09:45,09:00,09:50,10:21,08:04,08:43,08:51,08:30,09:42,08:25,08:07,10:24,09:37,08:35,10:32,K5029,일산,용문,07:49,10:57,1.0,2.0,False
102,10:05,09:13,08:34,,09:10,09:54,09:37,09:20,10:02,09:38,10:16,09:32,09:47,10:24,09:33,09:26,08:27,10:29,09:02,10:19,08:57,10:12,09:56,09:41,09:51,,,09:43,10:14,08:37,09:15,08:39,10:08,09:30,,08:54,08:49,09:36,08:44,09:05,08:31,09:23,10:05,09:17,10:09,09:47,08:21,09:00,09:08,08:47,09:58,08:42,08:24,09:50,09:54,08:52,09:58,K5031,문산,지평,08:21,10:29,1.0,2.0,False
103,11:01,09:24,08:45,,09:21,10:50,10:34,09:31,10:57,09:49,10:23,10:29,09:58,11:15,09:44,09:37,08:38,,09:13,10:27,09:08,10:19,10:07,09:52,10:02,,,09:54,11:10,08:48,09:26,08:50,11:04,09:41,,09:05,09:00,09:47,08:55,09:16,08:42,09:34,10:12,09:28,10:16,10:43,08:32,09:11,09:19,08:58,10:09,08:53,08:35,10:45,10:05,09:03,10:53,K5033,문산,덕소,08:32,11:15,1.0,2.0,False
104,10:29,09:42,09:03,,09:39,10:13,09:57,09:49,10:25,10:07,10:45,09:52,10:16,10:43,10:02,09:55,08:56,,09:31,10:48,09:26,10:41,10:29,10:10,10:20,,,10:12,10:38,09:06,09:44,09:08,10:32,09:59,,09:23,09:18,10:05,09:13,09:34,09:00,09:52,10:34,09:46,10:38,10:02,08:50,09:29,09:37,09:16,10:31,09:11,08:53,10:09,10:23,09:21,10:21,K5035,문산,용문,08:50,10:43,1.0,2.0,False
105,11:32,09:55,09:16,,09:52,11:17,11:05,10:02,11:29,10:20,10:54,11:00,10:29,11:46,10:15,10:08,09:09,,09:44,10:58,09:39,10:50,10:38,10:23,10:33,,,10:25,11:41,09:19,09:57,09:21,11:35,10:12,,09:36,09:31,10:18,09:26,09:47,09:13,10:05,10:43,09:59,10:47,11:10,09:03,09:42,09:50,09:29,10:40,09:24,09:06,11:13,10:36,09:34,11:25,K5037,수색,덕소,08:43,11:46,1.0,2.0,False
106,,10:03,09:24,,10:00,,10:15,10:10,,10:28,11:02,10:11,10:37,,10:23,10:16,09:17,,09:52,11:05,09:47,10:58,10:46,10:31,10:41,,,10:33,,09:27,10:05,09:29,,10:20,,09:44,09:39,10:26,09:34,09:55,09:21,10:13,10:51,10:07,10:55,,09:11,09:50,09:58,09:37,10:48,09:32,09:14,,10:44,09:42,,K5039,문산,팔당,09:11,10:15,1.0,2.0,False
107,12:00,10:20,09:41,,10:17,11:49,11:33,10:27,11:57,10:45,11:23,11:29,10:54,12:14,10:40,10:33,09:34,,10:09,11:26,10:04,11:19,11:07,10:48,10:58,,,10:50,12:09,09:44,10:22,09:46,12:03,10:37,,10:01,09:56,10:43,09:51,10:12,09:38,10:30,11:12,10:24,11:16,11:39,09:28,10:07,10:15,09:54,11:09,09:49,09:31,11:45,11:01,09:59,11:53,K5041,문산,용문,09:28,12:14,1.0,2.0,False
108,,10:35,09:56,,10:32,,,10:42,,11:00,11:38,,11:09,,10:55,10:48,09:49,,10:24,11:41,10:19,11:30,11:18,11:03,11:13,,,11:05,,09:59,10:37,10:01,,10:52,,10:16,10:11,10:58,10:06,10:27,09:53,10:45,11:23,10:39,11:27,,09:43,10:22,10:30,10:09,11:20,10:04,09:46,,11:16,10:14,,K5043,수색,덕소,09:22,11:41,1.0,2.0,False
109,12:37,10:56,10:17,,10:53,12:22,12:10,11:03,12:34,11:22,11:59,12:05,11:31,12:51,11:16,11:09,10:10,,10:45,12:03,10:40,11:55,11:40,11:24,11:35,,,11:27,12:46,10:20,10:58,10:22,12:40,11:14,,10:37,10:32,11:19,10:27,10:48,10:14,11:06,11:48,11:00,11:52,12:15,10:04,10:43,10:51,10:30,11:42,10:25,10:07,12:18,11:38,10:35,12:30,K5045,문산,용문,10:04,12:51,1.0,2.0,False
110,11:30,11:07,10:28,,11:04,11:14,11:01,11:14,11:26,11:32,12:06,10:57,11:41,11:44,11:27,11:20,10:21,,10:56,12:10,10:51,12:02,11:50,11:35,11:45,,,11:37,11:39,10:31,11:09,10:33,11:33,11:24,,10:48,10:43,11:30,10:38,10:59,10:25,11:17,11:55,11:11,11:59,11:07,10:15,10:54,11:02,10:41,11:52,10:36,10:18,11:09,11:48,10:46,11:18,K5047,문산,용문,10:15,11:44,1.0,2.0,False
111,13:03,11:22,10:43,,11:19,12:48,12:35,11:29,12:55,11:47,12:25,12:31,11:56,13:17,11:42,11:35,10:36,,11:11,12:28,11:06,12:21,12:05,11:50,12:00,,,11:52,13:12,10:46,11:24,10:48,13:06,11:39,,11:03,10:58,11:45,10:53,11:14,10:40,11:32,12:14,11:26,12:18,12:41,10:30,11:09,11:17,10:56,12:07,10:51,10:33,12:43,12:03,11:01,12:51,K5049,문산,덕소,10:30,13:17,1.0,2.0,False
112,11:54,11:33,10:54,,11:30,11:38,12:43,11:40,11:50,11:58,12:32,12:38,12:07,12:08,11:53,11:46,10:47,,11:22,12:36,11:17,12:28,12:16,12:01,12:11,,,12:03,12:03,10:57,11:35,10:59,11:57,11:50,,11:14,11:09,11:56,11:04,11:25,10:51,11:43,12:21,11:37,12:25,11:30,10:41,11:20,11:28,11:07,12:18,11:02,10:44,11:33,12:14,11:12,11:42,K5051,일산,용문,09:41,12:43,1.0,2.0,False
113,13:32,11:51,11:12,,11:48,13:16,13:04,11:58,13:29,12:16,12:53,12:59,12:25,13:46,12:11,12:04,11:05,13:51,11:40,12:57,11:35,12:49,12:37,12:19,12:29,,,12:21,13:41,11:15,11:53,11:17,13:35,12:08,,11:32,11:27,12:14,11:22,11:43,11:09,12:01,12:42,11:55,12:46,13:09,10:59,11:38,11:46,11:25,12:39,11:20,11:02,13:12,12:32,11:30,13:20,K5053,문산,덕소,10:59,13:51,1.0,2.0,False
114,12:18,12:05,11:26,,12:02,12:07,11:50,12:12,12:14,12:30,13:05,11:46,12:39,12:32,12:25,12:18,11:19,,11:54,13:08,11:49,13:01,12:49,12:33,12:44,,,12:35,12:27,11:29,12:07,11:31,12:21,12:22,,11:46,11:41,12:28,11:36,11:57,11:23,12:15,12:54,12:09,12:58,11:56,11:13,11:52,12:00,11:39,12:51,11:34,11:16,11:58,12:47,11:44,12:10,K5055,문산,용문,11:13,12:32,1.0,2.0,False
115,13:59,12:19,11:40,,12:16,13:48,13:32,12:26,13:56,12:44,13:22,13:28,12:53,14:13,12:39,12:32,11:33,,12:08,13:25,12:03,13:18,13:02,12:47,12:57,,,12:49,14:08,11:43,12:21,11:45,14:02,12:36,,12:00,11:55,12:42,11:50,12:11,11:37,12:29,13:11,12:23,13:15,13:38,11:27,12:06,12:14,11:53,13:04,11:48,11:30,13:40,13:00,11:58,13:52,K5057,문산,덕소,11:27,14:13,1.0,2.0,False
116,12:44,12:33,11:54,,12:30,12:33,12:16,12:40,12:41,12:58,13:32,12:11,13:07,12:58,12:53,12:46,11:47,,12:22,13:40,12:17,13:28,13:16,13:01,13:11,,,13:03,12:53,11:57,12:35,11:59,12:47,12:50,,12:14,12:09,12:56,12:04,12:25,11:51,12:43,13:21,12:37,13:25,12:26,11:41,12:20,12:28,12:07,13:18,12:02,11:44,12:29,13:14,12:12,12:37,K5059,용산,용문,11:18,12:58,1.0,2.0,False
117,14:32,12:48,12:09,,12:45,14:17,14:01,12:55,14:28,13:17,13:50,13:56,13:26,14:46,13:08,13:01,12:02,,12:37,13:54,12:32,13:46,13:34,13:19,13:29,,,13:22,14:41,12:12,12:50,12:14,14:35,13:05,,12:29,12:24,13:14,12:19,12:40,12:06,12:58,13:39,12:52,13:43,14:06,11:56,12:35,12:43,12:22,13:36,12:17,11:59,14:13,13:32,12:27,14:24,K5061,문산,덕소,11:56,14:46,1.0,2.0,False
118,13:14,13:05,12:27,,13:03,13:03,12:46,13:13,13:10,13:31,14:08,12:41,13:40,13:28,13:25,13:19,12:20,,12:54,14:15,12:50,14:04,13:48,13:33,13:43,,,13:36,13:23,12:30,13:08,12:32,13:17,13:23,,12:47,12:42,13:28,12:37,12:57,12:24,13:15,13:53,13:10,13:57,12:56,12:14,12:52,13:01,12:40,13:50,12:35,12:17,12:58,13:46,12:45,13:06,K5063,문산,용문,12:14,13:28,1.0,2.0,False
119,15:06,13:26,12:47,,13:23,14:55,14:42,13:33,15:02,13:51,14:27,14:38,14:00,15:20,13:46,13:39,12:40,,13:15,14:31,13:10,14:23,14:11,13:54,14:06,,,13:56,15:15,12:50,13:28,12:52,15:09,13:43,,13:07,13:02,13:49,12:57,13:18,12:44,13:36,14:16,13:30,14:20,14:48,12:34,13:13,13:21,13:00,14:13,12:55,12:37,14:50,14:09,13:05,14:58,K5065,문산,덕소,12:34,15:20,1.0,2.0,False
120,13:54,13:38,12:59,,13:35,13:40,13:27,13:45,13:51,14:03,14:41,13:23,14:12,14:08,13:58,13:51,12:52,14:13,13:27,14:45,13:22,14:37,14:21,14:06,14:16,,,14:08,14:03,13:02,13:40,13:04,13:57,13:55,,13:19,13:14,14:01,13:09,13:30,12:56,13:48,14:30,13:42,14:34,13:33,12:46,13:25,13:33,13:12,14:23,13:07,12:49,13:35,14:19,13:17,13:43,K5067,문산,지평,12:46,14:13,1.0,2.0,False
121,15:30,13:48,13:09,,13:45,15:19,15:02,13:55,15:27,14:18,14:52,14:58,14:27,15:49,14:08,14:01,13:02,,13:37,14:55,13:32,14:48,14:36,14:20,14:31,,,14:23,15:44,13:12,13:50,13:14,15:33,14:05,,13:29,13:24,14:15,13:19,13:40,13:06,13:58,14:41,13:52,14:45,15:12,12:56,13:35,13:43,13:22,14:38,13:17,12:59,15:15,14:34,13:27,15:23,K5069,문산,덕소,12:56,15:49,1.0,2.0,False
122,14:27,14:07,13:28,,14:04,14:09,13:56,14:14,14:20,14:32,15:10,13:52,14:41,14:41,14:27,14:20,13:21,,13:56,15:14,13:51,15:06,14:50,14:35,14:45,,,14:37,14:36,13:31,14:09,13:33,14:30,14:24,,13:48,13:43,14:30,13:38,13:59,13:25,14:17,14:59,14:11,15:03,14:02,13:15,13:54,14:02,13:41,14:52,13:36,13:18,14:04,14:48,13:46,14:16,K5071,문산,용문,13:15,14:41,1.0,2.0,False
123,16:01,14:20,13:41,,14:17,15:50,15:34,14:27,15:57,14:45,15:23,15:29,14:54,16:15,14:40,14:33,13:34,,14:09,15:27,14:04,15:19,15:03,14:48,14:58,,,14:50,16:10,13:44,14:22,13:46,16:04,14:37,,14:01,13:56,14:43,13:51,14:12,13:38,14:30,15:08,14:24,15:12,15:39,13:28,14:07,14:15,13:54,15:05,13:49,13:31,15:45,15:01,13:59,15:53,K5073,문산,덕소,13:28,16:15,1.0,2.0,False
124,14:58,14:37,13:58,,14:34,14:47,14:30,14:44,14:55,15:02,15:40,14:26,15:11,15:12,14:57,14:50,13:51,,14:26,15:43,14:21,15:36,15:20,15:05,15:15,,,15:07,15:07,14:01,14:39,14:03,15:01,14:54,,14:18,14:13,15:00,14:08,14:29,13:55,14:47,15:25,14:41,15:29,14:36,13:45,14:24,14:32,14:11,15:22,14:06,13:48,14:43,15:18,14:16,14:51,K5075,문산,용문,13:45,15:12,1.0,2.0,False
125,16:34,14:48,14:09,,14:45,16:23,16:02,14:55,16:31,15:17,15:51,15:57,15:26,16:48,15:08,15:01,14:02,,14:37,15:55,14:32,15:47,15:35,15:20,15:30,,,15:22,16:43,14:12,14:50,14:14,16:37,15:05,,14:29,14:24,15:15,14:19,14:40,14:06,14:58,15:40,14:52,15:44,16:12,13:56,14:35,14:43,14:22,15:37,14:17,13:59,16:14,15:33,14:27,16:27,K5077,문산,덕소,13:56,16:48,1.0,2.0,False
126,15:39,15:04,14:26,,15:02,15:23,15:11,15:12,15:31,15:30,16:06,15:06,15:39,15:57,15:24,15:18,14:19,,14:53,16:10,14:49,16:02,15:47,15:32,15:42,,,15:35,15:48,14:29,15:07,14:31,15:42,15:22,,14:46,14:41,15:27,14:36,14:56,14:23,15:14,15:52,15:09,15:56,15:16,14:13,14:51,15:00,14:39,15:49,14:34,14:16,15:19,15:45,14:44,15:27,K5079,문산,용문,14:13,15:57,1.0,2.0,False
127,16:57,15:17,14:38,,15:14,16:42,16:30,15:24,16:53,15:43,16:19,16:25,15:52,17:11,15:37,15:30,14:31,,15:06,16:23,15:01,16:15,16:00,15:45,15:55,,,15:48,17:06,14:41,15:19,14:43,17:00,15:35,,14:58,14:53,15:40,14:48,15:09,14:35,15:27,16:08,15:21,16:12,16:35,14:25,15:04,15:12,14:51,16:02,14:46,14:28,16:38,15:58,14:56,16:49,K5081,문산,덕소,14:25,17:11,1.0,2.0,False
128,15:59,15:36,14:57,,15:33,15:48,15:32,15:43,15:56,16:02,16:39,15:28,16:11,16:13,15:56,15:49,14:50,,15:25,16:43,15:20,16:32,16:20,16:04,16:15,,,16:07,16:08,15:00,15:38,15:02,16:02,15:54,,15:17,15:12,15:59,15:07,15:28,14:54,15:46,16:25,15:40,16:29,15:38,14:44,15:23,15:31,15:10,16:22,15:05,14:47,15:40,16:18,15:15,15:52,K5083,문산,용문,14:44,16:13,1.0,2.0,False
129,17:25,15:48,15:09,,15:45,17:14,17:01,15:55,17:21,16:17,16:51,16:57,16:26,17:43,16:08,16:01,15:02,,15:37,16:54,15:32,16:47,16:35,16:19,16:30,,,16:22,17:34,15:12,15:50,15:14,17:28,16:05,,15:29,15:24,16:14,15:19,15:40,15:06,15:58,16:40,15:52,16:44,17:07,14:56,15:35,15:43,15:22,16:37,15:17,14:59,17:09,16:33,15:27,17:17,K5085,일산,덕소,14:00,17:43,1.0,2.0,False
130,16:27,16:07,15:28,,16:04,16:08,17:17,16:14,16:19,16:32,17:06,17:12,16:41,16:41,16:27,16:20,15:21,,15:56,17:10,15:51,17:02,16:50,16:35,16:45,,,16:37,16:36,15:31,16:09,15:33,16:30,16:24,,15:48,15:43,16:30,15:38,15:59,15:25,16:17,16:55,16:11,16:59,16:01,15:15,15:54,16:02,15:41,16:52,15:36,15:18,16:03,16:48,15:46,16:15,K5087,문산,용문,15:15,17:17,1.0,2.0,False
131,17:57,16:20,15:41,,16:17,17:46,17:33,16:27,17:53,16:45,17:23,17:29,16:54,18:11,16:40,16:33,15:34,,16:09,17:26,16:04,17:19,17:07,16:48,16:58,,,16:50,18:06,15:44,16:22,15:46,18:00,16:37,,16:01,15:56,16:43,15:51,16:12,15:38,16:30,17:12,16:24,17:16,17:39,15:28,16:07,16:15,15:54,17:09,15:49,15:31,17:41,17:01,15:59,17:49,K5089,문산,덕소,15:28,18:11,1.0,2.0,False
132,,16:33,15:54,,16:30,,,16:40,,16:58,17:34,,17:07,,16:53,16:46,15:47,,16:22,17:38,16:17,17:30,17:16,17:01,17:11,,,17:03,,15:57,16:35,15:59,,16:50,,16:14,16:09,16:56,16:04,16:25,15:51,16:43,17:22,16:37,17:26,,15:41,16:20,16:28,16:07,17:18,16:02,15:44,,17:14,16:12,,K5091,일산,덕소,14:42,17:38,1.0,2.0,False
133,18:21,16:48,16:09,,16:45,18:10,17:58,16:55,18:18,17:13,17:47,17:53,17:22,18:35,17:08,17:01,16:02,,16:37,17:51,16:32,17:43,17:31,17:16,17:26,,,17:18,18:30,16:12,16:50,16:14,18:24,17:05,,16:29,16:24,17:11,16:19,16:40,16:06,16:58,17:36,16:52,17:40,18:03,15:56,16:35,16:43,16:22,17:33,16:17,15:59,18:06,17:29,16:27,18:14,K5093,문산,용문,15:56,18:35,1.0,2.0,False
134,,17:06,16:27,,17:03,,,17:13,,17:31,18:05,,17:40,,17:26,17:19,16:20,,16:55,18:09,16:50,18:01,17:49,17:34,17:44,,,17:36,,16:30,17:08,16:32,,17:23,,16:47,16:42,17:29,16:37,16:58,16:24,17:16,17:54,17:10,17:58,,16:14,16:53,17:01,16:40,17:51,16:35,16:17,,17:47,16:45,,K5095,문산,덕소,16:14,18:09,1.0,2.0,False
135,18:58,17:18,16:39,,17:15,18:47,18:28,17:25,18:55,17:43,18:17,18:23,17:52,19:12,17:38,17:31,16:32,19:17,17:07,18:21,17:02,18:13,18:01,17:46,17:56,,,17:48,19:07,16:42,17:20,16:44,19:01,17:35,,16:59,16:54,17:41,16:49,17:10,16:36,17:28,18:06,17:22,18:10,18:37,16:26,17:05,17:13,16:52,18:03,16:47,16:29,18:43,17:59,16:57,18:51,K5097,문산,지평,16:26,19:17,1.0,2.0,False
136,,17:32,16:53,,17:29,,17:15,17:39,,17:57,18:38,17:10,18:06,,17:52,17:45,16:46,,17:21,18:42,17:16,18:34,18:15,18:00,18:10,,,18:02,,16:56,17:34,16:58,,17:49,,17:13,17:08,17:55,17:03,17:24,16:50,17:42,18:24,17:36,18:28,,16:40,17:19,17:27,17:06,18:17,17:01,16:43,,18:13,17:11,,K5099,문산,팔당,16:40,17:15,1.0,2.0,False
137,19:33,17:48,17:09,,17:45,19:18,19:01,17:55,19:29,18:17,18:51,18:57,18:26,19:47,18:08,18:01,17:02,,17:37,18:54,17:32,18:47,18:35,18:19,18:30,,,18:22,19:42,17:12,17:50,17:14,19:36,18:05,,17:29,17:24,18:14,17:19,17:40,17:06,17:58,18:40,17:52,18:44,19:11,16:56,17:35,17:43,17:22,18:37,17:17,16:59,19:13,18:33,17:27,19:25,K5101,문산,용문,16:56,19:47,1.0,2.0,False
138,,18:02,17:23,,17:59,,,18:09,,18:27,19:05,,18:36,,18:22,18:15,17:16,,17:51,19:09,17:46,19:01,18:45,18:30,18:40,,,18:32,,17:26,18:04,17:28,,18:19,,17:43,17:38,18:25,17:33,17:54,17:20,18:12,18:50,18:06,18:54,,17:10,17:49,17:57,17:36,18:47,17:31,17:13,,18:43,17:41,,K5103,문산,덕소,17:10,19:09,1.0,2.0,False
139,20:04,18:21,17:42,,18:18,19:53,19:37,18:28,20:00,18:46,19:26,19:32,18:55,20:18,18:41,18:34,17:35,,18:10,19:30,18:05,19:22,19:07,18:49,18:59,,,18:51,20:13,17:45,18:23,17:47,20:07,18:38,,18:02,17:57,18:44,17:52,18:13,17:39,18:31,19:12,18:25,19:16,19:46,17:29,18:08,18:16,17:55,19:09,17:50,17:32,19:48,19:02,18:00,19:56,K5105,문산,용문,17:29,20:18,1.0,2.0,False
140,,18:37,17:58,,18:34,,,18:44,,19:02,19:40,,19:11,,18:57,18:50,17:51,,18:26,19:43,18:21,19:36,19:20,19:05,19:15,,,19:07,,18:01,18:39,18:03,,18:54,,18:18,18:13,19:00,18:08,18:29,17:55,18:47,19:25,18:41,19:29,,17:45,18:24,18:32,18:11,19:22,18:06,17:48,,19:18,18:16,,K5107,문산,덕소,17:45,19:43,1.0,2.0,False
141,20:35,18:56,18:17,,18:53,20:24,20:07,19:03,20:31,19:22,19:56,20:02,19:31,20:52,19:16,19:09,18:10,,18:45,20:00,18:40,19:52,19:40,19:24,19:35,,,19:27,20:47,18:20,18:58,18:22,20:38,19:14,,18:37,18:32,19:19,18:27,18:48,18:14,19:06,19:45,19:00,19:49,20:17,18:04,18:43,18:51,18:30,19:42,18:25,18:07,20:19,19:38,18:35,20:27,K5109,문산,용문,18:04,20:52,1.0,2.0,False
142,,19:08,18:29,,19:05,,,19:15,,19:33,20:11,,19:42,,19:28,19:21,18:22,,18:57,20:14,18:52,20:07,19:51,19:36,19:46,,,19:38,,18:32,19:10,18:34,,19:25,,18:49,18:44,19:31,18:39,19:00,18:26,19:18,19:56,19:12,20:00,,18:16,18:55,19:03,18:42,19:53,18:37,18:19,,19:49,18:47,,K5111,문산,덕소,18:16,20:14,1.0,2.0,False
143,21:07,19:22,18:43,,19:19,20:52,20:36,19:29,21:03,19:47,20:22,20:31,19:56,21:21,19:42,19:35,18:36,19:42,19:11,20:25,19:06,20:18,20:06,19:50,20:01,,,19:52,21:16,18:46,19:24,18:48,21:10,19:39,,19:03,18:58,19:45,18:53,19:14,18:40,19:32,20:11,19:26,20:15,20:45,18:30,19:09,19:17,18:56,20:08,18:51,18:33,20:48,20:04,19:01,20:56,K5113,문산,지평,18:30,19:42,1.0,2.0,False
144,,19:35,18:56,,19:32,,,19:42,,20:00,20:40,,20:09,,19:55,19:48,18:49,,19:24,20:48,19:19,20:36,20:21,20:03,20:13,,,20:05,,18:59,19:37,19:01,,19:52,,19:16,19:11,19:58,19:06,19:27,18:53,19:45,20:26,19:39,20:30,,18:43,19:22,19:30,19:09,20:23,19:04,18:46,,20:16,19:14,,K5115,문산,덕소,18:43,20:48,1.0,2.0,False
145,21:32,19:56,19:17,,19:53,21:21,21:08,20:03,21:28,20:21,20:58,21:04,20:30,21:46,20:16,20:09,19:10,,19:45,21:01,19:40,20:54,20:42,20:24,20:37,,,20:26,21:41,19:20,19:58,19:22,21:35,20:13,,19:37,19:32,20:19,19:27,19:48,19:14,20:06,20:47,20:00,20:51,21:14,19:04,19:43,19:51,19:30,20:44,19:25,19:07,21:16,20:40,19:35,21:24,K5117,수색,팔당,17:53,19:12,1.0,2.0,False
146,19:54,20:09,19:30,,20:06,19:40,19:23,20:16,19:51,20:34,21:08,19:19,20:43,20:08,20:29,20:22,19:23,,19:58,21:12,19:53,21:04,20:52,20:37,20:47,,,20:39,20:03,19:33,20:11,19:35,19:57,20:26,,19:50,19:45,20:32,19:40,20:01,19:27,20:19,20:57,20:13,21:01,19:29,19:17,19:56,20:04,19:43,20:54,19:38,19:20,19:35,20:50,19:48,19:43,K5119,용산,용문,18:20,20:08,1.0,2.0,False
147,21:58,20:25,19:46,,20:22,21:47,21:35,20:32,21:55,20:50,21:24,21:30,20:59,22:12,20:45,20:38,19:39,22:17,20:14,21:28,20:09,21:20,21:08,20:53,21:03,,,20:55,22:07,19:49,20:27,19:51,22:01,20:42,,20:06,20:01,20:48,19:56,20:17,19:43,20:35,21:13,20:29,21:17,21:40,19:33,20:12,20:20,19:59,21:10,19:54,19:36,21:43,21:06,20:04,21:51,K5121,문산,덕소,19:33,22:17,1.0,2.0,False
148,20:10,18:33,17:59,,18:30,19:59,19:47,18:40,20:07,18:57,19:33,19:42,19:06,20:24,18:51,18:45,,,,19:40,,19:29,19:17,18:59,19:09,,,19:02,20:19,18:02,18:35,18:04,20:13,18:49,,18:18,18:14,18:54,18:09,,17:56,,19:22,,19:26,19:52,17:48,18:22,,,19:19,18:06,,19:55,19:12,,20:03,K5707,문산,용문,17:48,20:24,1.0,2.0,False
149,,20:38,19:59,,20:35,,20:01,20:45,,21:03,21:37,19:56,21:12,,20:58,20:51,19:52,,20:27,21:41,20:22,21:33,21:21,21:06,21:16,,,21:08,,20:02,20:40,20:04,,20:55,,20:19,20:14,21:01,20:09,20:30,19:56,20:48,21:26,20:42,21:30,,19:46,20:25,20:33,20:12,21:23,20:07,19:49,,21:19,20:17,,K5123,문산,팔당,19:46,20:01,1.0,2.0,False
150,22:35,20:54,20:15,,20:51,22:24,22:04,21:01,22:32,21:19,21:53,21:59,21:28,22:49,21:14,21:07,20:08,,20:43,21:57,20:38,21:49,21:37,21:22,21:32,,,21:24,22:44,20:18,20:56,20:20,22:38,21:11,,20:35,20:30,21:17,20:25,20:46,20:12,21:04,21:42,20:58,21:46,22:13,20:02,20:41,20:49,20:28,21:39,20:23,20:05,22:16,21:35,20:33,22:28,K5125,문산,덕소,20:02,22:49,1.0,2.0,False
151,22:49,21:09,20:30,,21:06,22:38,22:26,21:16,22:46,21:35,22:15,22:21,21:44,23:08,21:29,21:22,20:23,,20:58,22:19,20:53,22:07,21:52,21:37,21:47,,,21:40,23:03,20:33,21:11,20:35,22:52,21:27,,20:50,20:45,21:32,20:40,21:01,20:27,21:19,22:00,21:13,22:04,22:31,20:17,20:56,21:04,20:43,21:54,20:38,20:20,22:34,21:50,20:48,22:42,K5127,문산,용문,20:17,23:08,1.0,2.0,False
152,21:11,21:18,20:39,,21:15,21:00,20:44,21:25,21:08,21:47,22:24,20:40,21:56,21:25,21:38,21:31,20:32,,21:07,22:27,21:02,22:20,22:08,21:49,21:59,,,21:52,21:20,20:42,21:20,20:44,21:14,21:35,,20:59,20:54,21:44,20:49,21:10,20:36,21:28,22:13,21:22,22:17,20:50,20:26,21:05,21:13,20:52,22:10,20:47,20:29,20:52,22:02,20:57,21:04,K5129,문산,용문,20:26,21:25,1.0,2.0,False
153,23:15,21:35,20:56,,21:32,23:04,22:52,21:42,23:12,22:01,22:37,22:47,22:11,23:29,21:55,21:48,20:49,,21:24,22:40,21:19,22:33,22:20,22:04,22:15,,,22:06,23:24,20:59,21:37,21:01,23:18,21:53,,21:16,21:11,21:59,21:06,21:27,20:53,21:45,22:26,21:39,22:30,22:57,20:43,21:22,21:30,21:09,22:22,21:04,20:46,23:00,22:18,21:14,23:08,K5131,문산,덕소,20:43,23:29,1.0,2.0,False
154,21:29,21:47,21:08,,21:44,21:18,21:06,21:54,21:26,22:17,22:55,21:01,22:26,21:43,22:07,22:00,21:01,21:48,21:36,22:58,21:31,22:51,22:39,22:20,22:30,,,22:22,21:38,21:11,21:49,21:13,21:32,22:04,,21:28,21:23,22:15,21:18,21:39,21:05,21:57,22:44,21:51,22:48,21:11,20:55,21:34,21:42,21:21,22:41,21:16,20:58,21:14,22:33,21:26,21:22,K5133,문산,지평,20:55,21:48,1.0,2.0,False
155,23:41,22:08,21:29,,22:05,23:30,23:18,22:15,23:38,22:33,23:07,23:13,22:42,23:55,22:28,22:21,21:22,,21:57,23:11,21:52,23:03,22:51,22:36,22:46,,,22:38,23:50,21:32,22:10,21:34,23:44,22:25,,21:49,21:44,22:31,21:39,22:00,21:26,22:18,22:56,22:12,23:00,23:23,21:16,21:55,22:03,21:42,22:53,21:37,21:19,23:26,22:49,21:47,23:34,K5135,용산,팔당,20:15,21:11,1.0,2.0,False
156,24:01,22:27,21:48,,22:24,23:50,23:37,22:34,23:57,22:52,23:27,23:33,23:01,24:15,22:47,22:40,21:41,,22:16,23:30,22:11,23:23,23:11,22:55,23:05,,,22:57,24:10,21:51,22:29,21:53,24:04,22:44,,22:08,22:03,22:50,21:58,22:19,21:45,22:37,23:16,22:31,23:20,23:43,21:35,22:14,22:22,22:01,23:13,21:56,21:38,23:45,23:08,22:06,23:53,K5137,문산,용문,21:35,24:15,1.0,2.0,False
157,22:02,22:47,22:08,,22:44,21:46,21:34,22:54,21:58,23:12,23:46,21:29,23:21,22:16,23:07,23:00,22:01,,22:36,23:50,22:31,23:42,23:30,23:15,23:25,,,23:17,22:11,22:11,22:49,22:13,22:05,23:04,,22:28,22:23,23:10,22:18,22:39,22:05,22:57,23:35,22:51,23:39,21:39,21:55,22:34,22:42,22:21,23:32,22:16,21:58,21:42,23:28,22:26,21:54,K5139,문산,용문,21:55,22:16,1.0,2.0,False
158,,23:00,22:21,,22:57,,,23:07,,23:25,23:59,,23:34,,23:20,23:13,22:14,,22:49,24:04,22:44,23:55,23:43,23:28,23:38,,,23:30,,22:24,23:02,22:26,,23:17,,22:41,22:36,23:23,22:31,22:52,22:18,23:10,23:48,23:04,23:52,,22:08,22:47,22:55,22:34,23:45,22:29,22:11,,23:41,22:39,,K5141,문산,덕소,22:08,24:04,1.0,2.0,False
159,22:40,23:24,22:45,,23:21,22:29,22:12,23:31,22:36,23:49,24:23,22:08,23:58,22:54,23:44,23:37,22:38,,23:13,24:27,23:08,24:19,24:07,23:52,24:02,,,23:54,22:49,22:48,23:26,22:50,22:43,23:41,,23:05,23:00,23:47,22:55,23:16,22:42,23:34,24:12,23:28,24:16,22:22,22:32,23:11,23:19,22:58,24:09,22:53,22:35,22:24,24:05,23:03,22:32,K5143,문산,용문,22:32,22:54,1.0,2.0,False
160,23:02,23:42,23:03,,23:39,22:46,22:34,23:49,22:58,24:07,22:23,22:29,24:16,23:16,24:02,23:55,22:56,,23:31,22:27,23:26,22:19,22:07,24:10,21:59,,,24:12,23:11,23:06,23:44,23:08,23:05,23:59,,23:23,23:18,24:05,23:13,23:34,23:00,23:52,22:12,23:46,22:16,22:39,22:50,23:29,23:37,23:16,22:09,23:11,22:53,22:42,22:02,23:21,22:50,K5145,문산,용문,22:50,24:16,1.0,2.0,False
161,,21:32,20:53,,21:29,,,21:39,,21:57,22:31,,22:06,,21:52,21:45,20:46,,21:21,22:35,21:16,22:27,22:15,22:00,22:10,,,22:02,,20:56,21:34,20:58,,21:49,,21:13,21:08,21:55,21:03,21:24,20:50,21:42,22:20,21:36,22:24,,20:40,21:19,21:27,21:06,22:17,21:01,20:43,,22:13,21:11,,K5147,문산,덕소,20:40,22:35,1.0,2.0,False
162,23:29,21:52,21:13,,21:49,23:18,23:05,21:59,23:25,22:17,22:55,23:01,22:26,23:43,22:12,22:05,21:06,,21:41,22:58,21:36,22:51,22:39,22:20,22:30,,,22:22,23:38,21:16,21:54,21:18,23:32,22:09,,21:33,21:28,22:15,21:23,21:44,21:10,22:02,22:44,21:56,22:48,23:11,21:00,21:39,21:47,21:26,22:41,21:21,21:03,23:13,22:33,21:31,23:21,K5149,문산,용문,21:00,23:43,1.0,2.0,False
163,,22:05,21:26,,22:02,,,22:12,,22:30,23:04,,22:39,,22:25,22:18,21:19,,21:54,23:08,21:49,23:00,22:48,22:33,22:43,,,22:35,,21:29,22:07,21:31,,22:22,,21:46,21:41,22:28,21:36,21:57,21:23,22:15,22:53,22:09,22:57,,21:13,21:52,22:00,21:39,22:50,21:34,21:16,,22:46,21:44,,K5151,문산,덕소,21:13,23:08,1.0,2.0,False
164,23:47,22:14,,,22:11,23:36,23:23,22:21,23:43,22:39,23:13,23:19,22:48,24:01,22:34,22:27,,,22:03,23:16,21:58,23:09,22:57,22:42,22:52,,,22:44,23:56,,22:16,,23:50,22:31,,21:55,21:50,22:37,21:46,22:06,,22:24,23:02,22:18,23:06,23:29,,22:01,22:09,21:48,22:59,,,23:31,22:55,21:53,23:39,K5153,일산,용문,21:46,24:01,1.0,2.0,False
165,,22:25,21:46,,22:22,,,22:32,,22:50,23:24,,22:59,,22:45,22:38,21:39,,22:14,23:28,22:09,23:20,23:08,22:53,23:03,,,22:55,,21:49,22:27,21:51,,22:42,,22:06,22:01,22:48,21:56,22:17,21:43,22:35,23:13,22:29,23:17,,21:33,22:12,22:20,21:59,23:10,21:54,21:36,,23:06,22:04,,K5155,문산,덕소,21:33,23:28,1.0,2.0,False
166,24:11,22:38,,,22:35,24:00,23:47,22:45,24:07,23:03,23:37,23:43,23:12,24:25,22:58,22:51,,,22:27,23:40,22:22,23:33,23:21,23:06,23:16,,,23:08,24:20,,22:40,,24:14,22:55,,22:19,22:14,23:01,22:10,22:30,,22:48,23:26,22:42,23:30,23:53,,22:25,22:33,22:12,23:23,,,23:55,23:19,22:17,24:03,K5157,일산,용문,22:10,24:25,1.0,2.0,False
167,,22:50,22:11,,22:47,,,22:57,,23:15,23:49,,23:24,,23:10,23:03,22:04,,22:39,23:53,22:34,23:45,23:33,23:18,23:28,,,23:20,,22:14,22:52,22:16,,23:07,,22:31,22:26,23:13,22:21,22:42,22:08,23:00,23:38,22:54,23:42,,21:58,22:37,22:45,22:24,23:35,22:19,22:01,,23:31,22:29,,K5159,문산,덕소,21:58,23:53,1.0,2.0,False
168,,23:06,22:27,,23:03,,,23:13,,23:31,24:05,,23:40,,23:26,23:19,22:20,,22:55,24:09,22:50,24:01,23:49,23:34,23:44,,,23:36,,22:30,23:08,22:32,,23:23,,22:47,22:42,23:29,22:37,22:58,22:24,23:16,23:54,23:10,23:58,,22:14,22:53,23:01,22:40,23:51,22:35,22:17,,23:47,22:45,,K5161,문산,덕소,22:14,24:09,1.0,2.0,False
169,,06:12,06:51,,06:15,,,06:05,,05:47,05:13,,05:37,,05:52,05:59,06:58,,06:23,05:10,06:28,05:17,05:29,05:44,05:34,,,05:42,,06:48,06:10,06:46,,05:55,,06:31,06:36,05:49,06:41,06:20,06:54,06:02,05:24,06:08,05:20,,07:05,06:25,06:17,06:38,05:27,06:43,07:01,,05:31,06:33,,K5002,덕소,문산,05:00,07:05,2.0,1.0,False
170,,06:39,07:18,,06:42,,05:30,06:32,,06:14,05:40,05:34,06:04,,06:19,06:26,07:25,,06:50,05:36,06:55,05:44,05:56,06:11,06:01,,,06:09,,07:15,06:37,07:13,,06:22,,06:58,07:03,06:16,07:08,06:47,07:21,06:29,05:51,06:35,05:47,,07:32,06:52,06:44,07:05,05:54,07:10,07:28,,05:58,07:00,,K5006,팔당,문산,05:30,07:32,2.0,1.0,False
171,,24:10,,,24:13,,,24:03,,23:45,23:08,,23:35,,23:50,23:57,,,24:21,23:05,24:26,23:12,23:27,23:42,23:32,,,23:40,,,24:08,,,23:53,,21:48,21:53,23:47,21:58,24:18,,24:00,23:22,24:06,23:18,,,24:23,24:15,21:56,23:25,,,,23:29,21:51,,K5142,덕소,능곡,20:56,21:58,2.0,1.0,False
172,,05:44,06:23,,05:46,,,,,,,,,,,,06:29,,05:55,,05:59,,,,,,05:40,,,06:19,,06:17,,,05:35,06:02,06:07,,06:12,05:52,06:25,,,,,,06:36,05:57,05:48,06:09,,06:14,06:32,,,06:04,,K2202,서울,문산,05:35,06:36,1.0,1.0,False
173,,07:01,07:40,,07:03,,,,,,,,,,,,07:46,,07:12,,07:16,,,,,,06:57,,,07:36,,07:34,,,06:52,07:19,07:24,,07:29,07:09,07:42,,,,,,07:53,07:14,07:05,07:26,,07:31,07:49,,,07:21,,K2204,서울,문산,06:52,07:53,1.0,1.0,False
174,,08:13,07:46,,08:15,,,,,,,,,,,,07:52,,08:24,,08:28,,,,,,08:09,,,07:42,,07:40,,,08:04,08:31,07:30,,07:35,08:21,07:48,,,,,,07:59,08:26,08:17,07:32,,07:37,07:55,,,07:27,,K2206,서울,문산,08:04,07:59,1.0,1.0,False
175,,09:31,10:10,,09:33,,,,,,,,,,,,10:16,,09:42,,09:46,,,,,,09:27,,,10:06,,10:04,,,09:22,09:49,09:54,,09:59,09:39,10:12,,,,,,10:23,09:44,09:35,09:56,,10:01,10:19,,,09:51,,K2208,서울,문산,09:22,10:23,1.0,1.0,False
176,,10:53,08:28,,10:55,,,,,,,,,,,,08:34,,11:04,,11:08,,,,,,10:49,,,08:24,,08:22,,,10:44,11:11,08:12,,08:17,11:01,08:30,,,,,,08:41,11:06,10:57,08:14,,08:19,08:37,,,08:09,,K2210,서울,문산,10:44,08:41,1.0,1.0,False
177,,11:55,08:42,,11:57,,,,,,,,,,,,08:49,,12:06,,12:10,,,,,,11:51,,,08:39,,08:36,,,11:46,12:13,08:26,,08:31,12:03,08:45,,,,,,08:56,12:08,11:59,08:29,,08:34,08:52,,,08:24,,K2212,서울,문산,11:46,08:56,1.0,1.0,False
178,,12:44,08:59,,12:46,,,,,,,,,,,,09:06,,12:55,,12:59,,,,,,12:40,,,08:56,,08:53,,,12:35,13:02,08:43,,08:48,12:52,09:02,,,,,,09:13,12:57,12:48,08:46,,08:51,09:09,,,08:41,,K2214,서울,문산,12:35,09:13,1.0,1.0,False
179,,08:24,,,08:27,,,08:17,,08:00,,07:26,07:52,06:53,,08:10,,,,07:29,,07:35,07:44,,07:49,,,07:56,,,08:22,,07:02,08:06,,,,,,,,08:14,,08:20,07:38,,,,08:29,,,,,07:16,,,,K5852,용문,수색,06:53,08:29,1.0,1.0,False
180,,13:41,09:18,,13:43,,,,,,,,,,,,09:24,,13:52,,13:56,,,,,,13:37,,,09:14,,09:12,,,13:32,13:59,09:02,,09:07,13:49,09:20,,,,,,09:31,13:54,13:45,09:04,,09:09,09:27,,,08:59,,K2216,서울,문산,13:32,09:31,1.0,1.0,False
181,,09:58,10:37,,10:00,,,09:50,,,,,,,,09:45,10:43,,10:09,,10:13,,,,,,,,,10:33,09:55,10:31,,,,10:16,10:21,,10:26,10:06,10:39,09:48,,09:53,,,10:50,10:11,10:02,10:24,,10:29,10:46,,,10:19,,K5302,용산,문산,09:45,10:50,1.0,1.0,False
182,,08:51,,,08:54,,,08:44,,08:27,,07:45,08:19,07:12,,08:37,,,,07:48,,07:58,08:12,,08:16,,,08:23,,,08:49,,07:21,08:33,,,,,,,,08:41,,08:47,08:01,,,,08:56,,,,,07:35,,,,K5854,용문,수색,07:12,08:56,1.0,1.0,False
183,,14:31,09:51,,14:33,,,,,,,,,,,,09:57,,14:42,,14:46,,,,,,14:27,,,09:47,,09:45,,,14:22,14:49,09:35,,09:40,14:39,09:53,,,,,,10:04,14:44,14:35,09:37,,09:42,10:00,,,09:32,,K2218,서울,문산,14:22,10:04,1.0,1.0,False
184,,15:39,10:08,,15:41,,,,,,,,,,,,10:14,,15:50,,15:54,,,,,,15:35,,,10:04,,10:02,,,15:30,15:57,09:52,,09:57,15:47,10:10,,,,,,10:21,15:52,15:43,09:54,,09:59,10:17,,,09:49,,K2220,서울,문산,15:30,10:21,1.0,1.0,False
185,,16:24,10:31,,16:26,,,,,,,,,,,,10:37,,16:35,,16:39,,,,,,16:20,,,10:27,,10:25,,,16:15,16:42,10:15,,10:20,16:32,10:33,,,,,,10:44,16:37,16:28,10:17,,10:22,10:40,,,10:12,,K2222,서울,문산,16:15,10:44,1.0,1.0,False
186,,17:48,11:38,,17:50,,,,,,,,,,,,11:44,,17:59,,18:03,,,,,,17:44,,,11:34,,11:32,,,17:39,18:06,11:22,,11:27,17:56,11:40,,,,,,11:51,18:01,17:52,11:24,,11:29,11:47,,,11:19,,K2224,서울,문산,17:39,11:51,1.0,1.0,False
187,,11:43,,,11:46,,,,,,,,,,,,,,,,,,,,,,11:39,,,12:14,,12:12,,,11:34,11:58,12:02,,12:07,,12:20,,,,,,12:28,11:54,,,,12:10,,,,,,K2502,서울,문산,11:34,12:28,1.0,1.0,True
188,,12:47,,,12:50,,,,,,,,,,,,,,,,,,,,,,12:43,,,13:18,,13:16,,,12:38,13:02,13:06,,13:11,,13:24,,,,,,13:32,12:58,,,,13:14,,,,,,K2504,서울,문산,12:38,13:32,1.0,1.0,True
189,,18:21,14:19,,18:23,,,,,,,,,,,,14:25,,18:32,,18:36,,,,,,18:17,,,14:15,,14:13,,,18:12,18:39,14:03,,14:08,18:29,14:21,,,,,,14:32,18:34,18:25,14:05,,14:10,14:28,,,14:00,,K2226,서울,문산,18:12,14:32,1.0,1.0,False
190,,14:29,,,14:32,,,,,,,,,,,,,,,,,,,,,,14:25,,,15:00,,14:58,,,14:20,14:44,14:48,,14:53,,15:06,,,,,,15:14,14:40,,,,14:56,,,,,,K2506,서울,문산,14:20,15:14,1.0,1.0,True
191,,15:26,,,15:29,,,,,,,,,,,,,,,,,,,,,,15:22,,,15:57,,15:55,,,15:17,15:41,15:45,,15:50,,16:03,,,,,,16:11,15:37,,,,15:53,,,,,,K2508,서울,문산,15:17,16:11,1.0,1.0,True
192,,16:23,,,16:26,,,,,,,,,,,,,,,,,,,,,,16:19,,,16:54,,16:52,,,16:14,16:38,16:42,,16:47,,17:00,,,,,,17:08,16:34,,,,16:50,,,,,,K2510,서울,문산,16:14,17:08,1.0,1.0,True
193,,19:29,17:51,,19:31,,,,,,,,,,,,17:57,,19:40,,19:44,,,,,,19:25,,,17:47,,17:45,,,19:20,19:47,17:35,,17:40,19:37,17:53,,,,,,18:04,19:42,19:33,17:37,,17:42,18:00,,,17:32,,K2228,서울,문산,19:20,18:04,1.0,1.0,False
194,,20:41,18:26,,20:43,,,,,,,,,,,,18:32,,20:52,,20:56,,,,,,20:37,,,18:22,,18:20,,,20:32,20:59,18:10,,18:15,20:49,18:28,,,,,,18:39,20:54,20:45,18:12,,18:17,18:35,,,18:07,,K2230,서울,문산,20:32,18:39,1.0,1.0,False
195,,18:19,,,18:22,,,,,,,,,,,,,,,,,,,,,,18:15,,,18:51,,18:49,,,18:10,18:34,18:39,,18:44,,18:56,,,,,,19:06,18:30,,,,18:46,,,,,,K2512,서울,문산,18:10,19:06,1.0,1.0,True
196,,21:14,21:53,,21:16,,,,,,,,,,,,21:59,,21:25,,21:29,,,,,,21:10,,,21:49,,21:47,,,21:05,21:32,21:37,,21:42,21:22,21:55,,,,,,22:06,21:27,21:18,21:39,,21:44,22:02,,,21:34,,K2232,서울,문산,21:05,22:06,1.0,1.0,False
197,,22:09,22:48,,22:11,,,,,,,,,,,,22:54,,22:20,,22:24,,,,,,22:05,,,22:44,,22:42,,,22:00,22:27,22:32,,22:37,22:17,22:50,,,,,,23:01,22:22,22:13,22:34,,22:39,22:57,,,22:29,,K2234,서울,문산,22:00,23:01,1.0,1.0,False
198,,19:31,,,19:34,,,,,,,,,,,,,,,,,,,,,,19:27,,,20:02,,20:00,,,19:22,19:46,19:50,,19:55,,20:08,,,,,,20:16,19:42,,,,19:58,,,,,,K2514,서울,문산,19:22,20:16,1.0,1.0,True
199,,19:55,20:34,,19:57,,,19:47,,,,,,,,19:42,20:40,,20:06,,20:10,,,,,,,,,20:30,19:52,20:28,,,,20:13,20:18,,20:23,20:03,20:36,19:45,,19:50,,,20:47,20:08,19:59,20:21,,20:26,20:43,,,20:16,,K5304,용산,문산,19:42,20:47,1.0,1.0,False
200,,23:47,24:26,,23:49,,,,,,,,,,,,24:32,,23:58,,24:02,,,,,,23:43,,,24:22,,24:20,,,23:38,24:05,24:10,,24:15,23:55,24:28,,,,,,24:39,24:00,23:51,24:12,,24:17,24:35,,,24:07,,K2236,서울,문산,23:38,24:39,1.0,1.0,False
201,,20:56,21:35,,20:58,,,,,,,,,,,,21:41,,21:07,,21:11,,,,,,20:52,,,21:31,,21:29,,,20:47,21:14,21:19,,21:24,21:04,21:37,,,,,,21:48,21:09,21:00,21:21,,21:26,21:44,,,21:16,,K2238,서울,문산,20:47,21:48,1.0,1.0,False
202,,21:20,,,21:23,,,,,,,,,,,,,,,,,,,,,,21:16,,,21:51,,21:49,,,21:11,21:35,21:39,,21:44,,21:57,,,,,,22:05,21:31,,,,21:47,,,,,,K2516,서울,문산,21:11,22:05,1.0,1.0,True
203,,22:13,22:52,,22:15,,,,,,,,,,,,22:58,,22:24,,22:28,,,,,,22:09,,,22:48,,22:46,,,22:04,22:31,22:36,,22:41,22:21,22:54,,,,,,23:05,22:26,22:17,22:38,,22:43,23:01,,,22:33,,K2240,서울,문산,22:04,23:05,1.0,1.0,False
204,,23:46,24:25,,23:48,,,,,,,,,,,,24:31,,23:57,,24:01,,,,,,23:42,,,24:21,,24:19,,,23:37,24:04,24:09,,24:14,23:54,24:27,,,,,,24:38,23:59,23:50,24:11,,24:16,24:34,,,24:06,,K2242,서울,문산,23:37,24:38,1.0,1.0,False
205,,06:30,05:51,,06:27,,,,,,,,,,,,05:44,,06:19,,06:14,,,,,,06:33,,,05:54,,05:56,,,06:39,06:11,06:06,,06:01,06:22,05:48,,,,,,05:38,06:17,06:25,06:04,,05:59,05:41,,,06:09,,K2201,문산,서울,05:38,06:39,1.0,2.0,False
206,,07:37,06:58,,07:34,,,,,,,,,,,,06:51,,07:26,,07:21,,,,,,07:40,,,07:01,,07:03,,,07:46,07:18,07:13,,07:08,07:29,06:55,,,,,,06:45,07:24,07:32,07:11,,07:06,06:48,,,07:16,,K2203,문산,서울,06:45,07:46,1.0,2.0,False
207,,09:02,08:23,,08:59,,,,,,,,,,,,08:16,,08:51,,08:46,,,,,,09:05,,,08:26,,08:28,,,09:11,08:43,08:38,,08:33,08:54,08:20,,,,,,08:10,08:49,08:57,08:36,,08:31,08:13,,,08:41,,K2205,문산,서울,08:10,09:11,1.0,2.0,False
208,,07:20,,,07:17,,,,,,,,,,,,,,,,,,,,,,07:23,,,06:49,,06:51,,,07:29,07:05,07:01,,06:56,,06:43,,,,,,06:35,07:09,,,,06:53,,,,,,K2501,문산,서울,06:35,07:29,1.0,2.0,False
209,,09:48,06:57,,09:45,,,,,,,,,,,,06:50,,09:37,,09:32,,,,,,09:51,,,07:00,,07:02,,,09:57,09:30,07:12,,07:07,09:40,06:54,,,,,,06:44,09:35,09:43,07:10,,07:05,06:47,,,07:15,,K2207,문산,서울,06:44,09:57,1.0,2.0,False
210,,10:45,10:06,,10:42,,,,,,,,,,,,09:59,,10:34,,10:29,,,,,,10:48,,,10:09,,10:11,,,10:54,10:26,10:21,,10:16,10:37,10:03,,,,,,09:53,10:32,10:40,10:19,,10:14,09:56,,,10:24,,K2209,문산,서울,09:53,10:54,1.0,2.0,False
211,,08:47,08:08,,08:44,,,08:54,,,,,,,,09:00,08:01,,08:36,,08:31,,,,,,,,,08:11,08:49,08:13,,,,08:28,08:23,,08:18,08:39,08:05,08:57,,08:51,,,07:55,08:34,08:42,08:21,,08:16,07:58,,,08:26,,K5301,문산,용산,07:55,09:00,1.0,2.0,False
212,,12:12,07:33,,12:09,,,,,,,,,,,,07:26,,12:01,,11:56,,,,,,12:15,,,07:36,,07:38,,,12:21,11:54,07:48,,07:43,12:04,07:30,,,,,,07:20,11:59,12:07,07:46,,07:41,07:23,,,07:51,,K2211,문산,서울,07:20,12:21,1.0,2.0,False
213,,08:45,,,08:42,,,,,,,,,,,,,,,,,,,,,,08:49,,,08:14,,08:16,,,08:55,08:30,08:26,,08:21,,08:08,,,,,,08:00,08:34,,,,08:18,,,,,,K2503,문산,서울,08:00,08:55,1.0,2.0,False
214,,08:59,,,08:56,,,,,,,,,,,,,,,,,,,,,,09:03,,,08:28,,08:30,,,09:09,08:44,08:40,,08:35,,08:22,,,,,,08:14,08:48,,,,08:32,,,,,,K2505,문산,서울,08:14,09:09,1.0,2.0,False
215,,12:58,08:41,,12:55,,,,,,,,,,,,08:34,,12:47,,12:42,,,,,,13:01,,,08:44,,08:46,,,13:07,12:40,08:56,,08:51,12:50,08:38,,,,,,08:28,12:45,12:53,08:54,,08:49,08:31,,,08:59,,K2213,문산,서울,08:28,13:07,1.0,2.0,False
216,,13:56,09:38,,13:53,,,,,,,,,,,,09:31,,13:45,,13:40,,,,,,13:59,,,09:41,,09:43,,,14:05,13:38,09:53,,09:48,13:48,09:35,,,,,,09:25,13:43,13:51,09:51,,09:46,09:28,,,09:56,,K2215,문산,서울,09:25,14:05,1.0,2.0,False
217,,14:57,10:27,,14:54,,,,,,,,,,,,10:20,,14:46,,14:41,,,,,,15:00,,,10:30,,10:32,,,15:06,14:39,10:42,,10:37,14:49,10:24,,,,,,10:14,14:44,14:52,10:40,,10:35,10:17,,,10:45,,K2217,문산,서울,10:14,15:06,1.0,2.0,False
218,,15:57,11:27,,15:54,,,,,,,,,,,,11:20,,15:46,,15:41,,,,,,16:00,,,11:30,,11:32,,,16:06,15:39,11:42,,11:37,15:49,11:24,,,,,,11:14,15:44,15:52,11:40,,11:35,11:17,,,11:45,,K2219,문산,서울,11:14,16:06,1.0,2.0,False
219,,13:01,,,12:58,,,,,,,,,,,,,,,,,,,,,,13:05,,,12:30,,12:32,,,13:11,12:46,12:42,,12:37,,12:24,,,,,,12:16,12:50,,,,12:34,,,,,,K2507,문산,서울,12:16,13:11,1.0,2.0,False
220,,13:45,,,13:42,,,,,,,,,,,,,,,,,,,,,,13:49,,,13:14,,13:16,,,13:55,13:30,13:26,,13:21,,13:08,,,,,,13:00,13:34,,,,13:18,,,,,,K2509,문산,서울,13:00,13:55,1.0,2.0,False
221,,16:40,13:56,,16:37,,,,,,,,,,,,13:49,,16:29,,16:24,,,,,,16:43,,,13:59,,14:01,,,16:49,16:22,14:11,,14:06,16:32,13:53,,,,,,13:43,16:27,16:35,14:09,,14:04,13:46,,,14:14,,K2221,문산,서울,13:43,16:49,1.0,2.0,False
222,,15:43,,,15:40,,,,,,,,,,,,,,,,,,,,,,15:47,,,15:12,,15:14,,,15:53,15:28,15:24,,15:19,,15:06,,,,,,14:58,15:32,,,,15:16,,,,,,K2511,문산,서울,14:58,15:53,1.0,2.0,False
223,,16:35,,,16:32,,,,,,,,,,,,,,,,,,,,,,16:39,,,16:04,,16:06,,,16:45,16:20,16:16,,16:11,,15:58,,,,,,15:50,16:24,,,,16:08,,,,,,K2513,문산,서울,15:50,16:45,1.0,2.0,False
224,,17:15,,,17:12,,,,,,,,,,,,,,,,,,,,,,17:19,,,16:44,,16:46,,,17:25,17:00,16:56,,16:51,,16:38,,,,,,16:30,17:04,,,,16:48,,,,,,K2515,문산,서울,16:30,17:25,1.0,2.0,False
225,,17:40,16:54,,17:37,,,,,,,,,,,,16:47,,17:29,,17:24,,,,,,17:43,,,16:57,,16:59,,,17:49,17:22,17:09,,17:04,17:32,16:51,,,,,,16:41,17:27,17:35,17:07,,17:02,16:44,,,17:12,,K2223,문산,서울,16:41,17:49,1.0,2.0,False
226,,18:47,17:26,,18:44,,,,,,,,,,,,17:19,,18:36,,18:31,,,,,,18:50,,,17:29,,17:31,,,18:56,18:29,17:41,,17:36,18:39,17:23,,,,,,17:13,18:34,18:42,17:39,,17:34,17:16,,,17:44,,K2225,문산,서울,17:13,18:56,1.0,2.0,False
227,,19:28,17:43,,19:25,,,,,,,,,,,,17:36,,19:17,,19:12,,,,,,19:31,,,17:46,,17:48,,,19:37,19:10,17:59,,17:53,19:20,17:40,,,,,,17:30,19:15,19:23,17:56,,17:51,17:33,,,18:01,,K2227,문산,서울,17:30,19:37,1.0,2.0,False
228,,18:12,17:33,,18:09,,,18:19,,,,,,,,18:25,17:26,,18:01,,17:56,,,,,,,,,17:36,18:14,17:38,,,,17:53,17:48,,17:43,18:04,17:30,18:22,,18:16,,,17:20,17:59,18:07,17:46,,17:41,17:23,,,17:51,,K5303,문산,용산,17:20,18:25,1.0,2.0,False
229,,20:45,18:25,,20:42,,,,,,,,,,,,18:18,,20:34,,20:29,,,,,,20:48,,,18:28,,18:30,,,20:54,20:27,18:40,,18:35,20:37,18:22,,,,,,18:12,20:32,20:40,18:38,,18:33,18:15,,,18:43,,K2229,문산,서울,18:12,20:54,1.0,2.0,False
230,,19:10,18:31,,19:07,,,19:17,,19:34,,20:13,19:43,20:52,,19:23,18:24,,18:59,20:11,18:54,20:01,19:52,,19:47,,,19:39,,18:34,19:12,18:36,20:38,19:28,,18:51,18:46,,18:41,19:02,18:28,19:20,,19:14,19:58,,18:18,18:57,19:05,18:44,,18:39,18:21,20:23,,18:49,,K5851,문산,용문,18:18,20:52,1.0,2.0,True
231,,21:40,18:43,,21:37,,,,,,,,,,,,18:36,,21:29,,21:24,,,,,,21:43,,,18:46,,18:48,,,21:49,21:22,18:58,,18:53,21:32,18:40,,,,,,18:30,21:27,21:35,18:56,,18:51,18:33,,,19:01,,K2231,문산,서울,18:30,21:49,1.0,2.0,False
232,,23:12,22:33,,23:09,,,,,,,,,,,,22:26,,23:01,,22:56,,,,,,23:15,,,22:36,,22:38,,,23:21,22:53,22:48,,22:43,23:04,22:30,,,,,,22:20,22:59,23:07,22:46,,22:41,22:23,,,22:51,,K2233,문산,서울,22:20,23:21,1.0,2.0,False
233,,24:07,23:28,,24:04,,,,,,,,,,,,23:21,,23:56,,23:51,,,,,,24:10,,,23:31,,23:33,,,24:16,23:48,23:43,,23:38,23:59,23:25,,,,,,23:15,23:54,24:02,23:41,,23:36,23:18,,,23:46,,K2235,문산,서울,23:15,24:16,1.0,2.0,False
234,,21:39,21:00,,21:36,,,,,,,,,,,,20:53,,21:28,,21:23,,,,,,21:42,,,21:03,,21:05,,,21:48,21:20,21:15,,21:10,21:31,20:57,,,,,,20:47,21:26,21:34,21:13,,21:08,20:50,,,21:18,,K2237,문산,서울,20:47,21:48,1.0,2.0,False
235,,21:46,21:07,,21:43,,,21:53,,22:09,,22:47,22:17,23:21,,21:59,21:00,,21:35,22:40,21:30,22:34,22:25,,22:20,,,22:13,,21:10,21:48,21:12,23:12,22:03,,21:27,21:22,,21:17,21:38,21:04,21:56,,21:50,22:31,,20:54,21:33,21:41,21:20,,21:15,20:57,22:57,,21:25,,K5853,문산,용문,20:54,23:21,1.0,2.0,True
236,,22:57,22:18,,22:54,,,,,,,,,,,,22:11,,22:46,,22:41,,,,,,23:00,,,22:21,,22:23,,,23:06,22:38,22:33,,22:28,22:49,22:15,,,,,,22:05,22:44,22:52,22:31,,22:26,22:08,,,22:36,,K2239,문산,서울,22:05,23:06,1.0,2.0,False
237,,23:18,,,23:15,,,23:25,,23:43,,,23:52,,23:38,23:31,,,23:07,,23:02,,,23:46,,,,23:48,,,23:20,,,23:35,,22:59,22:54,23:41,22:50,23:10,,23:28,,23:22,,,,23:05,23:13,22:52,,,,,,22:57,,K5163,일산,청량리,22:50,23:52,1.0,2.0,False
238,,23:29,22:50,,23:26,,,23:36,,23:54,,,24:03,,23:49,23:42,22:43,,23:18,,23:13,,,23:57,,,,23:59,,22:53,23:31,22:55,,23:46,,23:10,23:05,23:52,23:00,23:21,22:47,23:39,,23:33,,,22:37,23:16,23:24,23:03,,22:58,22:40,,,23:08,,K5165,문산,청량리,22:37,24:03,1.0,2.0,False
239,,23:38,22:59,,23:35,,,,,,,,,,,,22:52,,23:27,,23:22,,,,,,23:41,,,23:02,,23:04,,,23:47,23:19,23:14,,23:09,23:30,22:56,,,,,,22:46,23:25,23:33,23:12,,23:07,22:49,,,23:17,,K2241,문산,서울,22:46,23:47,1.0,2.0,False
240,,,,09:41,,,,,,,,,,,,,,,,,,,,,,09:45,,,,,,,,,,,,,,,,,,,,,09:35,,,,,,,,,,,K2602,문산,임진강,09:35,09:45,1.0,1.0,False
241,,,,10:41,,,,,,,,,,,,,,,,,,,,,,10:45,,,,,,,,,,,,,,,,,,,,,10:35,,,,,,,,,,,K2604,문산,임진강,10:35,10:45,1.0,1.0,False
242,,,,10:04,,,,,,,,,,,,,,,,,,,,,,10:00,,,,,,,,,,,,,,,,,,,,,10:10,,,,,,,,,,,K2601,임진강,문산,10:00,10:10,1.0,2.0,False
243,,,,12:44,,,,,,,,,,,,,,,,,,,,,,12:40,,,,,,,,,,,,,,,,,,,,,12:50,,,,,,,,,,,K2603,임진강,문산,12:40,12:50,1.0,2.0,False
244,,,,15:51,,,,,,,,,,,,,,,,,,,,,,15:55,,,,,,,,,,,,,,,,,,,,,15:45,,,,,,,,,,,K2606,문산,임진강,15:45,15:55,2.0,1.0,False
245,,,,17:26,,,,,,,,,,,,,,,,,,,,,,17:30,,,,,,,,,,,,,,,,,,,,,17:20,,,,,,,,,,,K2608,문산,임진강,17:20,17:30,2.0,1.0,False
246,,,,16:14,,,,,,,,,,,,,,,,,,,,,,16:10,,,,,,,,,,,,,,,,,,,,,16:20,,,,,,,,,,,K2605,임진강,문산,16:10,16:20,2.0,2.0,False
247,,,,17:49,,,,,,,,,,,,,,,,,,,,,,17:45,,,,,,,,,,,,,,,,,,,,,17:55,,,,,,,,,,,K2607,임진강,문산,17:45,17:55,2.0,2.0,False
