1914,1916,1920,1908,1918,1907,1911,1917,1919,1912,1913,1915,1910,1921,1909,1922,열차번호,출발역사명,도착역사명,출발시간,도착시간,요일,방향,급행선
553.0,547.0,536.0,610.0,542.0,611.0,605.0,545.0,539.0,602.0,559.0,550.0,607.0,533.0,609.0,530.0,1,광교(경기대),신사,530,611,1.0,1.0,False
606.0,600.0,549.0,623.0,555.0,624.0,618.0,558.0,552.0,615.0,612.0,603.0,620.0,546.0,622.0,543.0,2,광교(경기대),신사,543,624,1.0,1.0,False
618.0,612.0,601.0,635.0,607.0,636.0,630.0,610.0,604.0,627.0,624.0,615.0,632.0,558.0,634.0,555.0,3,광교(경기대),신사,555,636,1.0,1.0,False
630.0,624.0,613.0,647.0,619.0,648.0,642.0,622.0,616.0,639.0,636.0,627.0,644.0,610.0,646.0,607.0,4,광교(경기대),신사,607,648,1.0,1.0,False
642.0,636.0,625.0,659.0,630.0,700.0,653.0,633.0,628.0,651.0,648.0,639.0,656.0,622.0,657.0,618.0,5,광교(경기대),신사,618,700,1.0,1.0,False
652.0,647.0,635.0,709.0,641.0,710.0,704.0,644.0,638.0,702.0,659.0,649.0,706.0,632.0,708.0,629.0,6,광교(경기대),신사,629,710,1.0,1.0,False
658.0,652.0,641.0,715.0,646.0,716.0,710.0,649.0,644.0,707.0,704.0,654.0,712.0,637.0,714.0,634.0,7,광교(경기대),신사,634,716,1.0,1.0,False
703.0,657.0,646.0,721.0,652.0,722.0,715.0,655.0,649.0,713.0,710.0,700.0,718.0,643.0,719.0,640.0,8,광교(경기대),신사,640,722,1.0,1.0,False
708.0,702.0,651.0,726.0,657.0,727.0,720.0,700.0,654.0,718.0,715.0,705.0,723.0,648.0,724.0,645.0,9,광교(경기대),신사,645,727,1.0,1.0,False
713.0,707.0,656.0,731.0,702.0,732.0,725.0,705.0,659.0,723.0,720.0,710.0,728.0,653.0,729.0,650.0,10,광교(경기대),신사,650,732,1.0,1.0,False
719.0,713.0,702.0,737.0,708.0,738.0,731.0,711.0,705.0,729.0,726.0,716.0,734.0,659.0,735.0,656.0,11,광교(경기대),신사,656,738,1.0,1.0,False
724.0,718.0,707.0,742.0,713.0,743.0,736.0,716.0,710.0,734.0,731.0,721.0,739.0,704.0,740.0,701.0,12,광교(경기대),신사,701,743,1.0,1.0,False
729.0,723.0,712.0,747.0,718.0,748.0,741.0,721.0,715.0,739.0,736.0,726.0,744.0,709.0,745.0,706.0,13,광교(경기대),신사,706,748,1.0,1.0,False
734.0,728.0,717.0,752.0,723.0,753.0,746.0,726.0,720.0,744.0,741.0,731.0,749.0,714.0,750.0,711.0,14,광교(경기대),신사,711,753,1.0,1.0,False
739.0,733.0,722.0,757.0,728.0,758.0,751.0,731.0,725.0,749.0,746.0,736.0,754.0,719.0,755.0,716.0,15,광교(경기대),신사,716,758,1.0,1.0,False
744.0,738.0,727.0,802.0,733.0,803.0,756.0,736.0,730.0,754.0,751.0,741.0,759.0,724.0,800.0,721.0,16,광교(경기대),신사,721,803,1.0,1.0,False
749.0,743.0,732.0,807.0,738.0,808.0,801.0,741.0,735.0,759.0,756.0,746.0,804.0,729.0,805.0,726.0,17,광교(경기대),신사,726,808,1.0,1.0,False
754.0,748.0,737.0,812.0,743.0,813.0,806.0,746.0,740.0,804.0,801.0,751.0,809.0,734.0,810.0,731.0,18,광교(경기대),신사,731,813,1.0,1.0,False
759.0,753.0,742.0,817.0,748.0,818.0,811.0,751.0,745.0,809.0,806.0,756.0,814.0,739.0,815.0,736.0,19,광교(경기대),신사,736,818,1.0,1.0,False
804.0,758.0,747.0,822.0,753.0,823.0,816.0,756.0,750.0,814.0,811.0,801.0,819.0,744.0,820.0,741.0,20,광교(경기대),신사,741,823,1.0,1.0,False
809.0,803.0,752.0,827.0,758.0,828.0,821.0,801.0,755.0,819.0,816.0,806.0,824.0,749.0,825.0,746.0,21,광교(경기대),신사,746,828,1.0,1.0,False
814.0,808.0,757.0,832.0,803.0,833.0,826.0,806.0,800.0,824.0,821.0,811.0,829.0,754.0,830.0,751.0,22,광교(경기대),신사,751,833,1.0,1.0,False
819.0,813.0,802.0,837.0,808.0,838.0,831.0,811.0,805.0,829.0,826.0,816.0,834.0,759.0,835.0,756.0,23,광교(경기대),신사,756,838,1.0,1.0,False
824.0,818.0,807.0,842.0,813.0,843.0,836.0,816.0,810.0,834.0,831.0,821.0,839.0,804.0,840.0,801.0,24,광교(경기대),신사,801,843,1.0,1.0,False
829.0,823.0,812.0,847.0,818.0,848.0,841.0,821.0,815.0,839.0,836.0,826.0,844.0,809.0,845.0,806.0,25,광교(경기대),신사,806,848,1.0,1.0,False
834.0,828.0,817.0,852.0,823.0,853.0,846.0,826.0,820.0,844.0,841.0,831.0,849.0,814.0,850.0,811.0,26,광교(경기대),신사,811,853,1.0,1.0,False
839.0,833.0,822.0,857.0,828.0,858.0,851.0,831.0,825.0,849.0,846.0,836.0,854.0,819.0,855.0,816.0,27,광교(경기대),신사,816,858,1.0,1.0,False
844.0,838.0,827.0,902.0,833.0,903.0,856.0,836.0,830.0,854.0,851.0,841.0,859.0,824.0,900.0,821.0,28,광교(경기대),신사,821,903,1.0,1.0,False
849.0,843.0,832.0,907.0,838.0,908.0,901.0,841.0,835.0,859.0,856.0,846.0,904.0,829.0,905.0,826.0,29,광교(경기대),신사,826,908,1.0,1.0,False
854.0,848.0,837.0,912.0,843.0,913.0,906.0,846.0,840.0,904.0,901.0,851.0,909.0,834.0,910.0,831.0,30,광교(경기대),신사,831,913,1.0,1.0,False
859.0,853.0,842.0,917.0,848.0,918.0,911.0,851.0,845.0,909.0,906.0,856.0,914.0,839.0,915.0,836.0,31,광교(경기대),신사,836,918,1.0,1.0,False
904.0,858.0,847.0,922.0,853.0,923.0,916.0,856.0,850.0,914.0,911.0,901.0,919.0,844.0,920.0,841.0,32,광교(경기대),신사,841,923,1.0,1.0,False
909.0,903.0,852.0,927.0,858.0,928.0,921.0,901.0,855.0,919.0,916.0,906.0,924.0,849.0,925.0,846.0,33,광교(경기대),신사,846,928,1.0,1.0,False
914.0,908.0,857.0,932.0,903.0,933.0,926.0,906.0,900.0,924.0,921.0,911.0,929.0,854.0,930.0,851.0,34,광교(경기대),신사,851,933,1.0,1.0,False
919.0,913.0,902.0,937.0,908.0,938.0,931.0,911.0,905.0,929.0,926.0,916.0,934.0,859.0,935.0,856.0,35,광교(경기대),신사,856,938,1.0,1.0,False
925.0,919.0,908.0,943.0,914.0,944.0,937.0,917.0,911.0,935.0,932.0,922.0,940.0,905.0,941.0,902.0,36,광교(경기대),신사,902,944,1.0,1.0,False
932.0,926.0,915.0,950.0,921.0,951.0,944.0,924.0,918.0,942.0,939.0,929.0,947.0,912.0,948.0,909.0,37,광교(경기대),신사,909,951,1.0,1.0,False
939.0,933.0,922.0,956.0,927.0,957.0,951.0,930.0,925.0,948.0,945.0,935.0,953.0,918.0,955.0,915.0,38,광교(경기대),신사,915,957,1.0,1.0,False
944.0,938.0,927.0,1002.0,933.0,1003.0,956.0,936.0,930.0,954.0,951.0,941.0,959.0,924.0,1000.0,921.0,39,광교(경기대),신사,921,1003,1.0,1.0,False
951.0,945.0,934.0,1008.0,939.0,1009.0,1003.0,942.0,937.0,1000.0,957.0,947.0,1005.0,930.0,1007.0,927.0,40,광교(경기대),신사,927,1009,1.0,1.0,False
958.0,952.0,941.0,1016.0,947.0,1017.0,1010.0,950.0,944.0,1008.0,1005.0,955.0,1012.0,938.0,1014.0,935.0,41,광교(경기대),신사,935,1017,1.0,1.0,False
1006.0,1000.0,949.0,1023.0,954.0,1024.0,1018.0,957.0,952.0,1015.0,1012.0,1003.0,1020.0,946.0,1022.0,942.0,42,광교(경기대),신사,942,1024,1.0,1.0,False
1014.0,1008.0,957.0,1032.0,1003.0,1033.0,1026.0,1006.0,1000.0,1024.0,1021.0,1011.0,1028.0,954.0,1030.0,951.0,43,광교(경기대),신사,951,1033,1.0,1.0,False
1023.0,1017.0,1006.0,1041.0,1012.0,1042.0,1035.0,1015.0,1009.0,1033.0,1030.0,1020.0,1037.0,1003.0,1039.0,1000.0,44,광교(경기대),신사,1000,1042,1.0,1.0,False
1030.0,1024.0,1013.0,1047.0,1018.0,1048.0,1042.0,1021.0,1016.0,1039.0,1036.0,1027.0,1044.0,1010.0,1046.0,1006.0,45,광교(경기대),신사,1006,1048,1.0,1.0,False
1038.0,1032.0,1021.0,1056.0,1027.0,1057.0,1050.0,1030.0,1024.0,1048.0,1045.0,1035.0,1052.0,1018.0,1054.0,1015.0,46,광교(경기대),신사,1015,1057,1.0,1.0,False
1045.0,1039.0,1028.0,1102.0,1033.0,1103.0,1057.0,1036.0,1031.0,1054.0,1051.0,1042.0,1059.0,1025.0,1101.0,1021.0,47,광교(경기대),신사,1021,1103,1.0,1.0,False
1053.0,1047.0,1036.0,1110.0,1041.0,1111.0,1104.0,1044.0,1039.0,1102.0,1059.0,1049.0,1107.0,1033.0,1108.0,1029.0,48,광교(경기대),신사,1029,1111,1.0,1.0,False
1100.0,1054.0,1043.0,1117.0,1048.0,1118.0,1112.0,1051.0,1046.0,1109.0,1106.0,1057.0,1114.0,1040.0,1116.0,1036.0,49,광교(경기대),신사,1036,1118,1.0,1.0,False
1108.0,1102.0,1051.0,1125.0,1056.0,1126.0,1120.0,1059.0,1054.0,1117.0,1114.0,1105.0,1122.0,1048.0,1124.0,1044.0,50,광교(경기대),신사,1044,1126,1.0,1.0,False
1116.0,1110.0,1059.0,1133.0,1104.0,1134.0,1128.0,1107.0,1102.0,1125.0,1122.0,1113.0,1130.0,1056.0,1132.0,1052.0,51,광교(경기대),신사,1052,1134,1.0,1.0,False
1124.0,1118.0,1107.0,1141.0,1113.0,1142.0,1136.0,1115.0,1110.0,1133.0,1130.0,1121.0,1138.0,1104.0,1140.0,1101.0,52,광교(경기대),신사,1101,1142,1.0,1.0,False
1132.0,1126.0,1115.0,1149.0,1120.0,1150.0,1144.0,1123.0,1118.0,1141.0,1138.0,1129.0,1146.0,1112.0,1148.0,1108.0,53,광교(경기대),신사,1108,1150,1.0,1.0,False
1140.0,1134.0,1123.0,1157.0,1128.0,1158.0,1152.0,1131.0,1126.0,1149.0,1146.0,1137.0,1154.0,1120.0,1156.0,1116.0,54,광교(경기대),신사,1116,1158,1.0,1.0,False
1148.0,1142.0,1131.0,1205.0,1136.0,1206.0,1200.0,1139.0,1134.0,1157.0,1154.0,1145.0,1202.0,1128.0,1204.0,1124.0,55,광교(경기대),신사,1124,1206,1.0,1.0,False
1156.0,1150.0,1139.0,1213.0,1144.0,1214.0,1208.0,1147.0,1142.0,1205.0,1202.0,1153.0,1210.0,1136.0,1212.0,1132.0,56,광교(경기대),신사,1132,1214,1.0,1.0,False
1204.0,1158.0,1147.0,1221.0,1152.0,1222.0,1216.0,1155.0,1150.0,1213.0,1210.0,1201.0,1218.0,1144.0,1220.0,1140.0,57,광교(경기대),신사,1140,1222,1.0,1.0,False
1212.0,1206.0,1155.0,1229.0,1200.0,1230.0,1224.0,1203.0,1158.0,1221.0,1218.0,1209.0,1226.0,1152.0,1228.0,1148.0,58,광교(경기대),신사,1148,1230,1.0,1.0,False
1220.0,1214.0,1203.0,1237.0,1208.0,1238.0,1232.0,1211.0,1206.0,1229.0,1226.0,1217.0,1234.0,1200.0,1236.0,1156.0,59,광교(경기대),신사,1156,1238,1.0,1.0,False
1228.0,1222.0,1211.0,1245.0,1216.0,1246.0,1240.0,1219.0,1214.0,1237.0,1234.0,1225.0,1242.0,1208.0,1244.0,1204.0,60,광교(경기대),신사,1204,1246,1.0,1.0,False
1236.0,1230.0,1219.0,1253.0,1224.0,1254.0,1248.0,1227.0,1222.0,1245.0,1242.0,1233.0,1250.0,1216.0,1252.0,1212.0,61,광교(경기대),신사,1212,1254,1.0,1.0,False
1244.0,1238.0,1227.0,1301.0,1232.0,1302.0,1256.0,1235.0,1230.0,1253.0,1250.0,1241.0,1258.0,1224.0,1300.0,1220.0,62,광교(경기대),신사,1220,1302,1.0,1.0,False
1252.0,1246.0,1235.0,1309.0,1240.0,1310.0,1304.0,1243.0,1238.0,1301.0,1258.0,1249.0,1306.0,1232.0,1308.0,1228.0,63,광교(경기대),신사,1228,1310,1.0,1.0,False
1300.0,1254.0,1243.0,1317.0,1248.0,1318.0,1312.0,1251.0,1246.0,1309.0,1306.0,1257.0,1314.0,1240.0,1316.0,1236.0,64,광교(경기대),신사,1236,1318,1.0,1.0,False
1308.0,1302.0,1251.0,1325.0,1256.0,1326.0,1320.0,1259.0,1254.0,1317.0,1314.0,1305.0,1322.0,1248.0,1324.0,1244.0,65,광교(경기대),신사,1244,1326,1.0,1.0,False
1316.0,1310.0,1259.0,1333.0,1304.0,1334.0,1328.0,1307.0,1302.0,1325.0,1322.0,1313.0,1330.0,1256.0,1332.0,1252.0,66,광교(경기대),신사,1252,1334,1.0,1.0,False
1324.0,1318.0,1307.0,1341.0,1312.0,1342.0,1336.0,1315.0,1310.0,1333.0,1330.0,1321.0,1338.0,1304.0,1340.0,1300.0,67,광교(경기대),신사,1300,1342,1.0,1.0,False
1332.0,1326.0,1315.0,1349.0,1320.0,1350.0,1344.0,1323.0,1318.0,1341.0,1338.0,1329.0,1346.0,1312.0,1348.0,1308.0,68,광교(경기대),신사,1308,1350,1.0,1.0,False
1340.0,1334.0,1323.0,1357.0,1328.0,1358.0,1352.0,1331.0,1326.0,1349.0,1346.0,1337.0,1354.0,1320.0,1356.0,1316.0,69,광교(경기대),신사,1316,1358,1.0,1.0,False
1348.0,1342.0,1331.0,1405.0,1336.0,1406.0,1400.0,1339.0,1334.0,1357.0,1354.0,1345.0,1402.0,1328.0,1404.0,1324.0,70,광교(경기대),신사,1324,1406,1.0,1.0,False
1356.0,1350.0,1339.0,1413.0,1344.0,1414.0,1408.0,1347.0,1342.0,1405.0,1402.0,1353.0,1410.0,1336.0,1412.0,1332.0,71,광교(경기대),신사,1332,1414,1.0,1.0,False
1404.0,1358.0,1347.0,1421.0,1352.0,1422.0,1416.0,1355.0,1350.0,1413.0,1410.0,1401.0,1418.0,1344.0,1420.0,1340.0,72,광교(경기대),신사,1340,1422,1.0,1.0,False
1412.0,1406.0,1355.0,1429.0,1400.0,1430.0,1424.0,1403.0,1358.0,1421.0,1418.0,1409.0,1426.0,1352.0,1428.0,1348.0,73,광교(경기대),신사,1348,1430,1.0,1.0,False
1420.0,1414.0,1403.0,1437.0,1408.0,1438.0,1432.0,1411.0,1406.0,1429.0,1426.0,1417.0,1434.0,1400.0,1436.0,1356.0,74,광교(경기대),신사,1356,1438,1.0,1.0,False
1428.0,1422.0,1411.0,1445.0,1416.0,1446.0,1440.0,1419.0,1414.0,1437.0,1434.0,1425.0,1442.0,1408.0,1444.0,1404.0,75,광교(경기대),신사,1404,1446,1.0,1.0,False
1436.0,1430.0,1419.0,1453.0,1424.0,1454.0,1448.0,1427.0,1422.0,1445.0,1442.0,1433.0,1450.0,1416.0,1452.0,1412.0,76,광교(경기대),신사,1412,1454,1.0,1.0,False
1444.0,1438.0,1427.0,1501.0,1432.0,1502.0,1456.0,1435.0,1430.0,1453.0,1450.0,1441.0,1458.0,1424.0,1500.0,1420.0,77,광교(경기대),신사,1420,1502,1.0,1.0,False
1452.0,1446.0,1435.0,1509.0,1440.0,1510.0,1504.0,1443.0,1438.0,1501.0,1458.0,1449.0,1506.0,1432.0,1508.0,1428.0,78,광교(경기대),신사,1428,1510,1.0,1.0,False
1500.0,1454.0,1443.0,1517.0,1448.0,1518.0,1512.0,1451.0,1446.0,1509.0,1506.0,1457.0,1514.0,1440.0,1516.0,1436.0,79,광교(경기대),신사,1436,1518,1.0,1.0,False
1508.0,1502.0,1451.0,1525.0,1456.0,1526.0,1520.0,1459.0,1454.0,1517.0,1514.0,1505.0,1522.0,1448.0,1524.0,1444.0,80,광교(경기대),신사,1444,1526,1.0,1.0,False
1516.0,1510.0,1459.0,1533.0,1504.0,1534.0,1528.0,1507.0,1502.0,1525.0,1522.0,1513.0,1530.0,1456.0,1532.0,1452.0,81,광교(경기대),신사,1452,1534,1.0,1.0,False
1524.0,1518.0,1507.0,1541.0,1512.0,1542.0,1536.0,1515.0,1510.0,1533.0,1530.0,1521.0,1538.0,1504.0,1540.0,1500.0,82,광교(경기대),신사,1500,1542,1.0,1.0,False
1532.0,1526.0,1515.0,1549.0,1520.0,1550.0,1544.0,1523.0,1518.0,1541.0,1538.0,1529.0,1546.0,1512.0,1548.0,1508.0,83,광교(경기대),신사,1508,1550,1.0,1.0,False
1540.0,1534.0,1523.0,1557.0,1528.0,1558.0,1552.0,1531.0,1526.0,1549.0,1546.0,1537.0,1554.0,1520.0,1556.0,1516.0,84,광교(경기대),신사,1516,1558,1.0,1.0,False
1548.0,1542.0,1531.0,1605.0,1536.0,1606.0,1600.0,1539.0,1534.0,1557.0,1554.0,1545.0,1602.0,1528.0,1604.0,1524.0,85,광교(경기대),신사,1524,1606,1.0,1.0,False
1556.0,1550.0,1539.0,1613.0,1544.0,1614.0,1608.0,1547.0,1542.0,1605.0,1602.0,1553.0,1610.0,1536.0,1612.0,1532.0,86,광교(경기대),신사,1532,1614,1.0,1.0,False
1604.0,1558.0,1547.0,1621.0,1552.0,1622.0,1616.0,1555.0,1550.0,1613.0,1610.0,1601.0,1618.0,1544.0,1620.0,1540.0,87,광교(경기대),신사,1540,1622,1.0,1.0,False
1612.0,1606.0,1555.0,1629.0,1600.0,1630.0,1624.0,1603.0,1558.0,1621.0,1618.0,1609.0,1626.0,1552.0,1628.0,1548.0,88,광교(경기대),신사,1548,1630,1.0,1.0,False
1620.0,1614.0,1603.0,1637.0,1608.0,1638.0,1632.0,1611.0,1606.0,1629.0,1626.0,1617.0,1634.0,1600.0,1636.0,1556.0,89,광교(경기대),신사,1556,1638,1.0,1.0,False
1628.0,1622.0,1611.0,1645.0,1616.0,1646.0,1640.0,1619.0,1614.0,1637.0,1634.0,1625.0,1642.0,1608.0,1644.0,1604.0,90,광교(경기대),신사,1604,1646,1.0,1.0,False
1636.0,1630.0,1619.0,1653.0,1624.0,1654.0,1648.0,1627.0,1622.0,1645.0,1642.0,1633.0,1650.0,1616.0,1652.0,1612.0,91,광교(경기대),신사,1612,1654,1.0,1.0,False
1644.0,1638.0,1627.0,1701.0,1632.0,1702.0,1656.0,1635.0,1630.0,1653.0,1650.0,1641.0,1658.0,1624.0,1700.0,1620.0,92,광교(경기대),신사,1620,1702,1.0,1.0,False
1652.0,1646.0,1635.0,1709.0,1640.0,1710.0,1704.0,1643.0,1638.0,1701.0,1658.0,1649.0,1706.0,1632.0,1708.0,1628.0,93,광교(경기대),신사,1628,1710,1.0,1.0,False
1700.0,1654.0,1643.0,1717.0,1648.0,1718.0,1712.0,1651.0,1646.0,1709.0,1706.0,1657.0,1714.0,1640.0,1716.0,1636.0,94,광교(경기대),신사,1636,1718,1.0,1.0,False
1708.0,1702.0,1651.0,1725.0,1656.0,1726.0,1720.0,1659.0,1654.0,1717.0,1714.0,1705.0,1722.0,1648.0,1724.0,1644.0,95,광교(경기대),신사,1644,1726,1.0,1.0,False
1716.0,1710.0,1659.0,1733.0,1704.0,1734.0,1728.0,1707.0,1702.0,1725.0,1722.0,1713.0,1730.0,1656.0,1732.0,1652.0,96,광교(경기대),신사,1652,1734,1.0,1.0,False
1724.0,1718.0,1707.0,1741.0,1712.0,1742.0,1736.0,1715.0,1710.0,1733.0,1730.0,1721.0,1738.0,1704.0,1740.0,1700.0,97,광교(경기대),신사,1700,1742,1.0,1.0,False
1732.0,1726.0,1715.0,1749.0,1720.0,1750.0,1744.0,1723.0,1718.0,1741.0,1738.0,1729.0,1746.0,1712.0,1748.0,1708.0,98,광교(경기대),신사,1708,1750,1.0,1.0,False
1740.0,1734.0,1723.0,1757.0,1728.0,1758.0,1752.0,1731.0,1726.0,1749.0,1746.0,1737.0,1754.0,1720.0,1756.0,1716.0,99,광교(경기대),신사,1716,1758,1.0,1.0,False
1748.0,1742.0,1731.0,1805.0,1736.0,1806.0,1800.0,1739.0,1734.0,1757.0,1754.0,1745.0,1802.0,1728.0,1804.0,1724.0,100,광교(경기대),신사,1724,1806,1.0,1.0,False
1755.0,1749.0,1738.0,1813.0,1744.0,1814.0,1807.0,1747.0,1741.0,1805.0,1802.0,1752.0,1809.0,1735.0,1811.0,1732.0,101,광교(경기대),신사,1732,1814,1.0,1.0,False
1804.0,1758.0,1747.0,1822.0,1753.0,1823.0,1816.0,1756.0,1750.0,1814.0,1811.0,1801.0,1819.0,1744.0,1820.0,1741.0,102,광교(경기대),신사,1741,1823,1.0,1.0,False
1809.0,1803.0,1752.0,1827.0,1758.0,1828.0,1821.0,1801.0,1755.0,1819.0,1816.0,1806.0,1824.0,1749.0,1825.0,1746.0,103,광교(경기대),신사,1746,1828,1.0,1.0,False
1814.0,1808.0,1757.0,1832.0,1803.0,1833.0,1826.0,1806.0,1800.0,1824.0,1821.0,1811.0,1829.0,1754.0,1830.0,1751.0,104,광교(경기대),신사,1751,1833,1.0,1.0,False
1819.0,1813.0,1802.0,1837.0,1808.0,1838.0,1831.0,1811.0,1805.0,1829.0,1826.0,1816.0,1834.0,1759.0,1835.0,1756.0,105,광교(경기대),신사,1756,1838,1.0,1.0,False
1824.0,1818.0,1807.0,1842.0,1813.0,1843.0,1836.0,1816.0,1810.0,1834.0,1831.0,1821.0,1839.0,1804.0,1840.0,1801.0,106,광교(경기대),신사,1801,1843,1.0,1.0,False
1829.0,1823.0,1812.0,1847.0,1818.0,1848.0,1841.0,1821.0,1815.0,1839.0,1836.0,1826.0,1844.0,1809.0,1845.0,1806.0,107,광교(경기대),신사,1806,1848,1.0,1.0,False
1834.0,1828.0,1817.0,1852.0,1823.0,1853.0,1846.0,1826.0,1820.0,1844.0,1841.0,1831.0,1849.0,1814.0,1850.0,1811.0,108,광교(경기대),신사,1811,1853,1.0,1.0,False
1839.0,1833.0,1822.0,1857.0,1828.0,1858.0,1851.0,1831.0,1825.0,1849.0,1846.0,1836.0,1854.0,1819.0,1855.0,1816.0,109,광교(경기대),신사,1816,1858,1.0,1.0,False
1844.0,1838.0,1827.0,1902.0,1833.0,1903.0,1856.0,1836.0,1830.0,1854.0,1851.0,1841.0,1859.0,1824.0,1900.0,1821.0,110,광교(경기대),신사,1821,1903,1.0,1.0,False
1849.0,1843.0,1832.0,1907.0,1838.0,1908.0,1901.0,1841.0,1835.0,1859.0,1856.0,1846.0,1904.0,1829.0,1905.0,1826.0,111,광교(경기대),신사,1826,1908,1.0,1.0,False
1854.0,1848.0,1837.0,1912.0,1843.0,1913.0,1906.0,1846.0,1840.0,1904.0,1901.0,1851.0,1909.0,1834.0,1910.0,1831.0,112,광교(경기대),신사,1831,1913,1.0,1.0,False
1859.0,1853.0,1842.0,1917.0,1848.0,1918.0,1911.0,1851.0,1845.0,1909.0,1906.0,1856.0,1914.0,1839.0,1915.0,1836.0,113,광교(경기대),신사,1836,1918,1.0,1.0,False
1904.0,1858.0,1847.0,1922.0,1853.0,1923.0,1916.0,1856.0,1850.0,1914.0,1911.0,1901.0,1919.0,1844.0,1920.0,1841.0,114,광교(경기대),신사,1841,1923,1.0,1.0,False
1909.0,1903.0,1852.0,1927.0,1858.0,1928.0,1921.0,1901.0,1855.0,1919.0,1916.0,1906.0,1924.0,1849.0,1925.0,1846.0,115,광교(경기대),신사,1846,1928,1.0,1.0,False
1914.0,1908.0,1857.0,1932.0,1903.0,1933.0,1926.0,1906.0,1900.0,1924.0,1921.0,1911.0,1929.0,1854.0,1930.0,1851.0,116,광교(경기대),신사,1851,1933,1.0,1.0,False
1919.0,1913.0,1902.0,1937.0,1908.0,1938.0,1931.0,1911.0,1905.0,1929.0,1926.0,1916.0,1934.0,1859.0,1935.0,1856.0,117,광교(경기대),신사,1856,1938,1.0,1.0,False
1924.0,1918.0,1907.0,1942.0,1913.0,1943.0,1936.0,1916.0,1910.0,1934.0,1931.0,1921.0,1939.0,1904.0,1940.0,1901.0,118,광교(경기대),신사,1901,1943,1.0,1.0,False
1929.0,1923.0,1912.0,1947.0,1918.0,1948.0,1941.0,1921.0,1915.0,1939.0,1936.0,1926.0,1944.0,1909.0,1945.0,1906.0,119,광교(경기대),신사,1906,1948,1.0,1.0,False
1934.0,1928.0,1917.0,1952.0,1923.0,1953.0,1946.0,1926.0,1920.0,1944.0,1941.0,1931.0,1949.0,1914.0,1950.0,1911.0,120,광교(경기대),신사,1911,1953,1.0,1.0,False
1939.0,1933.0,1922.0,1957.0,1928.0,1958.0,1951.0,1931.0,1925.0,1949.0,1946.0,1936.0,1954.0,1919.0,1955.0,1916.0,121,광교(경기대),신사,1916,1958,1.0,1.0,False
1944.0,1938.0,1927.0,2002.0,1933.0,2003.0,1956.0,1936.0,1930.0,1954.0,1951.0,1941.0,1959.0,1924.0,2000.0,1921.0,122,광교(경기대),신사,1921,2003,1.0,1.0,False
1949.0,1943.0,1932.0,2007.0,1938.0,2008.0,2001.0,1941.0,1935.0,1959.0,1956.0,1946.0,2004.0,1929.0,2005.0,1926.0,123,광교(경기대),신사,1926,2008,1.0,1.0,False
1954.0,1948.0,1937.0,2012.0,1943.0,2013.0,2006.0,1946.0,1940.0,2004.0,2001.0,1951.0,2009.0,1934.0,2010.0,1931.0,124,광교(경기대),신사,1931,2013,1.0,1.0,False
1959.0,1953.0,1942.0,2017.0,1948.0,2018.0,2011.0,1951.0,1945.0,2009.0,2006.0,1956.0,2014.0,1939.0,2015.0,1936.0,125,광교(경기대),신사,1936,2018,1.0,1.0,False
2004.0,1958.0,1947.0,2022.0,1953.0,2023.0,2016.0,1956.0,1950.0,2014.0,2011.0,2001.0,2019.0,1944.0,2020.0,1941.0,126,광교(경기대),신사,1941,2023,1.0,1.0,False
2009.0,2003.0,1952.0,2027.0,1958.0,2028.0,2021.0,2001.0,1955.0,2019.0,2016.0,2006.0,2024.0,1949.0,2025.0,1946.0,127,광교(경기대),신사,1946,2028,1.0,1.0,False
2014.0,2008.0,1957.0,2032.0,2003.0,2033.0,2026.0,2006.0,2000.0,2024.0,2021.0,2011.0,2029.0,1954.0,2030.0,1951.0,128,광교(경기대),신사,1951,2033,1.0,1.0,False
2019.0,2013.0,2002.0,2037.0,2008.0,2038.0,2031.0,2011.0,2005.0,2029.0,2026.0,2016.0,2034.0,1959.0,2035.0,1956.0,129,광교(경기대),신사,1956,2038,1.0,1.0,False
2024.0,2018.0,2007.0,2042.0,2013.0,2043.0,2036.0,2016.0,2010.0,2034.0,2031.0,2021.0,2039.0,2004.0,2040.0,2001.0,130,광교(경기대),신사,2001,2043,1.0,1.0,False
2029.0,2023.0,2012.0,2047.0,2018.0,2048.0,2041.0,2021.0,2015.0,2039.0,2036.0,2026.0,2044.0,2009.0,2045.0,2006.0,131,광교(경기대),신사,2006,2048,1.0,1.0,False
2034.0,2028.0,2017.0,2052.0,2023.0,2053.0,2046.0,2026.0,2020.0,2044.0,2041.0,2031.0,2049.0,2014.0,2050.0,2011.0,132,광교(경기대),신사,2011,2053,1.0,1.0,False
2041.0,2035.0,2024.0,2059.0,2030.0,2100.0,2053.0,2033.0,2027.0,2051.0,2048.0,2038.0,2056.0,2021.0,2057.0,2018.0,133,광교(경기대),신사,2018,2100,1.0,1.0,False
2049.0,2043.0,2032.0,2107.0,2038.0,2108.0,2101.0,2041.0,2035.0,2059.0,2056.0,2046.0,2104.0,2029.0,2105.0,2026.0,134,광교(경기대),신사,2026,2108,1.0,1.0,False
2056.0,2050.0,2039.0,2114.0,2045.0,2115.0,2108.0,2048.0,2042.0,2106.0,2103.0,2053.0,2111.0,2036.0,2112.0,2033.0,135,광교(경기대),신사,2033,2115,1.0,1.0,False
2104.0,2058.0,2047.0,2122.0,2053.0,2123.0,2116.0,2056.0,2050.0,2114.0,2111.0,2101.0,2119.0,2044.0,2120.0,2041.0,136,광교(경기대),신사,2041,2123,1.0,1.0,False
2111.0,2105.0,2054.0,2129.0,2100.0,2130.0,2123.0,2103.0,2057.0,2121.0,2118.0,2108.0,2125.0,2051.0,2127.0,2048.0,137,광교(경기대),신사,2048,2130,1.0,1.0,False
2118.0,2112.0,2101.0,2136.0,2107.0,2137.0,2130.0,2110.0,2104.0,2128.0,2125.0,2115.0,2133.0,2058.0,2134.0,2055.0,138,광교(경기대),신사,2055,2137,1.0,1.0,False
2125.0,2119.0,2108.0,2142.0,2114.0,2143.0,2137.0,2116.0,2111.0,2134.0,2131.0,2122.0,2139.0,2105.0,2141.0,2101.0,139,광교(경기대),신사,2101,2143,1.0,1.0,False
2132.0,2126.0,2115.0,2149.0,2121.0,2150.0,2144.0,2123.0,2118.0,2141.0,2138.0,2129.0,2146.0,2112.0,2148.0,2108.0,140,광교(경기대),신사,2108,2150,1.0,1.0,False
2139.0,2133.0,2122.0,2156.0,2128.0,2157.0,2151.0,2130.0,2125.0,2148.0,2145.0,2136.0,2153.0,2119.0,2155.0,2115.0,141,광교(경기대),신사,2115,2157,1.0,1.0,False
2145.0,2139.0,2128.0,2202.0,2134.0,2203.0,2157.0,2136.0,2131.0,2154.0,2151.0,2142.0,2159.0,2125.0,2201.0,2121.0,142,광교(경기대),신사,2121,2203,1.0,1.0,False
2152.0,2146.0,2135.0,2209.0,2141.0,2210.0,2204.0,2143.0,2138.0,2201.0,2158.0,2149.0,2206.0,2132.0,2208.0,2128.0,143,광교(경기대),신사,2128,2210,1.0,1.0,False
2159.0,2153.0,2142.0,2216.0,2148.0,2217.0,2211.0,2150.0,2145.0,2208.0,2205.0,2156.0,2213.0,2139.0,2215.0,2135.0,144,광교(경기대),신사,2135,2217,1.0,1.0,False
2206.0,2200.0,2149.0,2223.0,2155.0,2224.0,2218.0,2157.0,2152.0,2215.0,2212.0,2203.0,2220.0,2146.0,2222.0,2142.0,145,광교(경기대),신사,2142,2224,1.0,1.0,False
2213.0,2207.0,2156.0,2230.0,2202.0,2231.0,2225.0,2204.0,2159.0,2222.0,2219.0,2210.0,2227.0,2153.0,2229.0,2149.0,146,광교(경기대),신사,2149,2231,1.0,1.0,False
2220.0,2214.0,2203.0,2237.0,2209.0,2238.0,2232.0,2211.0,2206.0,2229.0,2226.0,2217.0,2234.0,2200.0,2236.0,2156.0,147,광교(경기대),신사,2156,2238,1.0,1.0,False
2227.0,2221.0,2210.0,2244.0,2216.0,2245.0,2239.0,2218.0,2213.0,2236.0,2233.0,2224.0,2241.0,2207.0,2243.0,2203.0,148,광교(경기대),신사,2203,2245,1.0,1.0,False
2234.0,2228.0,2217.0,2251.0,2223.0,2252.0,2246.0,2225.0,2220.0,2243.0,2240.0,2231.0,2248.0,2214.0,2250.0,2210.0,149,광교(경기대),신사,2210,2252,1.0,1.0,False
2241.0,2235.0,2224.0,2258.0,2230.0,2259.0,2253.0,2232.0,2227.0,2250.0,2247.0,2238.0,2255.0,2221.0,2257.0,2217.0,150,광교(경기대),신사,2217,2259,1.0,1.0,False
2248.0,2242.0,2231.0,2305.0,2237.0,2306.0,2300.0,2239.0,2234.0,2257.0,2254.0,2245.0,2302.0,2228.0,2304.0,2224.0,151,광교(경기대),신사,2224,2306,1.0,1.0,False
2255.0,2249.0,2238.0,2312.0,2244.0,2313.0,2307.0,2246.0,2241.0,2304.0,2301.0,2252.0,2309.0,2235.0,2311.0,2231.0,152,광교(경기대),신사,2231,2313,1.0,1.0,False
2304.0,2258.0,2247.0,2321.0,2253.0,2322.0,2316.0,2256.0,2250.0,2314.0,2311.0,2301.0,2318.0,2244.0,2320.0,2240.0,153,광교(경기대),신사,2240,2322,1.0,1.0,False
2314.0,2308.0,2257.0,2331.0,2303.0,2332.0,2326.0,2306.0,2300.0,2324.0,2321.0,2311.0,2328.0,2254.0,2330.0,2250.0,154,광교(경기대),신사,2250,2332,1.0,1.0,False
2324.0,2318.0,2307.0,2341.0,2313.0,2342.0,2336.0,2316.0,2310.0,2334.0,2331.0,2321.0,2338.0,2304.0,2340.0,2300.0,155,광교(경기대),신사,2300,2342,1.0,1.0,False
2334.0,2328.0,2317.0,2351.0,2323.0,2352.0,2346.0,2326.0,2320.0,2344.0,2341.0,2331.0,2348.0,2314.0,2350.0,2310.0,156,광교(경기대),신사,2310,2352,1.0,1.0,False
2344.0,2338.0,2327.0,2401.0,2333.0,2402.0,2356.0,2336.0,2330.0,2354.0,2351.0,2341.0,2358.0,2324.0,2400.0,2320.0,157,광교(경기대),신사,2320,2402,1.0,1.0,False
2355.0,2349.0,2338.0,2412.0,2344.0,2413.0,2407.0,2347.0,2341.0,2405.0,2402.0,2352.0,2409.0,2335.0,2411.0,2331.0,158,광교(경기대),신사,2331,2413,1.0,1.0,False
2407.0,2401.0,2350.0,2424.0,2356.0,2425.0,2419.0,2359.0,2353.0,2417.0,2414.0,2404.0,2421.0,2347.0,2423.0,2343.0,159,광교(경기대),신사,2343,2425,1.0,1.0,False
2419.0,2413.0,2402.0,2436.0,2408.0,2437.0,2431.0,2411.0,2405.0,2429.0,2426.0,2416.0,2433.0,2359.0,2435.0,2355.0,160,광교(경기대),신사,2355,2437,1.0,1.0,False
553.0,547.0,536.0,610.0,542.0,611.0,605.0,545.0,539.0,602.0,559.0,550.0,607.0,533.0,609.0,530.0,1,광교(경기대),신사,530,611,2.0,1.0,False
606.0,600.0,549.0,623.0,555.0,624.0,618.0,558.0,552.0,615.0,612.0,603.0,620.0,546.0,622.0,543.0,2,광교(경기대),신사,543,624,2.0,1.0,False
618.0,612.0,601.0,635.0,607.0,636.0,630.0,610.0,604.0,627.0,624.0,615.0,632.0,558.0,634.0,555.0,3,광교(경기대),신사,555,636,2.0,1.0,False
630.0,624.0,613.0,647.0,618.0,648.0,642.0,621.0,616.0,639.0,636.0,627.0,644.0,610.0,646.0,606.0,4,광교(경기대),신사,606,648,2.0,1.0,False
644.0,638.0,627.0,701.0,632.0,702.0,655.0,635.0,630.0,653.0,650.0,640.0,658.0,624.0,659.0,620.0,5,광교(경기대),신사,620,702,2.0,1.0,False
654.0,648.0,637.0,711.0,642.0,712.0,706.0,645.0,640.0,703.0,700.0,651.0,708.0,634.0,710.0,630.0,6,광교(경기대),신사,630,712,2.0,1.0,False
702.0,656.0,645.0,719.0,650.0,720.0,714.0,653.0,648.0,711.0,708.0,659.0,716.0,642.0,718.0,638.0,7,광교(경기대),신사,638,720,2.0,1.0,False
710.0,704.0,653.0,727.0,658.0,728.0,722.0,701.0,656.0,719.0,716.0,707.0,724.0,650.0,726.0,646.0,8,광교(경기대),신사,646,728,2.0,1.0,False
718.0,712.0,701.0,735.0,706.0,736.0,730.0,709.0,704.0,727.0,724.0,715.0,732.0,658.0,734.0,654.0,9,광교(경기대),신사,654,736,2.0,1.0,False
726.0,720.0,709.0,743.0,714.0,744.0,738.0,717.0,712.0,735.0,732.0,723.0,740.0,706.0,742.0,702.0,10,광교(경기대),신사,702,744,2.0,1.0,False
734.0,728.0,717.0,751.0,722.0,752.0,746.0,725.0,720.0,743.0,740.0,731.0,748.0,714.0,750.0,710.0,11,광교(경기대),신사,710,752,2.0,1.0,False
742.0,736.0,725.0,759.0,730.0,800.0,754.0,733.0,728.0,751.0,748.0,739.0,756.0,722.0,758.0,718.0,12,광교(경기대),신사,718,800,2.0,1.0,False
750.0,744.0,733.0,807.0,738.0,808.0,802.0,741.0,736.0,759.0,756.0,747.0,804.0,730.0,806.0,726.0,13,광교(경기대),신사,726,808,2.0,1.0,False
758.0,752.0,741.0,815.0,746.0,816.0,810.0,749.0,744.0,807.0,804.0,755.0,812.0,738.0,814.0,734.0,14,광교(경기대),신사,734,816,2.0,1.0,False
806.0,800.0,749.0,823.0,754.0,824.0,818.0,757.0,752.0,815.0,812.0,803.0,820.0,746.0,822.0,742.0,15,광교(경기대),신사,742,824,2.0,1.0,False
814.0,808.0,757.0,831.0,802.0,832.0,826.0,805.0,800.0,823.0,820.0,811.0,828.0,754.0,830.0,750.0,16,광교(경기대),신사,750,832,2.0,1.0,False
822.0,816.0,805.0,839.0,810.0,840.0,834.0,813.0,808.0,831.0,828.0,819.0,836.0,802.0,838.0,758.0,17,광교(경기대),신사,758,840,2.0,1.0,False
830.0,824.0,813.0,847.0,818.0,848.0,842.0,821.0,816.0,839.0,836.0,827.0,844.0,810.0,846.0,806.0,18,광교(경기대),신사,806,848,2.0,1.0,False
838.0,832.0,821.0,855.0,826.0,856.0,850.0,829.0,824.0,847.0,844.0,835.0,852.0,818.0,854.0,814.0,19,광교(경기대),신사,814,856,2.0,1.0,False
846.0,840.0,829.0,903.0,834.0,904.0,858.0,837.0,832.0,855.0,852.0,843.0,900.0,826.0,902.0,822.0,20,광교(경기대),신사,822,904,2.0,1.0,False
854.0,848.0,837.0,911.0,842.0,912.0,906.0,845.0,840.0,903.0,900.0,851.0,908.0,834.0,910.0,830.0,21,광교(경기대),신사,830,912,2.0,1.0,False
902.0,856.0,845.0,919.0,850.0,920.0,914.0,853.0,848.0,911.0,908.0,859.0,916.0,842.0,918.0,838.0,22,광교(경기대),신사,838,920,2.0,1.0,False
910.0,904.0,853.0,927.0,858.0,928.0,922.0,901.0,856.0,919.0,916.0,907.0,924.0,850.0,926.0,846.0,23,광교(경기대),신사,846,928,2.0,1.0,False
918.0,912.0,901.0,935.0,906.0,936.0,930.0,909.0,904.0,927.0,924.0,915.0,932.0,858.0,934.0,854.0,24,광교(경기대),신사,854,936,2.0,1.0,False
926.0,920.0,909.0,943.0,914.0,944.0,938.0,917.0,912.0,935.0,932.0,923.0,940.0,906.0,942.0,902.0,25,광교(경기대),신사,902,944,2.0,1.0,False
934.0,928.0,917.0,951.0,922.0,952.0,946.0,925.0,920.0,943.0,940.0,931.0,948.0,914.0,950.0,910.0,26,광교(경기대),신사,910,952,2.0,1.0,False
942.0,936.0,925.0,959.0,930.0,1000.0,954.0,933.0,928.0,951.0,948.0,939.0,956.0,922.0,958.0,918.0,27,광교(경기대),신사,918,1000,2.0,1.0,False
950.0,944.0,933.0,1007.0,938.0,1008.0,1002.0,941.0,936.0,959.0,956.0,947.0,1004.0,930.0,1006.0,926.0,28,광교(경기대),신사,926,1008,2.0,1.0,False
958.0,952.0,941.0,1015.0,946.0,1016.0,1010.0,949.0,944.0,1007.0,1004.0,955.0,1012.0,938.0,1014.0,934.0,29,광교(경기대),신사,934,1016,2.0,1.0,False
1006.0,1000.0,949.0,1023.0,954.0,1024.0,1018.0,957.0,952.0,1015.0,1012.0,1003.0,1020.0,946.0,1022.0,942.0,30,광교(경기대),신사,942,1024,2.0,1.0,False
1014.0,1008.0,957.0,1031.0,1002.0,1032.0,1026.0,1005.0,1000.0,1023.0,1020.0,1011.0,1028.0,954.0,1030.0,950.0,31,광교(경기대),신사,950,1032,2.0,1.0,False
1022.0,1016.0,1005.0,1039.0,1010.0,1040.0,1034.0,1013.0,1008.0,1031.0,1028.0,1019.0,1036.0,1002.0,1038.0,958.0,32,광교(경기대),신사,958,1040,2.0,1.0,False
1030.0,1024.0,1013.0,1047.0,1018.0,1048.0,1042.0,1021.0,1016.0,1039.0,1036.0,1027.0,1044.0,1010.0,1046.0,1006.0,33,광교(경기대),신사,1006,1048,2.0,1.0,False
1038.0,1032.0,1021.0,1055.0,1026.0,1056.0,1050.0,1029.0,1024.0,1047.0,1044.0,1035.0,1052.0,1018.0,1054.0,1014.0,34,광교(경기대),신사,1014,1056,2.0,1.0,False
1046.0,1040.0,1029.0,1103.0,1034.0,1104.0,1058.0,1037.0,1032.0,1055.0,1052.0,1043.0,1100.0,1026.0,1102.0,1022.0,35,광교(경기대),신사,1022,1104,2.0,1.0,False
1054.0,1048.0,1037.0,1111.0,1042.0,1112.0,1106.0,1045.0,1040.0,1103.0,1100.0,1051.0,1108.0,1034.0,1110.0,1030.0,36,광교(경기대),신사,1030,1112,2.0,1.0,False
1102.0,1056.0,1045.0,1119.0,1050.0,1120.0,1114.0,1053.0,1048.0,1111.0,1108.0,1059.0,1116.0,1042.0,1118.0,1038.0,37,광교(경기대),신사,1038,1120,2.0,1.0,False
1110.0,1104.0,1053.0,1127.0,1058.0,1128.0,1122.0,1101.0,1056.0,1119.0,1116.0,1107.0,1124.0,1050.0,1126.0,1046.0,38,광교(경기대),신사,1046,1128,2.0,1.0,False
1118.0,1112.0,1101.0,1135.0,1106.0,1136.0,1130.0,1109.0,1104.0,1127.0,1124.0,1115.0,1132.0,1058.0,1134.0,1054.0,39,광교(경기대),신사,1054,1136,2.0,1.0,False
1126.0,1120.0,1109.0,1143.0,1114.0,1144.0,1138.0,1117.0,1112.0,1135.0,1132.0,1123.0,1140.0,1106.0,1142.0,1102.0,40,광교(경기대),신사,1102,1144,2.0,1.0,False
1134.0,1128.0,1117.0,1151.0,1122.0,1152.0,1146.0,1125.0,1120.0,1143.0,1140.0,1131.0,1148.0,1114.0,1150.0,1110.0,41,광교(경기대),신사,1110,1152,2.0,1.0,False
1142.0,1136.0,1125.0,1159.0,1130.0,1200.0,1154.0,1133.0,1128.0,1151.0,1148.0,1139.0,1156.0,1122.0,1158.0,1118.0,42,광교(경기대),신사,1118,1200,2.0,1.0,False
1150.0,1144.0,1133.0,1207.0,1138.0,1208.0,1202.0,1141.0,1136.0,1159.0,1156.0,1147.0,1204.0,1130.0,1206.0,1126.0,43,광교(경기대),신사,1126,1208,2.0,1.0,False
1158.0,1152.0,1141.0,1215.0,1146.0,1216.0,1210.0,1149.0,1144.0,1207.0,1204.0,1155.0,1212.0,1138.0,1214.0,1134.0,44,광교(경기대),신사,1134,1216,2.0,1.0,False
1206.0,1200.0,1149.0,1223.0,1154.0,1224.0,1218.0,1157.0,1152.0,1215.0,1212.0,1203.0,1220.0,1146.0,1222.0,1142.0,45,광교(경기대),신사,1142,1224,2.0,1.0,False
1214.0,1208.0,1157.0,1231.0,1202.0,1232.0,1226.0,1205.0,1200.0,1223.0,1220.0,1211.0,1228.0,1154.0,1230.0,1150.0,46,광교(경기대),신사,1150,1232,2.0,1.0,False
1222.0,1216.0,1205.0,1239.0,1210.0,1240.0,1234.0,1213.0,1208.0,1231.0,1228.0,1219.0,1236.0,1202.0,1238.0,1158.0,47,광교(경기대),신사,1158,1240,2.0,1.0,False
1230.0,1224.0,1213.0,1247.0,1218.0,1248.0,1242.0,1221.0,1216.0,1239.0,1236.0,1227.0,1244.0,1210.0,1246.0,1206.0,48,광교(경기대),신사,1206,1248,2.0,1.0,False
1238.0,1232.0,1221.0,1255.0,1226.0,1256.0,1250.0,1229.0,1224.0,1247.0,1244.0,1235.0,1252.0,1218.0,1254.0,1214.0,49,광교(경기대),신사,1214,1256,2.0,1.0,False
1246.0,1240.0,1229.0,1303.0,1234.0,1304.0,1258.0,1237.0,1232.0,1255.0,1252.0,1243.0,1300.0,1226.0,1302.0,1222.0,50,광교(경기대),신사,1222,1304,2.0,1.0,False
1254.0,1248.0,1237.0,1311.0,1242.0,1312.0,1306.0,1245.0,1240.0,1303.0,1300.0,1251.0,1308.0,1234.0,1310.0,1230.0,51,광교(경기대),신사,1230,1312,2.0,1.0,False
1302.0,1256.0,1245.0,1319.0,1250.0,1320.0,1314.0,1253.0,1248.0,1311.0,1308.0,1259.0,1316.0,1242.0,1318.0,1238.0,52,광교(경기대),신사,1238,1320,2.0,1.0,False
1310.0,1304.0,1253.0,1327.0,1258.0,1328.0,1322.0,1301.0,1256.0,1319.0,1316.0,1307.0,1324.0,1250.0,1326.0,1246.0,53,광교(경기대),신사,1246,1328,2.0,1.0,False
1318.0,1312.0,1301.0,1335.0,1306.0,1336.0,1330.0,1309.0,1304.0,1327.0,1324.0,1315.0,1332.0,1258.0,1334.0,1254.0,54,광교(경기대),신사,1254,1336,2.0,1.0,False
1326.0,1320.0,1309.0,1343.0,1314.0,1344.0,1338.0,1317.0,1312.0,1335.0,1332.0,1323.0,1340.0,1306.0,1342.0,1302.0,55,광교(경기대),신사,1302,1344,2.0,1.0,False
1334.0,1328.0,1317.0,1351.0,1322.0,1352.0,1346.0,1325.0,1320.0,1343.0,1340.0,1331.0,1348.0,1314.0,1350.0,1310.0,56,광교(경기대),신사,1310,1352,2.0,1.0,False
1342.0,1336.0,1325.0,1359.0,1330.0,1400.0,1354.0,1333.0,1328.0,1351.0,1348.0,1339.0,1356.0,1322.0,1358.0,1318.0,57,광교(경기대),신사,1318,1400,2.0,1.0,False
1350.0,1344.0,1333.0,1407.0,1338.0,1408.0,1402.0,1341.0,1336.0,1359.0,1356.0,1347.0,1404.0,1330.0,1406.0,1326.0,58,광교(경기대),신사,1326,1408,2.0,1.0,False
1358.0,1352.0,1341.0,1415.0,1346.0,1416.0,1410.0,1349.0,1344.0,1407.0,1404.0,1355.0,1412.0,1338.0,1414.0,1334.0,59,광교(경기대),신사,1334,1416,2.0,1.0,False
1406.0,1400.0,1349.0,1423.0,1354.0,1424.0,1418.0,1357.0,1352.0,1415.0,1412.0,1403.0,1420.0,1346.0,1422.0,1342.0,60,광교(경기대),신사,1342,1424,2.0,1.0,False
1414.0,1408.0,1357.0,1431.0,1402.0,1432.0,1426.0,1405.0,1400.0,1423.0,1420.0,1411.0,1428.0,1354.0,1430.0,1350.0,61,광교(경기대),신사,1350,1432,2.0,1.0,False
1422.0,1416.0,1405.0,1439.0,1410.0,1440.0,1434.0,1413.0,1408.0,1431.0,1428.0,1419.0,1436.0,1402.0,1438.0,1358.0,62,광교(경기대),신사,1358,1440,2.0,1.0,False
1430.0,1424.0,1413.0,1447.0,1418.0,1448.0,1442.0,1421.0,1416.0,1439.0,1436.0,1427.0,1444.0,1410.0,1446.0,1406.0,63,광교(경기대),신사,1406,1448,2.0,1.0,False
1438.0,1432.0,1421.0,1455.0,1426.0,1456.0,1450.0,1429.0,1424.0,1447.0,1444.0,1435.0,1452.0,1418.0,1454.0,1414.0,64,광교(경기대),신사,1414,1456,2.0,1.0,False
1446.0,1440.0,1429.0,1503.0,1434.0,1504.0,1458.0,1437.0,1432.0,1455.0,1452.0,1443.0,1500.0,1426.0,1502.0,1422.0,65,광교(경기대),신사,1422,1504,2.0,1.0,False
1454.0,1448.0,1437.0,1511.0,1442.0,1512.0,1506.0,1445.0,1440.0,1503.0,1500.0,1451.0,1508.0,1434.0,1510.0,1430.0,66,광교(경기대),신사,1430,1512,2.0,1.0,False
1502.0,1456.0,1445.0,1519.0,1450.0,1520.0,1514.0,1453.0,1448.0,1511.0,1508.0,1459.0,1516.0,1442.0,1518.0,1438.0,67,광교(경기대),신사,1438,1520,2.0,1.0,False
1510.0,1504.0,1453.0,1527.0,1458.0,1528.0,1522.0,1501.0,1456.0,1519.0,1516.0,1507.0,1524.0,1450.0,1526.0,1446.0,68,광교(경기대),신사,1446,1528,2.0,1.0,False
1518.0,1512.0,1501.0,1535.0,1506.0,1536.0,1530.0,1509.0,1504.0,1527.0,1524.0,1515.0,1532.0,1458.0,1534.0,1454.0,69,광교(경기대),신사,1454,1536,2.0,1.0,False
1526.0,1520.0,1509.0,1543.0,1514.0,1544.0,1538.0,1517.0,1512.0,1535.0,1532.0,1523.0,1540.0,1506.0,1542.0,1502.0,70,광교(경기대),신사,1502,1544,2.0,1.0,False
1534.0,1528.0,1517.0,1551.0,1522.0,1552.0,1546.0,1525.0,1520.0,1543.0,1540.0,1531.0,1548.0,1514.0,1550.0,1510.0,71,광교(경기대),신사,1510,1552,2.0,1.0,False
1542.0,1536.0,1525.0,1559.0,1530.0,1600.0,1554.0,1533.0,1528.0,1551.0,1548.0,1539.0,1556.0,1522.0,1558.0,1518.0,72,광교(경기대),신사,1518,1600,2.0,1.0,False
1550.0,1544.0,1533.0,1607.0,1538.0,1608.0,1602.0,1541.0,1536.0,1559.0,1556.0,1547.0,1604.0,1530.0,1606.0,1526.0,73,광교(경기대),신사,1526,1608,2.0,1.0,False
1558.0,1552.0,1541.0,1615.0,1546.0,1616.0,1610.0,1549.0,1544.0,1607.0,1604.0,1555.0,1612.0,1538.0,1614.0,1534.0,74,광교(경기대),신사,1534,1616,2.0,1.0,False
1606.0,1600.0,1549.0,1623.0,1554.0,1624.0,1618.0,1557.0,1552.0,1615.0,1612.0,1603.0,1620.0,1546.0,1622.0,1542.0,75,광교(경기대),신사,1542,1624,2.0,1.0,False
1614.0,1608.0,1557.0,1631.0,1602.0,1632.0,1626.0,1605.0,1600.0,1623.0,1620.0,1611.0,1628.0,1554.0,1630.0,1550.0,76,광교(경기대),신사,1550,1632,2.0,1.0,False
1622.0,1616.0,1605.0,1639.0,1610.0,1640.0,1634.0,1613.0,1608.0,1631.0,1628.0,1619.0,1636.0,1602.0,1638.0,1558.0,77,광교(경기대),신사,1558,1640,2.0,1.0,False
1630.0,1624.0,1613.0,1647.0,1618.0,1648.0,1642.0,1621.0,1616.0,1639.0,1636.0,1627.0,1644.0,1610.0,1646.0,1606.0,78,광교(경기대),신사,1606,1648,2.0,1.0,False
1638.0,1632.0,1621.0,1655.0,1626.0,1656.0,1650.0,1629.0,1624.0,1647.0,1644.0,1635.0,1652.0,1618.0,1654.0,1614.0,79,광교(경기대),신사,1614,1656,2.0,1.0,False
1646.0,1640.0,1629.0,1703.0,1634.0,1704.0,1658.0,1637.0,1632.0,1655.0,1652.0,1643.0,1700.0,1626.0,1702.0,1622.0,80,광교(경기대),신사,1622,1704,2.0,1.0,False
1654.0,1648.0,1637.0,1711.0,1642.0,1712.0,1706.0,1645.0,1640.0,1703.0,1700.0,1651.0,1708.0,1634.0,1710.0,1630.0,81,광교(경기대),신사,1630,1712,2.0,1.0,False
1702.0,1656.0,1645.0,1719.0,1650.0,1720.0,1714.0,1653.0,1648.0,1711.0,1708.0,1659.0,1716.0,1642.0,1718.0,1638.0,82,광교(경기대),신사,1638,1720,2.0,1.0,False
1710.0,1704.0,1653.0,1727.0,1658.0,1728.0,1722.0,1701.0,1656.0,1719.0,1716.0,1707.0,1724.0,1650.0,1726.0,1646.0,83,광교(경기대),신사,1646,1728,2.0,1.0,False
1718.0,1712.0,1701.0,1735.0,1706.0,1736.0,1730.0,1709.0,1704.0,1727.0,1724.0,1715.0,1732.0,1658.0,1734.0,1654.0,84,광교(경기대),신사,1654,1736,2.0,1.0,False
1726.0,1720.0,1709.0,1743.0,1714.0,1744.0,1738.0,1717.0,1712.0,1735.0,1732.0,1723.0,1740.0,1706.0,1742.0,1702.0,85,광교(경기대),신사,1702,1744,2.0,1.0,False
1734.0,1728.0,1717.0,1751.0,1722.0,1752.0,1746.0,1725.0,1720.0,1743.0,1740.0,1731.0,1748.0,1714.0,1750.0,1710.0,86,광교(경기대),신사,1710,1752,2.0,1.0,False
1742.0,1736.0,1725.0,1759.0,1730.0,1800.0,1754.0,1733.0,1728.0,1751.0,1748.0,1739.0,1756.0,1722.0,1758.0,1718.0,87,광교(경기대),신사,1718,1800,2.0,1.0,False
1750.0,1744.0,1733.0,1807.0,1738.0,1808.0,1802.0,1741.0,1736.0,1759.0,1756.0,1747.0,1804.0,1730.0,1806.0,1726.0,88,광교(경기대),신사,1726,1808,2.0,1.0,False
1758.0,1752.0,1741.0,1815.0,1746.0,1816.0,1810.0,1749.0,1744.0,1807.0,1804.0,1755.0,1812.0,1738.0,1814.0,1734.0,89,광교(경기대),신사,1734,1816,2.0,1.0,False
1806.0,1800.0,1749.0,1823.0,1754.0,1824.0,1818.0,1757.0,1752.0,1815.0,1812.0,1803.0,1820.0,1746.0,1822.0,1742.0,90,광교(경기대),신사,1742,1824,2.0,1.0,False
1814.0,1808.0,1757.0,1831.0,1802.0,1832.0,1826.0,1805.0,1800.0,1823.0,1820.0,1811.0,1828.0,1754.0,1830.0,1750.0,91,광교(경기대),신사,1750,1832,2.0,1.0,False
1822.0,1816.0,1805.0,1839.0,1810.0,1840.0,1834.0,1813.0,1808.0,1831.0,1828.0,1819.0,1836.0,1802.0,1838.0,1758.0,92,광교(경기대),신사,1758,1840,2.0,1.0,False
1830.0,1824.0,1813.0,1847.0,1818.0,1848.0,1842.0,1821.0,1816.0,1839.0,1836.0,1827.0,1844.0,1810.0,1846.0,1806.0,93,광교(경기대),신사,1806,1848,2.0,1.0,False
1838.0,1832.0,1821.0,1855.0,1826.0,1856.0,1850.0,1829.0,1824.0,1847.0,1844.0,1835.0,1852.0,1818.0,1854.0,1814.0,94,광교(경기대),신사,1814,1856,2.0,1.0,False
1846.0,1840.0,1829.0,1903.0,1834.0,1904.0,1858.0,1837.0,1832.0,1855.0,1852.0,1843.0,1900.0,1826.0,1902.0,1822.0,95,광교(경기대),신사,1822,1904,2.0,1.0,False
1854.0,1848.0,1837.0,1911.0,1842.0,1912.0,1906.0,1845.0,1840.0,1903.0,1900.0,1851.0,1908.0,1834.0,1910.0,1830.0,96,광교(경기대),신사,1830,1912,2.0,1.0,False
1902.0,1856.0,1845.0,1919.0,1850.0,1920.0,1914.0,1853.0,1848.0,1911.0,1908.0,1859.0,1916.0,1842.0,1918.0,1838.0,97,광교(경기대),신사,1838,1920,2.0,1.0,False
1910.0,1904.0,1853.0,1927.0,1858.0,1928.0,1922.0,1901.0,1856.0,1919.0,1916.0,1907.0,1924.0,1850.0,1926.0,1846.0,98,광교(경기대),신사,1846,1928,2.0,1.0,False
1918.0,1912.0,1901.0,1935.0,1906.0,1936.0,1930.0,1909.0,1904.0,1927.0,1924.0,1915.0,1932.0,1858.0,1934.0,1854.0,99,광교(경기대),신사,1854,1936,2.0,1.0,False
1926.0,1920.0,1909.0,1943.0,1914.0,1944.0,1938.0,1917.0,1912.0,1935.0,1932.0,1923.0,1940.0,1906.0,1942.0,1902.0,100,광교(경기대),신사,1902,1944,2.0,1.0,False
1934.0,1928.0,1917.0,1951.0,1922.0,1952.0,1946.0,1925.0,1920.0,1943.0,1940.0,1931.0,1948.0,1914.0,1950.0,1910.0,101,광교(경기대),신사,1910,1952,2.0,1.0,False
1942.0,1936.0,1925.0,1959.0,1930.0,2000.0,1954.0,1933.0,1928.0,1951.0,1948.0,1939.0,1956.0,1922.0,1958.0,1918.0,102,광교(경기대),신사,1918,2000,2.0,1.0,False
1950.0,1944.0,1933.0,2007.0,1938.0,2008.0,2002.0,1941.0,1936.0,1959.0,1956.0,1947.0,2004.0,1930.0,2006.0,1926.0,103,광교(경기대),신사,1926,2008,2.0,1.0,False
1958.0,1952.0,1941.0,2015.0,1946.0,2016.0,2010.0,1949.0,1944.0,2007.0,2004.0,1955.0,2012.0,1938.0,2014.0,1934.0,104,광교(경기대),신사,1934,2016,2.0,1.0,False
2006.0,2000.0,1949.0,2023.0,1954.0,2024.0,2018.0,1957.0,1952.0,2015.0,2012.0,2003.0,2020.0,1946.0,2022.0,1942.0,105,광교(경기대),신사,1942,2024,2.0,1.0,False
2014.0,2008.0,1957.0,2031.0,2002.0,2032.0,2026.0,2005.0,2000.0,2023.0,2020.0,2011.0,2028.0,1954.0,2030.0,1950.0,106,광교(경기대),신사,1950,2032,2.0,1.0,False
2022.0,2016.0,2005.0,2039.0,2010.0,2040.0,2034.0,2013.0,2008.0,2031.0,2028.0,2019.0,2036.0,2002.0,2038.0,1958.0,107,광교(경기대),신사,1958,2040,2.0,1.0,False
2030.0,2024.0,2013.0,2047.0,2018.0,2048.0,2042.0,2021.0,2016.0,2039.0,2036.0,2027.0,2044.0,2010.0,2046.0,2006.0,108,광교(경기대),신사,2006,2048,2.0,1.0,False
2038.0,2032.0,2021.0,2055.0,2026.0,2056.0,2050.0,2029.0,2024.0,2047.0,2044.0,2035.0,2052.0,2018.0,2054.0,2014.0,109,광교(경기대),신사,2014,2056,2.0,1.0,False
2046.0,2040.0,2029.0,2103.0,2034.0,2104.0,2058.0,2037.0,2032.0,2055.0,2052.0,2043.0,2100.0,2026.0,2102.0,2022.0,110,광교(경기대),신사,2022,2104,2.0,1.0,False
2054.0,2048.0,2037.0,2111.0,2042.0,2112.0,2106.0,2045.0,2040.0,2103.0,2100.0,2051.0,2108.0,2034.0,2110.0,2030.0,111,광교(경기대),신사,2030,2112,2.0,1.0,False
2102.0,2056.0,2045.0,2119.0,2050.0,2120.0,2114.0,2053.0,2048.0,2111.0,2108.0,2059.0,2116.0,2042.0,2118.0,2038.0,112,광교(경기대),신사,2038,2120,2.0,1.0,False
2110.0,2104.0,2053.0,2127.0,2058.0,2128.0,2122.0,2101.0,2056.0,2119.0,2116.0,2107.0,2124.0,2050.0,2126.0,2046.0,113,광교(경기대),신사,2046,2128,2.0,1.0,False
2118.0,2112.0,2101.0,2135.0,2106.0,2136.0,2130.0,2109.0,2104.0,2127.0,2124.0,2115.0,2132.0,2058.0,2134.0,2054.0,114,광교(경기대),신사,2054,2136,2.0,1.0,False
2126.0,2120.0,2109.0,2143.0,2114.0,2144.0,2138.0,2117.0,2112.0,2135.0,2132.0,2123.0,2140.0,2106.0,2142.0,2102.0,115,광교(경기대),신사,2102,2144,2.0,1.0,False
2134.0,2128.0,2117.0,2151.0,2122.0,2152.0,2146.0,2125.0,2120.0,2143.0,2140.0,2131.0,2148.0,2114.0,2150.0,2110.0,116,광교(경기대),신사,2110,2152,2.0,1.0,False
2142.0,2136.0,2125.0,2159.0,2130.0,2200.0,2154.0,2133.0,2128.0,2151.0,2148.0,2139.0,2156.0,2122.0,2158.0,2118.0,117,광교(경기대),신사,2118,2200,2.0,1.0,False
2150.0,2144.0,2133.0,2207.0,2138.0,2208.0,2202.0,2141.0,2136.0,2159.0,2156.0,2147.0,2204.0,2130.0,2206.0,2126.0,118,광교(경기대),신사,2126,2208,2.0,1.0,False
2158.0,2152.0,2141.0,2215.0,2146.0,2216.0,2210.0,2149.0,2144.0,2207.0,2204.0,2155.0,2212.0,2138.0,2214.0,2134.0,119,광교(경기대),신사,2134,2216,2.0,1.0,False
2206.0,2200.0,2149.0,2223.0,2154.0,2224.0,2218.0,2157.0,2152.0,2215.0,2212.0,2203.0,2220.0,2146.0,2222.0,2142.0,120,광교(경기대),신사,2142,2224,2.0,1.0,False
2214.0,2208.0,2157.0,2231.0,2202.0,2232.0,2226.0,2205.0,2200.0,2223.0,2220.0,2211.0,2228.0,2154.0,2230.0,2150.0,121,광교(경기대),신사,2150,2232,2.0,1.0,False
2222.0,2216.0,2205.0,2239.0,2210.0,2240.0,2234.0,2213.0,2208.0,2231.0,2228.0,2219.0,2236.0,2202.0,2238.0,2158.0,122,광교(경기대),신사,2158,2240,2.0,1.0,False
2230.0,2224.0,2213.0,2247.0,2218.0,2248.0,2242.0,2221.0,2216.0,2239.0,2236.0,2227.0,2244.0,2210.0,2246.0,2206.0,123,광교(경기대),신사,2206,2248,2.0,1.0,False
2238.0,2232.0,2221.0,2255.0,2226.0,2256.0,2250.0,2229.0,2224.0,2247.0,2244.0,2235.0,2252.0,2218.0,2254.0,2214.0,124,광교(경기대),신사,2214,2256,2.0,1.0,False
2246.0,2240.0,2229.0,2303.0,2234.0,2304.0,2258.0,2237.0,2232.0,2255.0,2252.0,2243.0,2300.0,2226.0,2302.0,2222.0,125,광교(경기대),신사,2222,2304,2.0,1.0,False
2254.0,2248.0,2237.0,2311.0,2242.0,2312.0,2306.0,2245.0,2240.0,2303.0,2300.0,2251.0,2308.0,2234.0,2310.0,2230.0,126,광교(경기대),신사,2230,2312,2.0,1.0,False
2302.0,2256.0,2245.0,2319.0,2250.0,2320.0,2314.0,2253.0,2248.0,2311.0,2308.0,2259.0,2316.0,2242.0,2318.0,2238.0,127,광교(경기대),신사,2238,2320,2.0,1.0,False
2310.0,2304.0,2253.0,2327.0,2258.0,2328.0,2322.0,2301.0,2256.0,2319.0,2316.0,2307.0,2324.0,2250.0,2326.0,2246.0,128,광교(경기대),신사,2246,2328,2.0,1.0,False
2318.0,2312.0,2301.0,2335.0,2306.0,2336.0,2330.0,2309.0,2304.0,2327.0,2324.0,2315.0,2332.0,2258.0,2334.0,2254.0,129,광교(경기대),신사,2254,2336,2.0,1.0,False
2326.0,2320.0,2309.0,2343.0,2314.0,2344.0,2338.0,2317.0,2312.0,2335.0,2332.0,2323.0,2340.0,2306.0,2342.0,2302.0,130,광교(경기대),신사,2302,2344,2.0,1.0,False
2335.0,2329.0,2318.0,2352.0,2323.0,2353.0,2347.0,2326.0,2321.0,2344.0,2341.0,2332.0,2349.0,2315.0,2351.0,2311.0,131,광교(경기대),신사,2311,2353,2.0,1.0,False
2344.0,2338.0,2327.0,2401.0,2333.0,2402.0,2356.0,2335.0,2330.0,2353.0,2350.0,2341.0,2358.0,2324.0,2400.0,2321.0,132,광교(경기대),신사,2321,2402,2.0,1.0,False
548.0,554.0,605.0,531.0,600.0,530.0,537.0,557.0,602.0,539.0,542.0,552.0,534.0,608.0,533.0,611.0,1,신사,광교(경기대),530,611,1.0,2.0,False
601.0,607.0,618.0,544.0,612.0,542.0,549.0,609.0,615.0,551.0,554.0,604.0,547.0,621.0,545.0,624.0,2,신사,광교(경기대),542,624,1.0,2.0,False
614.0,620.0,631.0,557.0,625.0,555.0,602.0,622.0,628.0,604.0,607.0,617.0,600.0,634.0,558.0,637.0,3,신사,광교(경기대),555,637,1.0,2.0,False
625.0,631.0,642.0,608.0,636.0,606.0,613.0,633.0,639.0,615.0,618.0,628.0,611.0,645.0,609.0,648.0,4,신사,광교(경기대),606,648,1.0,2.0,False
637.0,643.0,654.0,620.0,648.0,618.0,625.0,645.0,651.0,627.0,630.0,640.0,623.0,657.0,621.0,700.0,5,신사,광교(경기대),618,700,1.0,2.0,False
649.0,655.0,706.0,632.0,700.0,630.0,637.0,657.0,703.0,639.0,642.0,652.0,635.0,709.0,633.0,712.0,6,신사,광교(경기대),630,712,1.0,2.0,False
701.0,707.0,718.0,644.0,713.0,642.0,649.0,710.0,715.0,651.0,654.0,704.0,647.0,721.0,645.0,724.0,7,신사,광교(경기대),642,724,1.0,2.0,False
713.0,719.0,730.0,655.0,724.0,654.0,701.0,721.0,727.0,703.0,706.0,716.0,659.0,733.0,657.0,736.0,8,신사,광교(경기대),654,736,1.0,2.0,False
723.0,729.0,740.0,705.0,734.0,704.0,711.0,732.0,737.0,713.0,716.0,726.0,709.0,743.0,707.0,746.0,9,신사,광교(경기대),704,746,1.0,2.0,False
733.0,739.0,750.0,716.0,745.0,714.0,722.0,742.0,748.0,724.0,727.0,737.0,720.0,754.0,718.0,757.0,10,신사,광교(경기대),714,757,1.0,2.0,False
740.0,746.0,757.0,722.0,751.0,721.0,728.0,748.0,754.0,730.0,733.0,743.0,726.0,800.0,724.0,803.0,11,신사,광교(경기대),721,803,1.0,2.0,False
746.0,752.0,803.0,728.0,757.0,727.0,734.0,754.0,800.0,736.0,739.0,749.0,732.0,806.0,730.0,809.0,12,신사,광교(경기대),727,809,1.0,2.0,False
752.0,758.0,809.0,734.0,803.0,733.0,740.0,800.0,806.0,742.0,745.0,755.0,738.0,812.0,736.0,815.0,13,신사,광교(경기대),733,815,1.0,2.0,False
757.0,803.0,814.0,739.0,808.0,738.0,745.0,805.0,811.0,747.0,750.0,800.0,743.0,817.0,741.0,820.0,14,신사,광교(경기대),738,820,1.0,2.0,False
802.0,808.0,819.0,744.0,813.0,743.0,750.0,810.0,816.0,752.0,755.0,805.0,748.0,822.0,746.0,825.0,15,신사,광교(경기대),743,825,1.0,2.0,False
807.0,813.0,824.0,749.0,818.0,748.0,755.0,815.0,821.0,757.0,800.0,810.0,753.0,827.0,751.0,830.0,16,신사,광교(경기대),748,830,1.0,2.0,False
812.0,818.0,829.0,754.0,823.0,753.0,800.0,820.0,826.0,802.0,805.0,815.0,758.0,832.0,756.0,835.0,17,신사,광교(경기대),753,835,1.0,2.0,False
817.0,823.0,834.0,759.0,828.0,758.0,805.0,825.0,831.0,807.0,810.0,820.0,803.0,837.0,801.0,840.0,18,신사,광교(경기대),758,840,1.0,2.0,False
822.0,828.0,839.0,804.0,833.0,803.0,810.0,830.0,836.0,812.0,815.0,825.0,808.0,842.0,806.0,845.0,19,신사,광교(경기대),803,845,1.0,2.0,False
827.0,833.0,844.0,809.0,838.0,808.0,815.0,835.0,841.0,817.0,820.0,830.0,813.0,847.0,811.0,850.0,20,신사,광교(경기대),808,850,1.0,2.0,False
832.0,838.0,849.0,814.0,843.0,813.0,820.0,840.0,846.0,822.0,825.0,835.0,818.0,852.0,816.0,855.0,21,신사,광교(경기대),813,855,1.0,2.0,False
837.0,843.0,854.0,819.0,848.0,818.0,825.0,845.0,851.0,827.0,830.0,840.0,823.0,857.0,821.0,900.0,22,신사,광교(경기대),818,900,1.0,2.0,False
842.0,848.0,859.0,824.0,853.0,823.0,830.0,850.0,856.0,832.0,835.0,845.0,828.0,902.0,826.0,905.0,23,신사,광교(경기대),823,905,1.0,2.0,False
847.0,853.0,904.0,829.0,858.0,828.0,835.0,855.0,901.0,837.0,840.0,850.0,833.0,907.0,831.0,910.0,24,신사,광교(경기대),828,910,1.0,2.0,False
852.0,858.0,909.0,834.0,903.0,833.0,840.0,900.0,906.0,842.0,845.0,855.0,838.0,912.0,836.0,915.0,25,신사,광교(경기대),833,915,1.0,2.0,False
857.0,903.0,914.0,839.0,908.0,838.0,845.0,905.0,911.0,847.0,850.0,900.0,843.0,917.0,841.0,920.0,26,신사,광교(경기대),838,920,1.0,2.0,False
902.0,908.0,919.0,844.0,913.0,843.0,850.0,910.0,916.0,852.0,855.0,905.0,848.0,922.0,846.0,925.0,27,신사,광교(경기대),843,925,1.0,2.0,False
907.0,913.0,924.0,849.0,918.0,848.0,855.0,915.0,921.0,857.0,900.0,910.0,853.0,927.0,851.0,930.0,28,신사,광교(경기대),848,930,1.0,2.0,False
912.0,918.0,929.0,854.0,923.0,853.0,900.0,920.0,926.0,902.0,905.0,915.0,858.0,932.0,856.0,935.0,29,신사,광교(경기대),853,935,1.0,2.0,False
917.0,923.0,934.0,859.0,928.0,858.0,905.0,925.0,931.0,907.0,910.0,920.0,903.0,937.0,901.0,940.0,30,신사,광교(경기대),858,940,1.0,2.0,False
922.0,928.0,939.0,904.0,933.0,903.0,910.0,930.0,936.0,912.0,915.0,925.0,908.0,942.0,906.0,945.0,31,신사,광교(경기대),903,945,1.0,2.0,False
927.0,933.0,944.0,909.0,938.0,908.0,915.0,935.0,941.0,917.0,920.0,930.0,913.0,947.0,911.0,950.0,32,신사,광교(경기대),908,950,1.0,2.0,False
932.0,938.0,949.0,914.0,943.0,913.0,920.0,940.0,946.0,922.0,925.0,935.0,918.0,952.0,916.0,955.0,33,신사,광교(경기대),913,955,1.0,2.0,False
937.0,943.0,954.0,919.0,948.0,918.0,925.0,945.0,951.0,927.0,930.0,940.0,923.0,957.0,921.0,1000.0,34,신사,광교(경기대),918,1000,1.0,2.0,False
942.0,948.0,959.0,924.0,953.0,923.0,930.0,950.0,956.0,932.0,935.0,945.0,928.0,1002.0,926.0,1005.0,35,신사,광교(경기대),923,1005,1.0,2.0,False
947.0,953.0,1004.0,929.0,958.0,928.0,935.0,955.0,1001.0,937.0,940.0,950.0,933.0,1007.0,931.0,1010.0,36,신사,광교(경기대),928,1010,1.0,2.0,False
952.0,958.0,1009.0,934.0,1003.0,933.0,940.0,1000.0,1006.0,942.0,945.0,955.0,938.0,1012.0,936.0,1015.0,37,신사,광교(경기대),933,1015,1.0,2.0,False
957.0,1003.0,1014.0,939.0,1008.0,938.0,945.0,1005.0,1011.0,947.0,950.0,1000.0,943.0,1017.0,941.0,1020.0,38,신사,광교(경기대),938,1020,1.0,2.0,False
1002.0,1008.0,1019.0,944.0,1013.0,943.0,950.0,1010.0,1016.0,952.0,955.0,1005.0,948.0,1022.0,946.0,1025.0,39,신사,광교(경기대),943,1025,1.0,2.0,False
1008.0,1014.0,1025.0,951.0,1020.0,949.0,956.0,1017.0,1022.0,958.0,1001.0,1011.0,954.0,1028.0,952.0,1031.0,40,신사,광교(경기대),949,1031,1.0,2.0,False
1014.0,1020.0,1031.0,957.0,1026.0,955.0,1003.0,1023.0,1028.0,1005.0,1008.0,1018.0,1000.0,1034.0,959.0,1037.0,41,신사,광교(경기대),955,1037,1.0,2.0,False
1021.0,1027.0,1038.0,1004.0,1033.0,1002.0,1010.0,1030.0,1035.0,1012.0,1015.0,1025.0,1007.0,1041.0,1006.0,1044.0,42,신사,광교(경기대),1002,1044,1.0,2.0,False
1033.0,1039.0,1050.0,1015.0,1044.0,1014.0,1021.0,1041.0,1047.0,1023.0,1026.0,1036.0,1019.0,1053.0,1017.0,1056.0,43,신사,광교(경기대),1014,1056,1.0,2.0,False
1040.0,1046.0,1057.0,1023.0,1052.0,1021.0,1028.0,1049.0,1054.0,1030.0,1033.0,1043.0,1026.0,1100.0,1024.0,1103.0,44,신사,광교(경기대),1021,1103,1.0,2.0,False
1048.0,1054.0,1105.0,1030.0,1059.0,1029.0,1036.0,1057.0,1102.0,1038.0,1041.0,1051.0,1034.0,1108.0,1032.0,1111.0,45,신사,광교(경기대),1029,1111,1.0,2.0,False
1056.0,1102.0,1113.0,1038.0,1107.0,1037.0,1044.0,1105.0,1110.0,1046.0,1049.0,1059.0,1042.0,1116.0,1040.0,1119.0,46,신사,광교(경기대),1037,1119,1.0,2.0,False
1104.0,1110.0,1121.0,1047.0,1116.0,1045.0,1053.0,1113.0,1118.0,1055.0,1058.0,1108.0,1050.0,1125.0,1049.0,1128.0,47,신사,광교(경기대),1045,1128,1.0,2.0,False
1112.0,1118.0,1129.0,1054.0,1123.0,1053.0,1100.0,1121.0,1126.0,1102.0,1105.0,1115.0,1058.0,1132.0,1056.0,1135.0,48,신사,광교(경기대),1053,1135,1.0,2.0,False
1120.0,1126.0,1137.0,1102.0,1131.0,1101.0,1108.0,1129.0,1134.0,1110.0,1113.0,1123.0,1106.0,1140.0,1104.0,1143.0,49,신사,광교(경기대),1101,1143,1.0,2.0,False
1127.0,1133.0,1144.0,1109.0,1138.0,1108.0,1115.0,1136.0,1141.0,1117.0,1120.0,1130.0,1113.0,1147.0,1111.0,1150.0,50,신사,광교(경기대),1108,1150,1.0,2.0,False
1135.0,1141.0,1152.0,1117.0,1146.0,1116.0,1123.0,1144.0,1149.0,1125.0,1128.0,1138.0,1121.0,1155.0,1119.0,1158.0,51,신사,광교(경기대),1116,1158,1.0,2.0,False
1143.0,1149.0,1200.0,1125.0,1154.0,1124.0,1131.0,1152.0,1157.0,1133.0,1136.0,1146.0,1129.0,1203.0,1127.0,1206.0,52,신사,광교(경기대),1124,1206,1.0,2.0,False
1151.0,1157.0,1208.0,1133.0,1202.0,1132.0,1139.0,1200.0,1205.0,1141.0,1144.0,1154.0,1137.0,1211.0,1135.0,1214.0,53,신사,광교(경기대),1132,1214,1.0,2.0,False
1159.0,1205.0,1216.0,1141.0,1210.0,1140.0,1147.0,1208.0,1213.0,1149.0,1152.0,1202.0,1145.0,1219.0,1143.0,1222.0,54,신사,광교(경기대),1140,1222,1.0,2.0,False
1207.0,1213.0,1224.0,1149.0,1218.0,1148.0,1155.0,1216.0,1221.0,1157.0,1200.0,1210.0,1153.0,1227.0,1151.0,1230.0,55,신사,광교(경기대),1148,1230,1.0,2.0,False
1215.0,1221.0,1232.0,1157.0,1226.0,1156.0,1203.0,1224.0,1229.0,1205.0,1208.0,1218.0,1201.0,1235.0,1159.0,1238.0,56,신사,광교(경기대),1156,1238,1.0,2.0,False
1223.0,1229.0,1240.0,1205.0,1234.0,1204.0,1211.0,1232.0,1237.0,1213.0,1216.0,1226.0,1209.0,1243.0,1207.0,1246.0,57,신사,광교(경기대),1204,1246,1.0,2.0,False
1231.0,1237.0,1248.0,1213.0,1242.0,1212.0,1219.0,1240.0,1245.0,1221.0,1224.0,1234.0,1217.0,1251.0,1215.0,1254.0,58,신사,광교(경기대),1212,1254,1.0,2.0,False
1239.0,1245.0,1256.0,1221.0,1250.0,1220.0,1227.0,1248.0,1253.0,1229.0,1232.0,1242.0,1225.0,1259.0,1223.0,1302.0,59,신사,광교(경기대),1220,1302,1.0,2.0,False
1247.0,1253.0,1304.0,1229.0,1258.0,1228.0,1235.0,1256.0,1301.0,1237.0,1240.0,1250.0,1233.0,1307.0,1231.0,1310.0,60,신사,광교(경기대),1228,1310,1.0,2.0,False
1255.0,1301.0,1312.0,1237.0,1306.0,1236.0,1243.0,1304.0,1309.0,1245.0,1248.0,1258.0,1241.0,1315.0,1239.0,1318.0,61,신사,광교(경기대),1236,1318,1.0,2.0,False
1303.0,1309.0,1320.0,1245.0,1314.0,1244.0,1251.0,1312.0,1317.0,1253.0,1256.0,1306.0,1249.0,1323.0,1247.0,1326.0,62,신사,광교(경기대),1244,1326,1.0,2.0,False
1311.0,1317.0,1328.0,1253.0,1322.0,1252.0,1259.0,1320.0,1325.0,1301.0,1304.0,1314.0,1257.0,1331.0,1255.0,1334.0,63,신사,광교(경기대),1252,1334,1.0,2.0,False
1319.0,1325.0,1336.0,1301.0,1330.0,1300.0,1307.0,1328.0,1333.0,1309.0,1312.0,1322.0,1305.0,1339.0,1303.0,1342.0,64,신사,광교(경기대),1300,1342,1.0,2.0,False
1327.0,1333.0,1344.0,1309.0,1338.0,1308.0,1315.0,1336.0,1341.0,1317.0,1320.0,1330.0,1313.0,1347.0,1311.0,1350.0,65,신사,광교(경기대),1308,1350,1.0,2.0,False
1335.0,1341.0,1352.0,1317.0,1346.0,1316.0,1323.0,1344.0,1349.0,1325.0,1328.0,1338.0,1321.0,1355.0,1319.0,1358.0,66,신사,광교(경기대),1316,1358,1.0,2.0,False
1343.0,1349.0,1400.0,1325.0,1354.0,1324.0,1331.0,1352.0,1357.0,1333.0,1336.0,1346.0,1329.0,1403.0,1327.0,1406.0,67,신사,광교(경기대),1324,1406,1.0,2.0,False
1351.0,1357.0,1408.0,1333.0,1402.0,1332.0,1339.0,1400.0,1405.0,1341.0,1344.0,1354.0,1337.0,1411.0,1335.0,1414.0,68,신사,광교(경기대),1332,1414,1.0,2.0,False
1359.0,1405.0,1416.0,1341.0,1410.0,1340.0,1347.0,1408.0,1413.0,1349.0,1352.0,1402.0,1345.0,1419.0,1343.0,1422.0,69,신사,광교(경기대),1340,1422,1.0,2.0,False
1407.0,1413.0,1424.0,1349.0,1418.0,1348.0,1355.0,1416.0,1421.0,1357.0,1400.0,1410.0,1353.0,1427.0,1351.0,1430.0,70,신사,광교(경기대),1348,1430,1.0,2.0,False
1415.0,1421.0,1432.0,1357.0,1426.0,1356.0,1403.0,1424.0,1429.0,1405.0,1408.0,1418.0,1401.0,1435.0,1359.0,1438.0,71,신사,광교(경기대),1356,1438,1.0,2.0,False
1423.0,1429.0,1440.0,1405.0,1434.0,1404.0,1411.0,1432.0,1437.0,1413.0,1416.0,1426.0,1409.0,1443.0,1407.0,1446.0,72,신사,광교(경기대),1404,1446,1.0,2.0,False
1431.0,1437.0,1448.0,1413.0,1442.0,1412.0,1419.0,1440.0,1445.0,1421.0,1424.0,1434.0,1417.0,1451.0,1415.0,1454.0,73,신사,광교(경기대),1412,1454,1.0,2.0,False
1439.0,1445.0,1456.0,1421.0,1450.0,1420.0,1427.0,1448.0,1453.0,1429.0,1432.0,1442.0,1425.0,1459.0,1423.0,1502.0,74,신사,광교(경기대),1420,1502,1.0,2.0,False
1447.0,1453.0,1504.0,1429.0,1458.0,1428.0,1435.0,1456.0,1501.0,1437.0,1440.0,1450.0,1433.0,1507.0,1431.0,1510.0,75,신사,광교(경기대),1428,1510,1.0,2.0,False
1455.0,1501.0,1512.0,1437.0,1506.0,1436.0,1443.0,1504.0,1509.0,1445.0,1448.0,1458.0,1441.0,1515.0,1439.0,1518.0,76,신사,광교(경기대),1436,1518,1.0,2.0,False
1503.0,1509.0,1520.0,1445.0,1514.0,1444.0,1451.0,1512.0,1517.0,1453.0,1456.0,1506.0,1449.0,1523.0,1447.0,1526.0,77,신사,광교(경기대),1444,1526,1.0,2.0,False
1511.0,1517.0,1528.0,1453.0,1522.0,1452.0,1459.0,1520.0,1525.0,1501.0,1504.0,1514.0,1457.0,1531.0,1455.0,1534.0,78,신사,광교(경기대),1452,1534,1.0,2.0,False
1519.0,1525.0,1536.0,1501.0,1530.0,1500.0,1507.0,1528.0,1533.0,1509.0,1512.0,1522.0,1505.0,1539.0,1503.0,1542.0,79,신사,광교(경기대),1500,1542,1.0,2.0,False
1527.0,1533.0,1544.0,1509.0,1538.0,1508.0,1515.0,1536.0,1541.0,1517.0,1520.0,1530.0,1513.0,1547.0,1511.0,1550.0,80,신사,광교(경기대),1508,1550,1.0,2.0,False
1535.0,1541.0,1552.0,1517.0,1546.0,1516.0,1523.0,1544.0,1549.0,1525.0,1528.0,1538.0,1521.0,1555.0,1519.0,1558.0,81,신사,광교(경기대),1516,1558,1.0,2.0,False
1543.0,1549.0,1600.0,1525.0,1554.0,1524.0,1531.0,1552.0,1557.0,1533.0,1536.0,1546.0,1529.0,1603.0,1527.0,1606.0,82,신사,광교(경기대),1524,1606,1.0,2.0,False
1551.0,1557.0,1608.0,1533.0,1602.0,1532.0,1539.0,1600.0,1605.0,1541.0,1544.0,1554.0,1537.0,1611.0,1535.0,1614.0,83,신사,광교(경기대),1532,1614,1.0,2.0,False
1559.0,1605.0,1616.0,1541.0,1610.0,1540.0,1547.0,1608.0,1613.0,1549.0,1552.0,1602.0,1545.0,1619.0,1543.0,1622.0,84,신사,광교(경기대),1540,1622,1.0,2.0,False
1607.0,1613.0,1624.0,1549.0,1618.0,1548.0,1555.0,1616.0,1621.0,1557.0,1600.0,1610.0,1553.0,1627.0,1551.0,1630.0,85,신사,광교(경기대),1548,1630,1.0,2.0,False
1615.0,1621.0,1632.0,1557.0,1626.0,1556.0,1603.0,1624.0,1629.0,1605.0,1608.0,1618.0,1601.0,1635.0,1559.0,1638.0,86,신사,광교(경기대),1556,1638,1.0,2.0,False
1623.0,1629.0,1640.0,1605.0,1634.0,1604.0,1611.0,1632.0,1637.0,1613.0,1616.0,1626.0,1609.0,1643.0,1607.0,1646.0,87,신사,광교(경기대),1604,1646,1.0,2.0,False
1631.0,1637.0,1648.0,1613.0,1642.0,1612.0,1619.0,1640.0,1645.0,1621.0,1624.0,1634.0,1617.0,1651.0,1615.0,1654.0,88,신사,광교(경기대),1612,1654,1.0,2.0,False
1639.0,1645.0,1656.0,1621.0,1650.0,1620.0,1627.0,1648.0,1653.0,1629.0,1632.0,1642.0,1625.0,1659.0,1623.0,1702.0,89,신사,광교(경기대),1620,1702,1.0,2.0,False
1647.0,1653.0,1704.0,1629.0,1658.0,1628.0,1635.0,1656.0,1701.0,1637.0,1640.0,1650.0,1633.0,1707.0,1631.0,1710.0,90,신사,광교(경기대),1628,1710,1.0,2.0,False
1655.0,1701.0,1712.0,1637.0,1706.0,1636.0,1643.0,1704.0,1709.0,1645.0,1648.0,1658.0,1641.0,1715.0,1639.0,1718.0,91,신사,광교(경기대),1636,1718,1.0,2.0,False
1703.0,1709.0,1720.0,1645.0,1714.0,1644.0,1651.0,1712.0,1717.0,1653.0,1656.0,1706.0,1649.0,1723.0,1647.0,1726.0,92,신사,광교(경기대),1644,1726,1.0,2.0,False
1711.0,1717.0,1728.0,1653.0,1722.0,1652.0,1659.0,1720.0,1725.0,1701.0,1704.0,1714.0,1657.0,1731.0,1655.0,1734.0,93,신사,광교(경기대),1652,1734,1.0,2.0,False
1719.0,1725.0,1736.0,1702.0,1731.0,1700.0,1707.0,1728.0,1733.0,1709.0,1712.0,1722.0,1705.0,1739.0,1703.0,1742.0,94,신사,광교(경기대),1700,1742,1.0,2.0,False
1727.0,1733.0,1744.0,1709.0,1738.0,1708.0,1715.0,1735.0,1741.0,1717.0,1720.0,1730.0,1713.0,1747.0,1711.0,1750.0,95,신사,광교(경기대),1708,1750,1.0,2.0,False
1735.0,1741.0,1752.0,1718.0,1747.0,1716.0,1723.0,1744.0,1749.0,1725.0,1728.0,1738.0,1721.0,1755.0,1719.0,1758.0,96,신사,광교(경기대),1716,1758,1.0,2.0,False
1743.0,1749.0,1800.0,1726.0,1755.0,1724.0,1731.0,1752.0,1757.0,1733.0,1736.0,1746.0,1729.0,1803.0,1727.0,1806.0,97,신사,광교(경기대),1724,1806,1.0,2.0,False
1751.0,1757.0,1808.0,1734.0,1803.0,1732.0,1739.0,1800.0,1805.0,1741.0,1744.0,1754.0,1737.0,1811.0,1735.0,1814.0,98,신사,광교(경기대),1732,1814,1.0,2.0,False
1759.0,1805.0,1816.0,1742.0,1811.0,1740.0,1747.0,1808.0,1813.0,1749.0,1752.0,1802.0,1745.0,1819.0,1743.0,1822.0,99,신사,광교(경기대),1740,1822,1.0,2.0,False
1807.0,1813.0,1824.0,1749.0,1818.0,1748.0,1755.0,1815.0,1821.0,1757.0,1800.0,1810.0,1753.0,1827.0,1751.0,1830.0,100,신사,광교(경기대),1748,1830,1.0,2.0,False
1815.0,1821.0,1832.0,1758.0,1827.0,1756.0,1803.0,1824.0,1829.0,1805.0,1808.0,1818.0,1801.0,1835.0,1759.0,1838.0,101,신사,광교(경기대),1756,1838,1.0,2.0,False
1823.0,1829.0,1840.0,1806.0,1835.0,1804.0,1811.0,1832.0,1837.0,1813.0,1816.0,1826.0,1809.0,1843.0,1807.0,1846.0,102,신사,광교(경기대),1804,1846,1.0,2.0,False
1831.0,1837.0,1848.0,1814.0,1843.0,1812.0,1819.0,1840.0,1845.0,1821.0,1824.0,1834.0,1817.0,1851.0,1815.0,1854.0,103,신사,광교(경기대),1812,1854,1.0,2.0,False
1837.0,1843.0,1854.0,1819.0,1848.0,1818.0,1825.0,1845.0,1851.0,1827.0,1830.0,1840.0,1823.0,1857.0,1821.0,1900.0,104,신사,광교(경기대),1818,1900,1.0,2.0,False
1842.0,1848.0,1859.0,1824.0,1853.0,1823.0,1830.0,1850.0,1856.0,1832.0,1835.0,1845.0,1828.0,1902.0,1826.0,1905.0,105,신사,광교(경기대),1823,1905,1.0,2.0,False
1847.0,1853.0,1904.0,1829.0,1858.0,1828.0,1835.0,1855.0,1901.0,1837.0,1840.0,1850.0,1833.0,1907.0,1831.0,1910.0,106,신사,광교(경기대),1828,1910,1.0,2.0,False
1852.0,1858.0,1909.0,1834.0,1903.0,1833.0,1840.0,1900.0,1906.0,1842.0,1845.0,1855.0,1838.0,1912.0,1836.0,1915.0,107,신사,광교(경기대),1833,1915,1.0,2.0,False
1857.0,1903.0,1914.0,1839.0,1908.0,1838.0,1845.0,1905.0,1911.0,1847.0,1850.0,1900.0,1843.0,1917.0,1841.0,1920.0,108,신사,광교(경기대),1838,1920,1.0,2.0,False
1902.0,1908.0,1919.0,1844.0,1913.0,1843.0,1850.0,1910.0,1916.0,1852.0,1855.0,1905.0,1848.0,1922.0,1846.0,1925.0,109,신사,광교(경기대),1843,1925,1.0,2.0,False
1907.0,1913.0,1924.0,1849.0,1918.0,1848.0,1855.0,1915.0,1921.0,1857.0,1900.0,1910.0,1853.0,1927.0,1851.0,1930.0,110,신사,광교(경기대),1848,1930,1.0,2.0,False
1912.0,1918.0,1929.0,1854.0,1923.0,1853.0,1900.0,1920.0,1926.0,1902.0,1905.0,1915.0,1858.0,1932.0,1856.0,1935.0,111,신사,광교(경기대),1853,1935,1.0,2.0,False
1917.0,1923.0,1934.0,1859.0,1928.0,1858.0,1905.0,1925.0,1931.0,1907.0,1910.0,1920.0,1903.0,1937.0,1901.0,1940.0,112,신사,광교(경기대),1858,1940,1.0,2.0,False
1922.0,1928.0,1939.0,1904.0,1933.0,1903.0,1910.0,1930.0,1936.0,1912.0,1915.0,1925.0,1908.0,1942.0,1906.0,1945.0,113,신사,광교(경기대),1903,1945,1.0,2.0,False
1927.0,1933.0,1944.0,1909.0,1938.0,1908.0,1915.0,1935.0,1941.0,1917.0,1920.0,1930.0,1913.0,1947.0,1911.0,1950.0,114,신사,광교(경기대),1908,1950,1.0,2.0,False
1932.0,1938.0,1949.0,1914.0,1943.0,1913.0,1920.0,1940.0,1946.0,1922.0,1925.0,1935.0,1918.0,1952.0,1916.0,1955.0,115,신사,광교(경기대),1913,1955,1.0,2.0,False
1937.0,1943.0,1954.0,1919.0,1948.0,1918.0,1925.0,1945.0,1951.0,1927.0,1930.0,1940.0,1923.0,1957.0,1921.0,2000.0,116,신사,광교(경기대),1918,2000,1.0,2.0,False
1942.0,1948.0,1959.0,1924.0,1953.0,1923.0,1930.0,1950.0,1956.0,1932.0,1935.0,1945.0,1928.0,2002.0,1926.0,2005.0,117,신사,광교(경기대),1923,2005,1.0,2.0,False
1947.0,1953.0,2004.0,1929.0,1958.0,1928.0,1935.0,1955.0,2001.0,1937.0,1940.0,1950.0,1933.0,2007.0,1931.0,2010.0,118,신사,광교(경기대),1928,2010,1.0,2.0,False
1952.0,1958.0,2009.0,1934.0,2003.0,1933.0,1940.0,2000.0,2006.0,1942.0,1945.0,1955.0,1938.0,2012.0,1936.0,2015.0,119,신사,광교(경기대),1933,2015,1.0,2.0,False
1957.0,2003.0,2014.0,1939.0,2008.0,1938.0,1945.0,2005.0,2011.0,1947.0,1950.0,2000.0,1943.0,2017.0,1941.0,2020.0,120,신사,광교(경기대),1938,2020,1.0,2.0,False
2002.0,2008.0,2019.0,1944.0,2013.0,1943.0,1950.0,2010.0,2016.0,1952.0,1955.0,2005.0,1948.0,2022.0,1946.0,2025.0,121,신사,광교(경기대),1943,2025,1.0,2.0,False
2007.0,2013.0,2024.0,1949.0,2018.0,1948.0,1955.0,2015.0,2021.0,1957.0,2000.0,2010.0,1953.0,2027.0,1951.0,2030.0,122,신사,광교(경기대),1948,2030,1.0,2.0,False
2012.0,2018.0,2029.0,1954.0,2023.0,1953.0,2000.0,2020.0,2026.0,2002.0,2005.0,2015.0,1958.0,2032.0,1956.0,2035.0,123,신사,광교(경기대),1953,2035,1.0,2.0,False
2017.0,2023.0,2034.0,1959.0,2028.0,1958.0,2005.0,2025.0,2031.0,2007.0,2010.0,2020.0,2003.0,2037.0,2001.0,2040.0,124,신사,광교(경기대),1958,2040,1.0,2.0,False
2022.0,2028.0,2039.0,2004.0,2033.0,2003.0,2010.0,2030.0,2036.0,2012.0,2015.0,2025.0,2008.0,2042.0,2006.0,2045.0,125,신사,광교(경기대),2003,2045,1.0,2.0,False
2027.0,2033.0,2044.0,2009.0,2038.0,2008.0,2015.0,2035.0,2041.0,2017.0,2020.0,2030.0,2013.0,2047.0,2011.0,2050.0,126,신사,광교(경기대),2008,2050,1.0,2.0,False
2032.0,2038.0,2049.0,2014.0,2043.0,2013.0,2020.0,2040.0,2046.0,2022.0,2025.0,2035.0,2018.0,2052.0,2016.0,2055.0,127,신사,광교(경기대),2013,2055,1.0,2.0,False
2037.0,2043.0,2054.0,2020.0,2049.0,2018.0,2025.0,2046.0,2051.0,2027.0,2030.0,2040.0,2023.0,2057.0,2021.0,2100.0,128,신사,광교(경기대),2018,2100,1.0,2.0,False
2042.0,2048.0,2059.0,2024.0,2053.0,2023.0,2030.0,2050.0,2056.0,2032.0,2035.0,2045.0,2028.0,2102.0,2026.0,2105.0,129,신사,광교(경기대),2023,2105,1.0,2.0,False
2047.0,2053.0,2104.0,2030.0,2059.0,2028.0,2035.0,2056.0,2101.0,2037.0,2040.0,2050.0,2033.0,2107.0,2031.0,2110.0,130,신사,광교(경기대),2028,2110,1.0,2.0,False
2052.0,2058.0,2109.0,2034.0,2103.0,2033.0,2040.0,2100.0,2106.0,2042.0,2045.0,2055.0,2038.0,2112.0,2036.0,2115.0,131,신사,광교(경기대),2033,2115,1.0,2.0,False
2057.0,2103.0,2114.0,2040.0,2109.0,2038.0,2045.0,2106.0,2111.0,2047.0,2050.0,2100.0,2043.0,2117.0,2041.0,2120.0,132,신사,광교(경기대),2038,2120,1.0,2.0,False
2102.0,2108.0,2119.0,2045.0,2114.0,2043.0,2050.0,2111.0,2116.0,2052.0,2055.0,2105.0,2048.0,2122.0,2046.0,2125.0,133,신사,광교(경기대),2043,2125,1.0,2.0,False
2108.0,2114.0,2125.0,2051.0,2120.0,2049.0,2056.0,2117.0,2122.0,2058.0,2101.0,2111.0,2054.0,2128.0,2052.0,2131.0,134,신사,광교(경기대),2049,2131,1.0,2.0,False
2114.0,2120.0,2131.0,2056.0,2125.0,2055.0,2102.0,2122.0,2128.0,2104.0,2107.0,2117.0,2100.0,2134.0,2058.0,2137.0,135,신사,광교(경기대),2055,2137,1.0,2.0,False
2120.0,2126.0,2137.0,2103.0,2132.0,2101.0,2109.0,2129.0,2135.0,2111.0,2114.0,2124.0,2106.0,2141.0,2105.0,2144.0,136,신사,광교(경기대),2101,2144,1.0,2.0,False
2127.0,2133.0,2144.0,2110.0,2139.0,2108.0,2115.0,2136.0,2141.0,2117.0,2120.0,2130.0,2113.0,2147.0,2111.0,2150.0,137,신사,광교(경기대),2108,2150,1.0,2.0,False
2134.0,2140.0,2151.0,2117.0,2146.0,2115.0,2122.0,2143.0,2148.0,2124.0,2127.0,2137.0,2120.0,2154.0,2118.0,2157.0,138,신사,광교(경기대),2115,2157,1.0,2.0,False
2141.0,2147.0,2158.0,2124.0,2153.0,2122.0,2129.0,2150.0,2155.0,2131.0,2134.0,2144.0,2127.0,2201.0,2125.0,2204.0,139,신사,광교(경기대),2122,2204,1.0,2.0,False
2148.0,2154.0,2205.0,2131.0,2200.0,2129.0,2136.0,2157.0,2202.0,2138.0,2141.0,2151.0,2134.0,2208.0,2132.0,2211.0,140,신사,광교(경기대),2129,2211,1.0,2.0,False
2155.0,2201.0,2212.0,2138.0,2207.0,2136.0,2143.0,2204.0,2209.0,2145.0,2148.0,2158.0,2141.0,2215.0,2139.0,2218.0,141,신사,광교(경기대),2136,2218,1.0,2.0,False
2202.0,2208.0,2219.0,2145.0,2214.0,2143.0,2150.0,2211.0,2216.0,2152.0,2155.0,2205.0,2148.0,2222.0,2146.0,2225.0,142,신사,광교(경기대),2143,2225,1.0,2.0,False
2209.0,2215.0,2226.0,2152.0,2221.0,2150.0,2157.0,2218.0,2223.0,2159.0,2202.0,2212.0,2155.0,2229.0,2153.0,2232.0,143,신사,광교(경기대),2150,2232,1.0,2.0,False
2216.0,2222.0,2233.0,2159.0,2228.0,2157.0,2204.0,2225.0,2230.0,2206.0,2209.0,2219.0,2202.0,2236.0,2200.0,2239.0,144,신사,광교(경기대),2157,2239,1.0,2.0,False
2223.0,2229.0,2240.0,2206.0,2235.0,2204.0,2211.0,2232.0,2237.0,2213.0,2216.0,2226.0,2209.0,2243.0,2207.0,2246.0,145,신사,광교(경기대),2204,2246,1.0,2.0,False
2230.0,2236.0,2247.0,2213.0,2242.0,2211.0,2218.0,2239.0,2244.0,2220.0,2223.0,2233.0,2216.0,2250.0,2214.0,2253.0,146,신사,광교(경기대),2211,2253,1.0,2.0,False
2237.0,2243.0,2254.0,2220.0,2249.0,2218.0,2225.0,2246.0,2251.0,2227.0,2230.0,2240.0,2223.0,2257.0,2221.0,2300.0,147,신사,광교(경기대),2218,2300,1.0,2.0,False
2244.0,2250.0,2301.0,2227.0,2256.0,2225.0,2232.0,2253.0,2258.0,2234.0,2237.0,2247.0,2230.0,2304.0,2228.0,2307.0,148,신사,광교(경기대),2225,2307,1.0,2.0,False
2251.0,2257.0,2308.0,2234.0,2303.0,2232.0,2239.0,2300.0,2305.0,2241.0,2244.0,2254.0,2237.0,2311.0,2235.0,2314.0,149,신사,광교(경기대),2232,2314,1.0,2.0,False
2258.0,2304.0,2315.0,2241.0,2310.0,2239.0,2246.0,2307.0,2312.0,2248.0,2251.0,2301.0,2244.0,2318.0,2242.0,2321.0,150,신사,광교(경기대),2239,2321,1.0,2.0,False
2305.0,2311.0,2322.0,2248.0,2317.0,2246.0,2253.0,2314.0,2319.0,2255.0,2258.0,2308.0,2251.0,2325.0,2249.0,2328.0,151,신사,광교(경기대),2246,2328,1.0,2.0,False
2312.0,2318.0,2329.0,2255.0,2324.0,2253.0,2300.0,2321.0,2326.0,2302.0,2305.0,2315.0,2258.0,2332.0,2256.0,2335.0,152,신사,광교(경기대),2253,2335,1.0,2.0,False
2319.0,2325.0,2336.0,2302.0,2330.0,2300.0,2307.0,2327.0,2333.0,2309.0,2312.0,2322.0,2305.0,2339.0,2303.0,2342.0,153,신사,광교(경기대),2300,2342,1.0,2.0,False
2326.0,2332.0,2343.0,2309.0,2337.0,2307.0,2314.0,2334.0,2340.0,2316.0,2319.0,2329.0,2312.0,2346.0,2310.0,2349.0,154,신사,광교(경기대),2307,2349,1.0,2.0,False
2334.0,2340.0,2351.0,2317.0,2346.0,2315.0,2322.0,2343.0,2348.0,2324.0,2327.0,2337.0,2320.0,2354.0,2318.0,2357.0,155,신사,광교(경기대),2315,2357,1.0,2.0,False
2343.0,2349.0,2400.0,2326.0,2354.0,2324.0,2331.0,2351.0,2357.0,2333.0,2336.0,2346.0,2329.0,2403.0,2327.0,2406.0,156,신사,광교(경기대),2324,2406,1.0,2.0,False
2359.0,2405.0,2416.0,2342.0,2410.0,2340.0,2347.0,2407.0,2413.0,2349.0,2352.0,2402.0,2345.0,2419.0,2343.0,2422.0,157,신사,광교(경기대),2340,2422,1.0,2.0,False
2409.0,2415.0,2426.0,2352.0,2420.0,2350.0,2357.0,2417.0,2423.0,2359.0,2402.0,2412.0,2355.0,2429.0,2353.0,2432.0,158,신사,광교(경기대),2350,2432,1.0,2.0,False
2419.0,2425.0,2436.0,2402.0,2430.0,2400.0,2407.0,2427.0,2433.0,2409.0,2412.0,2422.0,2405.0,2439.0,2403.0,2442.0,159,신사,광교(경기대),2400,2442,1.0,2.0,False
548.0,554.0,605.0,531.0,600.0,530.0,537.0,557.0,602.0,539.0,542.0,552.0,534.0,608.0,533.0,611.0,1,신사,광교(경기대),530,611,2.0,2.0,False
601.0,607.0,618.0,544.0,612.0,542.0,549.0,609.0,615.0,551.0,554.0,604.0,547.0,621.0,545.0,624.0,2,신사,광교(경기대),542,624,2.0,2.0,False
614.0,620.0,631.0,557.0,625.0,555.0,602.0,622.0,628.0,604.0,607.0,617.0,600.0,634.0,558.0,637.0,3,신사,광교(경기대),555,637,2.0,2.0,False
625.0,631.0,642.0,608.0,636.0,606.0,613.0,633.0,639.0,615.0,618.0,628.0,611.0,645.0,609.0,648.0,4,신사,광교(경기대),606,648,2.0,2.0,False
637.0,643.0,654.0,620.0,648.0,618.0,625.0,645.0,651.0,627.0,630.0,640.0,623.0,657.0,621.0,700.0,5,신사,광교(경기대),618,700,2.0,2.0,False
649.0,655.0,706.0,632.0,700.0,630.0,637.0,657.0,703.0,639.0,642.0,652.0,635.0,709.0,633.0,712.0,6,신사,광교(경기대),630,712,2.0,2.0,False
701.0,707.0,718.0,644.0,712.0,642.0,649.0,709.0,715.0,651.0,654.0,704.0,647.0,721.0,645.0,724.0,7,신사,광교(경기대),642,724,2.0,2.0,False
713.0,719.0,730.0,655.0,724.0,654.0,701.0,722.0,727.0,703.0,706.0,716.0,659.0,733.0,657.0,736.0,8,신사,광교(경기대),654,736,2.0,2.0,False
721.0,727.0,738.0,703.0,732.0,702.0,709.0,730.0,735.0,711.0,714.0,724.0,707.0,741.0,705.0,744.0,9,신사,광교(경기대),702,744,2.0,2.0,False
729.0,735.0,746.0,711.0,740.0,710.0,717.0,738.0,743.0,719.0,722.0,732.0,715.0,749.0,713.0,752.0,10,신사,광교(경기대),710,752,2.0,2.0,False
737.0,743.0,754.0,719.0,748.0,718.0,725.0,746.0,751.0,727.0,730.0,740.0,723.0,757.0,721.0,800.0,11,신사,광교(경기대),718,800,2.0,2.0,False
745.0,751.0,802.0,727.0,756.0,726.0,733.0,754.0,759.0,735.0,738.0,748.0,731.0,805.0,729.0,808.0,12,신사,광교(경기대),726,808,2.0,2.0,False
753.0,759.0,810.0,735.0,804.0,734.0,741.0,802.0,807.0,743.0,746.0,756.0,739.0,813.0,737.0,816.0,13,신사,광교(경기대),734,816,2.0,2.0,False
801.0,807.0,818.0,743.0,812.0,742.0,749.0,810.0,815.0,751.0,754.0,804.0,747.0,821.0,745.0,824.0,14,신사,광교(경기대),742,824,2.0,2.0,False
809.0,815.0,826.0,751.0,820.0,750.0,757.0,818.0,823.0,759.0,802.0,812.0,755.0,829.0,753.0,832.0,15,신사,광교(경기대),750,832,2.0,2.0,False
817.0,823.0,834.0,759.0,828.0,758.0,805.0,826.0,831.0,807.0,810.0,820.0,803.0,837.0,801.0,840.0,16,신사,광교(경기대),758,840,2.0,2.0,False
825.0,831.0,842.0,807.0,836.0,806.0,813.0,834.0,839.0,815.0,818.0,828.0,811.0,845.0,809.0,848.0,17,신사,광교(경기대),806,848,2.0,2.0,False
833.0,839.0,850.0,815.0,844.0,814.0,821.0,842.0,847.0,823.0,826.0,836.0,819.0,853.0,817.0,856.0,18,신사,광교(경기대),814,856,2.0,2.0,False
841.0,847.0,858.0,823.0,852.0,822.0,829.0,850.0,855.0,831.0,834.0,844.0,827.0,901.0,825.0,904.0,19,신사,광교(경기대),822,904,2.0,2.0,False
849.0,855.0,906.0,831.0,900.0,830.0,837.0,858.0,903.0,839.0,842.0,852.0,835.0,909.0,833.0,912.0,20,신사,광교(경기대),830,912,2.0,2.0,False
857.0,903.0,914.0,839.0,908.0,838.0,845.0,906.0,911.0,847.0,850.0,900.0,843.0,917.0,841.0,920.0,21,신사,광교(경기대),838,920,2.0,2.0,False
905.0,911.0,922.0,847.0,916.0,846.0,853.0,914.0,919.0,855.0,858.0,908.0,851.0,925.0,849.0,928.0,22,신사,광교(경기대),846,928,2.0,2.0,False
913.0,919.0,930.0,855.0,924.0,854.0,901.0,922.0,927.0,903.0,906.0,916.0,859.0,933.0,857.0,936.0,23,신사,광교(경기대),854,936,2.0,2.0,False
921.0,927.0,938.0,903.0,932.0,902.0,909.0,930.0,935.0,911.0,914.0,924.0,907.0,941.0,905.0,944.0,24,신사,광교(경기대),902,944,2.0,2.0,False
929.0,935.0,946.0,911.0,940.0,910.0,917.0,938.0,943.0,919.0,922.0,932.0,915.0,949.0,913.0,952.0,25,신사,광교(경기대),910,952,2.0,2.0,False
937.0,943.0,954.0,919.0,948.0,918.0,925.0,946.0,951.0,927.0,930.0,940.0,923.0,957.0,921.0,1000.0,26,신사,광교(경기대),918,1000,2.0,2.0,False
945.0,951.0,1002.0,927.0,956.0,926.0,933.0,954.0,959.0,935.0,938.0,948.0,931.0,1005.0,929.0,1008.0,27,신사,광교(경기대),926,1008,2.0,2.0,False
953.0,959.0,1010.0,935.0,1004.0,934.0,941.0,1002.0,1007.0,943.0,946.0,956.0,939.0,1013.0,937.0,1016.0,28,신사,광교(경기대),934,1016,2.0,2.0,False
1001.0,1007.0,1018.0,943.0,1012.0,942.0,949.0,1010.0,1015.0,951.0,954.0,1004.0,947.0,1021.0,945.0,1024.0,29,신사,광교(경기대),942,1024,2.0,2.0,False
1009.0,1015.0,1026.0,951.0,1020.0,950.0,957.0,1018.0,1023.0,959.0,1002.0,1012.0,955.0,1029.0,953.0,1032.0,30,신사,광교(경기대),950,1032,2.0,2.0,False
1017.0,1023.0,1034.0,959.0,1028.0,958.0,1005.0,1026.0,1031.0,1007.0,1010.0,1020.0,1003.0,1037.0,1001.0,1040.0,31,신사,광교(경기대),958,1040,2.0,2.0,False
1025.0,1031.0,1042.0,1007.0,1036.0,1006.0,1013.0,1034.0,1039.0,1015.0,1018.0,1028.0,1011.0,1045.0,1009.0,1048.0,32,신사,광교(경기대),1006,1048,2.0,2.0,False
1033.0,1039.0,1050.0,1015.0,1044.0,1014.0,1021.0,1042.0,1047.0,1023.0,1026.0,1036.0,1019.0,1053.0,1017.0,1056.0,33,신사,광교(경기대),1014,1056,2.0,2.0,False
1041.0,1047.0,1058.0,1023.0,1052.0,1022.0,1029.0,1050.0,1055.0,1031.0,1034.0,1044.0,1027.0,1101.0,1025.0,1104.0,34,신사,광교(경기대),1022,1104,2.0,2.0,False
1049.0,1055.0,1106.0,1031.0,1100.0,1030.0,1037.0,1058.0,1103.0,1039.0,1042.0,1052.0,1035.0,1109.0,1033.0,1112.0,35,신사,광교(경기대),1030,1112,2.0,2.0,False
1057.0,1103.0,1114.0,1039.0,1108.0,1038.0,1045.0,1106.0,1111.0,1047.0,1050.0,1100.0,1043.0,1117.0,1041.0,1120.0,36,신사,광교(경기대),1038,1120,2.0,2.0,False
1105.0,1111.0,1122.0,1047.0,1116.0,1046.0,1053.0,1114.0,1119.0,1055.0,1058.0,1108.0,1051.0,1125.0,1049.0,1128.0,37,신사,광교(경기대),1046,1128,2.0,2.0,False
1113.0,1119.0,1130.0,1055.0,1124.0,1054.0,1101.0,1122.0,1127.0,1103.0,1106.0,1116.0,1059.0,1133.0,1057.0,1136.0,38,신사,광교(경기대),1054,1136,2.0,2.0,False
1121.0,1127.0,1138.0,1103.0,1132.0,1102.0,1109.0,1130.0,1135.0,1111.0,1114.0,1124.0,1107.0,1141.0,1105.0,1144.0,39,신사,광교(경기대),1102,1144,2.0,2.0,False
1129.0,1135.0,1146.0,1111.0,1140.0,1110.0,1117.0,1138.0,1143.0,1119.0,1122.0,1132.0,1115.0,1149.0,1113.0,1152.0,40,신사,광교(경기대),1110,1152,2.0,2.0,False
1137.0,1143.0,1154.0,1119.0,1148.0,1118.0,1125.0,1146.0,1151.0,1127.0,1130.0,1140.0,1123.0,1157.0,1121.0,1200.0,41,신사,광교(경기대),1118,1200,2.0,2.0,False
1145.0,1151.0,1202.0,1127.0,1156.0,1126.0,1133.0,1154.0,1159.0,1135.0,1138.0,1148.0,1131.0,1205.0,1129.0,1208.0,42,신사,광교(경기대),1126,1208,2.0,2.0,False
1153.0,1159.0,1210.0,1135.0,1204.0,1134.0,1141.0,1202.0,1207.0,1143.0,1146.0,1156.0,1139.0,1213.0,1137.0,1216.0,43,신사,광교(경기대),1134,1216,2.0,2.0,False
1201.0,1207.0,1218.0,1143.0,1212.0,1142.0,1149.0,1210.0,1215.0,1151.0,1154.0,1204.0,1147.0,1221.0,1145.0,1224.0,44,신사,광교(경기대),1142,1224,2.0,2.0,False
1209.0,1215.0,1226.0,1151.0,1220.0,1150.0,1157.0,1218.0,1223.0,1159.0,1202.0,1212.0,1155.0,1229.0,1153.0,1232.0,45,신사,광교(경기대),1150,1232,2.0,2.0,False
1217.0,1223.0,1234.0,1159.0,1228.0,1158.0,1205.0,1226.0,1231.0,1207.0,1210.0,1220.0,1203.0,1237.0,1201.0,1240.0,46,신사,광교(경기대),1158,1240,2.0,2.0,False
1225.0,1231.0,1242.0,1207.0,1236.0,1206.0,1213.0,1234.0,1239.0,1215.0,1218.0,1228.0,1211.0,1245.0,1209.0,1248.0,47,신사,광교(경기대),1206,1248,2.0,2.0,False
1233.0,1239.0,1250.0,1215.0,1244.0,1214.0,1221.0,1242.0,1247.0,1223.0,1226.0,1236.0,1219.0,1253.0,1217.0,1256.0,48,신사,광교(경기대),1214,1256,2.0,2.0,False
1241.0,1247.0,1258.0,1223.0,1252.0,1222.0,1229.0,1250.0,1255.0,1231.0,1234.0,1244.0,1227.0,1301.0,1225.0,1304.0,49,신사,광교(경기대),1222,1304,2.0,2.0,False
1249.0,1255.0,1306.0,1231.0,1300.0,1230.0,1237.0,1258.0,1303.0,1239.0,1242.0,1252.0,1235.0,1309.0,1233.0,1312.0,50,신사,광교(경기대),1230,1312,2.0,2.0,False
1257.0,1303.0,1314.0,1239.0,1308.0,1238.0,1245.0,1306.0,1311.0,1247.0,1250.0,1300.0,1243.0,1317.0,1241.0,1320.0,51,신사,광교(경기대),1238,1320,2.0,2.0,False
1305.0,1311.0,1322.0,1247.0,1316.0,1246.0,1253.0,1314.0,1319.0,1255.0,1258.0,1308.0,1251.0,1325.0,1249.0,1328.0,52,신사,광교(경기대),1246,1328,2.0,2.0,False
1313.0,1319.0,1330.0,1255.0,1324.0,1254.0,1301.0,1322.0,1327.0,1303.0,1306.0,1316.0,1259.0,1333.0,1257.0,1336.0,53,신사,광교(경기대),1254,1336,2.0,2.0,False
1321.0,1327.0,1338.0,1303.0,1332.0,1302.0,1309.0,1330.0,1335.0,1311.0,1314.0,1324.0,1307.0,1341.0,1305.0,1344.0,54,신사,광교(경기대),1302,1344,2.0,2.0,False
1329.0,1335.0,1346.0,1311.0,1340.0,1310.0,1317.0,1338.0,1343.0,1319.0,1322.0,1332.0,1315.0,1349.0,1313.0,1352.0,55,신사,광교(경기대),1310,1352,2.0,2.0,False
1337.0,1343.0,1354.0,1319.0,1348.0,1318.0,1325.0,1346.0,1351.0,1327.0,1330.0,1340.0,1323.0,1357.0,1321.0,1400.0,56,신사,광교(경기대),1318,1400,2.0,2.0,False
1345.0,1351.0,1402.0,1327.0,1356.0,1326.0,1333.0,1354.0,1359.0,1335.0,1338.0,1348.0,1331.0,1405.0,1329.0,1408.0,57,신사,광교(경기대),1326,1408,2.0,2.0,False
1353.0,1359.0,1410.0,1335.0,1404.0,1334.0,1341.0,1402.0,1407.0,1343.0,1346.0,1356.0,1339.0,1413.0,1337.0,1416.0,58,신사,광교(경기대),1334,1416,2.0,2.0,False
1401.0,1407.0,1418.0,1343.0,1412.0,1342.0,1349.0,1410.0,1415.0,1351.0,1354.0,1404.0,1347.0,1421.0,1345.0,1424.0,59,신사,광교(경기대),1342,1424,2.0,2.0,False
1409.0,1415.0,1426.0,1351.0,1420.0,1350.0,1357.0,1418.0,1423.0,1359.0,1402.0,1412.0,1355.0,1429.0,1353.0,1432.0,60,신사,광교(경기대),1350,1432,2.0,2.0,False
1417.0,1423.0,1434.0,1359.0,1428.0,1358.0,1405.0,1426.0,1431.0,1407.0,1410.0,1420.0,1403.0,1437.0,1401.0,1440.0,61,신사,광교(경기대),1358,1440,2.0,2.0,False
1425.0,1431.0,1442.0,1407.0,1436.0,1406.0,1413.0,1434.0,1439.0,1415.0,1418.0,1428.0,1411.0,1445.0,1409.0,1448.0,62,신사,광교(경기대),1406,1448,2.0,2.0,False
1433.0,1439.0,1450.0,1415.0,1444.0,1414.0,1421.0,1442.0,1447.0,1423.0,1426.0,1436.0,1419.0,1453.0,1417.0,1456.0,63,신사,광교(경기대),1414,1456,2.0,2.0,False
1441.0,1447.0,1458.0,1423.0,1452.0,1422.0,1429.0,1450.0,1455.0,1431.0,1434.0,1444.0,1427.0,1501.0,1425.0,1504.0,64,신사,광교(경기대),1422,1504,2.0,2.0,False
1449.0,1455.0,1506.0,1431.0,1500.0,1430.0,1437.0,1458.0,1503.0,1439.0,1442.0,1452.0,1435.0,1509.0,1433.0,1512.0,65,신사,광교(경기대),1430,1512,2.0,2.0,False
1457.0,1503.0,1514.0,1439.0,1508.0,1438.0,1445.0,1506.0,1511.0,1447.0,1450.0,1500.0,1443.0,1517.0,1441.0,1520.0,66,신사,광교(경기대),1438,1520,2.0,2.0,False
1505.0,1511.0,1522.0,1447.0,1516.0,1446.0,1453.0,1514.0,1519.0,1455.0,1458.0,1508.0,1451.0,1525.0,1449.0,1528.0,67,신사,광교(경기대),1446,1528,2.0,2.0,False
1513.0,1519.0,1530.0,1455.0,1524.0,1454.0,1501.0,1522.0,1527.0,1503.0,1506.0,1516.0,1459.0,1533.0,1457.0,1536.0,68,신사,광교(경기대),1454,1536,2.0,2.0,False
1521.0,1527.0,1538.0,1503.0,1532.0,1502.0,1509.0,1530.0,1535.0,1511.0,1514.0,1524.0,1507.0,1541.0,1505.0,1544.0,69,신사,광교(경기대),1502,1544,2.0,2.0,False
1529.0,1535.0,1546.0,1511.0,1540.0,1510.0,1517.0,1538.0,1543.0,1519.0,1522.0,1532.0,1515.0,1549.0,1513.0,1552.0,70,신사,광교(경기대),1510,1552,2.0,2.0,False
1537.0,1543.0,1554.0,1519.0,1548.0,1518.0,1525.0,1546.0,1551.0,1527.0,1530.0,1540.0,1523.0,1557.0,1521.0,1600.0,71,신사,광교(경기대),1518,1600,2.0,2.0,False
1545.0,1551.0,1602.0,1527.0,1556.0,1526.0,1533.0,1554.0,1559.0,1535.0,1538.0,1548.0,1531.0,1605.0,1529.0,1608.0,72,신사,광교(경기대),1526,1608,2.0,2.0,False
1553.0,1559.0,1610.0,1535.0,1604.0,1534.0,1541.0,1602.0,1607.0,1543.0,1546.0,1556.0,1539.0,1613.0,1537.0,1616.0,73,신사,광교(경기대),1534,1616,2.0,2.0,False
1601.0,1607.0,1618.0,1543.0,1612.0,1542.0,1549.0,1610.0,1615.0,1551.0,1554.0,1604.0,1547.0,1621.0,1545.0,1624.0,74,신사,광교(경기대),1542,1624,2.0,2.0,False
1609.0,1615.0,1626.0,1551.0,1620.0,1550.0,1557.0,1618.0,1623.0,1559.0,1602.0,1612.0,1555.0,1629.0,1553.0,1632.0,75,신사,광교(경기대),1550,1632,2.0,2.0,False
1617.0,1623.0,1634.0,1559.0,1628.0,1558.0,1605.0,1626.0,1631.0,1607.0,1610.0,1620.0,1603.0,1637.0,1601.0,1640.0,76,신사,광교(경기대),1558,1640,2.0,2.0,False
1625.0,1631.0,1642.0,1607.0,1636.0,1606.0,1613.0,1634.0,1639.0,1615.0,1618.0,1628.0,1611.0,1645.0,1609.0,1648.0,77,신사,광교(경기대),1606,1648,2.0,2.0,False
1633.0,1639.0,1650.0,1615.0,1644.0,1614.0,1621.0,1642.0,1647.0,1623.0,1626.0,1636.0,1619.0,1653.0,1617.0,1656.0,78,신사,광교(경기대),1614,1656,2.0,2.0,False
1641.0,1647.0,1658.0,1623.0,1652.0,1622.0,1629.0,1650.0,1655.0,1631.0,1634.0,1644.0,1627.0,1701.0,1625.0,1704.0,79,신사,광교(경기대),1622,1704,2.0,2.0,False
1649.0,1655.0,1706.0,1631.0,1700.0,1630.0,1637.0,1658.0,1703.0,1639.0,1642.0,1652.0,1635.0,1709.0,1633.0,1712.0,80,신사,광교(경기대),1630,1712,2.0,2.0,False
1657.0,1703.0,1714.0,1639.0,1708.0,1638.0,1645.0,1706.0,1711.0,1647.0,1650.0,1700.0,1643.0,1717.0,1641.0,1720.0,81,신사,광교(경기대),1638,1720,2.0,2.0,False
1705.0,1711.0,1722.0,1647.0,1716.0,1646.0,1653.0,1714.0,1719.0,1655.0,1658.0,1708.0,1651.0,1725.0,1649.0,1728.0,82,신사,광교(경기대),1646,1728,2.0,2.0,False
1713.0,1719.0,1730.0,1655.0,1724.0,1654.0,1701.0,1722.0,1727.0,1703.0,1706.0,1716.0,1659.0,1733.0,1657.0,1736.0,83,신사,광교(경기대),1654,1736,2.0,2.0,False
1721.0,1727.0,1738.0,1703.0,1732.0,1702.0,1709.0,1730.0,1735.0,1711.0,1714.0,1724.0,1707.0,1741.0,1705.0,1744.0,84,신사,광교(경기대),1702,1744,2.0,2.0,False
1729.0,1735.0,1746.0,1711.0,1740.0,1710.0,1717.0,1738.0,1743.0,1719.0,1722.0,1732.0,1715.0,1749.0,1713.0,1752.0,85,신사,광교(경기대),1710,1752,2.0,2.0,False
1737.0,1743.0,1754.0,1719.0,1748.0,1718.0,1725.0,1746.0,1751.0,1727.0,1730.0,1740.0,1723.0,1757.0,1721.0,1800.0,86,신사,광교(경기대),1718,1800,2.0,2.0,False
1745.0,1751.0,1802.0,1727.0,1756.0,1726.0,1733.0,1754.0,1759.0,1735.0,1738.0,1748.0,1731.0,1805.0,1729.0,1808.0,87,신사,광교(경기대),1726,1808,2.0,2.0,False
1753.0,1759.0,1810.0,1735.0,1804.0,1734.0,1741.0,1802.0,1807.0,1743.0,1746.0,1756.0,1739.0,1813.0,1737.0,1816.0,88,신사,광교(경기대),1734,1816,2.0,2.0,False
1801.0,1807.0,1818.0,1743.0,1812.0,1742.0,1749.0,1810.0,1815.0,1751.0,1754.0,1804.0,1747.0,1821.0,1745.0,1824.0,89,신사,광교(경기대),1742,1824,2.0,2.0,False
1809.0,1815.0,1826.0,1751.0,1820.0,1750.0,1757.0,1818.0,1823.0,1759.0,1802.0,1812.0,1755.0,1829.0,1753.0,1832.0,90,신사,광교(경기대),1750,1832,2.0,2.0,False
1817.0,1823.0,1834.0,1759.0,1828.0,1758.0,1805.0,1826.0,1831.0,1807.0,1810.0,1820.0,1803.0,1837.0,1801.0,1840.0,91,신사,광교(경기대),1758,1840,2.0,2.0,False
1825.0,1831.0,1842.0,1807.0,1836.0,1806.0,1813.0,1834.0,1839.0,1815.0,1818.0,1828.0,1811.0,1845.0,1809.0,1848.0,92,신사,광교(경기대),1806,1848,2.0,2.0,False
1833.0,1839.0,1850.0,1815.0,1844.0,1814.0,1821.0,1842.0,1847.0,1823.0,1826.0,1836.0,1819.0,1853.0,1817.0,1856.0,93,신사,광교(경기대),1814,1856,2.0,2.0,False
1841.0,1847.0,1858.0,1823.0,1852.0,1822.0,1829.0,1850.0,1855.0,1831.0,1834.0,1844.0,1827.0,1901.0,1825.0,1904.0,94,신사,광교(경기대),1822,1904,2.0,2.0,False
1849.0,1855.0,1906.0,1831.0,1900.0,1830.0,1837.0,1858.0,1903.0,1839.0,1842.0,1852.0,1835.0,1909.0,1833.0,1912.0,95,신사,광교(경기대),1830,1912,2.0,2.0,False
1857.0,1903.0,1914.0,1839.0,1908.0,1838.0,1845.0,1906.0,1911.0,1847.0,1850.0,1900.0,1843.0,1917.0,1841.0,1920.0,96,신사,광교(경기대),1838,1920,2.0,2.0,False
1905.0,1911.0,1922.0,1847.0,1916.0,1846.0,1853.0,1914.0,1919.0,1855.0,1858.0,1908.0,1851.0,1925.0,1849.0,1928.0,97,신사,광교(경기대),1846,1928,2.0,2.0,False
1913.0,1919.0,1930.0,1855.0,1924.0,1854.0,1901.0,1922.0,1927.0,1903.0,1906.0,1916.0,1859.0,1933.0,1857.0,1936.0,98,신사,광교(경기대),1854,1936,2.0,2.0,False
1921.0,1927.0,1938.0,1903.0,1932.0,1902.0,1909.0,1930.0,1935.0,1911.0,1914.0,1924.0,1907.0,1941.0,1905.0,1944.0,99,신사,광교(경기대),1902,1944,2.0,2.0,False
1929.0,1935.0,1946.0,1911.0,1940.0,1910.0,1917.0,1938.0,1943.0,1919.0,1922.0,1932.0,1915.0,1949.0,1913.0,1952.0,100,신사,광교(경기대),1910,1952,2.0,2.0,False
1937.0,1943.0,1954.0,1919.0,1948.0,1918.0,1925.0,1946.0,1951.0,1927.0,1930.0,1940.0,1923.0,1957.0,1921.0,2000.0,101,신사,광교(경기대),1918,2000,2.0,2.0,False
1945.0,1951.0,2002.0,1927.0,1956.0,1926.0,1933.0,1954.0,1959.0,1935.0,1938.0,1948.0,1931.0,2005.0,1929.0,2008.0,102,신사,광교(경기대),1926,2008,2.0,2.0,False
1953.0,1959.0,2010.0,1935.0,2004.0,1934.0,1941.0,2002.0,2007.0,1943.0,1946.0,1956.0,1939.0,2013.0,1937.0,2016.0,103,신사,광교(경기대),1934,2016,2.0,2.0,False
2001.0,2007.0,2018.0,1943.0,2012.0,1942.0,1949.0,2010.0,2015.0,1951.0,1954.0,2004.0,1947.0,2021.0,1945.0,2024.0,104,신사,광교(경기대),1942,2024,2.0,2.0,False
2009.0,2015.0,2026.0,1951.0,2020.0,1950.0,1957.0,2018.0,2023.0,1959.0,2002.0,2012.0,1955.0,2029.0,1953.0,2032.0,105,신사,광교(경기대),1950,2032,2.0,2.0,False
2017.0,2023.0,2034.0,1959.0,2028.0,1958.0,2005.0,2026.0,2031.0,2007.0,2010.0,2020.0,2003.0,2037.0,2001.0,2040.0,106,신사,광교(경기대),1958,2040,2.0,2.0,False
2025.0,2031.0,2042.0,2007.0,2036.0,2006.0,2013.0,2034.0,2039.0,2015.0,2018.0,2028.0,2011.0,2045.0,2009.0,2048.0,107,신사,광교(경기대),2006,2048,2.0,2.0,False
2033.0,2039.0,2050.0,2015.0,2044.0,2014.0,2021.0,2042.0,2047.0,2023.0,2026.0,2036.0,2019.0,2053.0,2017.0,2056.0,108,신사,광교(경기대),2014,2056,2.0,2.0,False
2041.0,2047.0,2058.0,2023.0,2052.0,2022.0,2029.0,2050.0,2055.0,2031.0,2034.0,2044.0,2027.0,2101.0,2025.0,2104.0,109,신사,광교(경기대),2022,2104,2.0,2.0,False
2049.0,2055.0,2106.0,2031.0,2100.0,2030.0,2037.0,2058.0,2103.0,2039.0,2042.0,2052.0,2035.0,2109.0,2033.0,2112.0,110,신사,광교(경기대),2030,2112,2.0,2.0,False
2057.0,2103.0,2114.0,2039.0,2108.0,2038.0,2045.0,2106.0,2111.0,2047.0,2050.0,2100.0,2043.0,2117.0,2041.0,2120.0,111,신사,광교(경기대),2038,2120,2.0,2.0,False
2105.0,2111.0,2122.0,2047.0,2116.0,2046.0,2053.0,2114.0,2119.0,2055.0,2058.0,2108.0,2051.0,2125.0,2049.0,2128.0,112,신사,광교(경기대),2046,2128,2.0,2.0,False
2113.0,2119.0,2130.0,2055.0,2124.0,2054.0,2101.0,2122.0,2127.0,2103.0,2106.0,2116.0,2059.0,2133.0,2057.0,2136.0,113,신사,광교(경기대),2054,2136,2.0,2.0,False
2121.0,2127.0,2138.0,2103.0,2132.0,2102.0,2109.0,2130.0,2135.0,2111.0,2114.0,2124.0,2107.0,2141.0,2105.0,2144.0,114,신사,광교(경기대),2102,2144,2.0,2.0,False
2129.0,2135.0,2146.0,2111.0,2140.0,2110.0,2117.0,2138.0,2143.0,2119.0,2122.0,2132.0,2115.0,2149.0,2113.0,2152.0,115,신사,광교(경기대),2110,2152,2.0,2.0,False
2137.0,2143.0,2154.0,2119.0,2148.0,2118.0,2125.0,2146.0,2151.0,2127.0,2130.0,2140.0,2123.0,2157.0,2121.0,2200.0,116,신사,광교(경기대),2118,2200,2.0,2.0,False
2145.0,2151.0,2202.0,2127.0,2156.0,2126.0,2133.0,2154.0,2159.0,2135.0,2138.0,2148.0,2131.0,2205.0,2129.0,2208.0,117,신사,광교(경기대),2126,2208,2.0,2.0,False
2153.0,2159.0,2210.0,2135.0,2204.0,2134.0,2141.0,2202.0,2207.0,2143.0,2146.0,2156.0,2139.0,2213.0,2137.0,2216.0,118,신사,광교(경기대),2134,2216,2.0,2.0,False
2201.0,2207.0,2218.0,2143.0,2212.0,2142.0,2149.0,2210.0,2215.0,2151.0,2154.0,2204.0,2147.0,2221.0,2145.0,2224.0,119,신사,광교(경기대),2142,2224,2.0,2.0,False
2209.0,2215.0,2226.0,2151.0,2220.0,2150.0,2157.0,2218.0,2223.0,2159.0,2202.0,2212.0,2155.0,2229.0,2153.0,2232.0,120,신사,광교(경기대),2150,2232,2.0,2.0,False
2217.0,2223.0,2234.0,2159.0,2228.0,2158.0,2205.0,2226.0,2231.0,2207.0,2210.0,2220.0,2203.0,2237.0,2201.0,2240.0,121,신사,광교(경기대),2158,2240,2.0,2.0,False
2225.0,2231.0,2242.0,2207.0,2236.0,2206.0,2213.0,2234.0,2239.0,2215.0,2218.0,2228.0,2211.0,2245.0,2209.0,2248.0,122,신사,광교(경기대),2206,2248,2.0,2.0,False
2233.0,2239.0,2250.0,2215.0,2244.0,2214.0,2221.0,2242.0,2247.0,2223.0,2226.0,2236.0,2219.0,2253.0,2217.0,2256.0,123,신사,광교(경기대),2214,2256,2.0,2.0,False
2241.0,2247.0,2258.0,2223.0,2252.0,2222.0,2229.0,2250.0,2255.0,2231.0,2234.0,2244.0,2227.0,2301.0,2225.0,2304.0,124,신사,광교(경기대),2222,2304,2.0,2.0,False
2249.0,2255.0,2306.0,2231.0,2300.0,2230.0,2237.0,2258.0,2303.0,2239.0,2242.0,2252.0,2235.0,2309.0,2233.0,2312.0,125,신사,광교(경기대),2230,2312,2.0,2.0,False
2257.0,2303.0,2314.0,2239.0,2308.0,2238.0,2245.0,2306.0,2311.0,2247.0,2250.0,2300.0,2243.0,2317.0,2241.0,2320.0,126,신사,광교(경기대),2238,2320,2.0,2.0,False
2305.0,2311.0,2322.0,2247.0,2316.0,2246.0,2253.0,2314.0,2319.0,2255.0,2258.0,2308.0,2251.0,2325.0,2249.0,2328.0,127,신사,광교(경기대),2246,2328,2.0,2.0,False
2313.0,2319.0,2330.0,2255.0,2324.0,2254.0,2301.0,2322.0,2327.0,2303.0,2306.0,2316.0,2259.0,2333.0,2257.0,2336.0,128,신사,광교(경기대),2254,2336,2.0,2.0,False
2328.0,2334.0,2345.0,2310.0,2339.0,2309.0,2316.0,2337.0,2342.0,2318.0,2321.0,2331.0,2314.0,2348.0,2312.0,2351.0,129,신사,광교(경기대),2309,2351,2.0,2.0,False
2336.0,2342.0,2353.0,2318.0,2347.0,2317.0,2324.0,2345.0,2350.0,2326.0,2329.0,2339.0,2322.0,2356.0,2320.0,2359.0,130,신사,광교(경기대),2317,2359,2.0,2.0,False
2344.0,2350.0,2401.0,2326.0,2355.0,2325.0,2332.0,2353.0,2358.0,2334.0,2337.0,2347.0,2330.0,2404.0,2328.0,2407.0,131,신사,광교(경기대),2325,2407,2.0,2.0,False
1027.0,,,1009.0,,1008.0,1015.0,,,1017.0,1020.0,1030.0,1013.0,,1011.0,,a,신사,정자,1008,1030,1.0,2.0,False
2351.0,,,2334.0,,2332.0,2339.0,,,2341.0,2344.0,2354.0,2337.0,,2335.0,,b,신사,정자,2332,2354,1.0,2.0,False
2429.0,,,2412.0,,2410.0,2417.0,,,2419.0,2422.0,2432.0,2415.0,,2413.0,,c,신사,정자,2410,2432,1.0,2.0,False
2440.0,,,2423.0,,2421.0,2428.0,,,2430.0,2433.0,2443.0,2426.0,,2424.0,,d,신사,정자,2421,2443,1.0,2.0,False
2321.0,,,2303.0,,2302.0,2309.0,,,2311.0,2314.0,2324.0,2307.0,,2305.0,,a,신사,정자,2302,2324,2.0,2.0,False
2352.0,,,2334.0,,2333.0,2340.0,,,2342.0,2345.0,2355.0,2338.0,,2336.0,,b,신사,정자,2333,2355,2.0,2.0,False
2400.0,,,2342.0,,2341.0,2348.0,,,2350.0,2353.0,2403.0,2346.0,,2344.0,,c,신사,정자,2341,2403,2.0,2.0,False
2408.0,,,2350.0,,2349.0,2356.0,,,2358.0,2401.0,2411.0,2354.0,,2352.0,,d,신사,정자,2349,2411,2.0,2.0,False
,543.0,554.0,,548.0,,,545.0,551.0,,,540.0,,557.0,,600.0,A,정자,광교(경기대),540,600,1.0,2.0,False
,543.0,554.0,,548.0,,,545.0,551.0,,,540.0,,557.0,,600.0,A,정자,광교(경기대),540,600,2.0,2.0,False
533.0,,,550.0,,551.0,544.0,,,542.0,539.0,530.0,547.0,,548.0,,a,정자,신사,530,551,1.0,1.0,False
542.0,,,559.0,,600.0,554.0,,,551.0,548.0,539.0,556.0,,558.0,,b,정자,신사,539,600,1.0,1.0,False
533.0,,,550.0,,551.0,544.0,,,542.0,539.0,530.0,547.0,,548.0,,a,정자,신사,530,551,2.0,1.0,False
542.0,,,559.0,,600.0,554.0,,,551.0,548.0,539.0,556.0,,558.0,,b,정자,신사,539,600,2.0,1.0,False
1759.0,,,1817.0,,1818.0,1811.0,,,1809.0,1806.0,,1814.0,,1815.0,,A,판교(판교테크노밸리),신사,1759,1818,1.0,1.0,False
638.0,,,655.0,,656.0,650.0,,,647.0,644.0,,652.0,,654.0,,A,판교(판교테크노밸리),신사,638,656,2.0,1.0,False
