11321,11322,11323,11324,11325,11326,11327,11328,11329,11330,11331,11332,11333,출발시간,도착시간,출발역사명,도착역사명,요일,방향,급행선
530,531,533,535,536,538,540,542,544,547,549,551,553,530,553,북한산우이,신설동,1,1,False
542,543,545,547,548,550,552,554,556,559,601,603,605,542,605,북한산우이,신설동,1,1,False
554,555,557,559,600,602,604,606,608,611,613,615,617,554,617,북한산우이,신설동,1,1,False
606,607,609,611,612,614,616,618,620,623,625,627,629,606,629,북한산우이,신설동,1,1,False
613,614,616,618,619,621,623,625,627,630,632,634,636,613,636,북한산우이,신설동,1,1,False
619,620,622,624,625,627,629,631,633,636,638,640,642,619,642,북한산우이,신설동,1,1,False
625,626,628,630,631,633,635,637,639,642,644,646,648,625,648,북한산우이,신설동,1,1,False
630,632,633,635,637,638,641,642,645,647,649,651,653,630,653,북한산우이,신설동,1,1,False
636,638,639,641,643,644,647,648,651,653,655,657,659,636,659,북한산우이,신설동,1,1,False
642,644,645,647,649,650,653,654,657,659,701,703,705,642,705,북한산우이,신설동,1,1,False
648,649,651,653,654,656,658,700,702,705,707,709,711,648,711,북한산우이,신설동,1,1,False
653,654,656,658,659,701,703,705,707,709,712,714,716,653,716,북한산우이,신설동,1,1,False
657,658,700,701,703,705,707,709,711,713,715,717,719,657,719,북한산우이,신설동,1,1,False
700,702,703,705,707,708,710,712,715,717,719,721,723,700,723,북한산우이,신설동,1,1,False
703,705,707,708,710,711,714,715,718,720,722,724,726,703,726,북한산우이,신설동,1,1,False
706,708,709,711,713,714,716,718,721,723,725,727,729,706,729,북한산우이,신설동,1,1,False
709,711,712,714,716,717,719,721,724,726,728,730,732,709,732,북한산우이,신설동,1,1,False
712,714,715,717,719,720,722,724,726,729,731,733,735,712,735,북한산우이,신설동,1,1,False
715,716,718,720,721,723,725,727,729,732,734,736,738,715,738,북한산우이,신설동,1,1,False
718,719,721,723,724,726,728,730,732,734,737,739,741,718,741,북한산우이,신설동,1,1,False
721,722,724,726,727,729,731,733,735,737,739,741,743,721,743,북한산우이,신설동,1,1,False
724,725,727,728,730,732,734,736,738,740,742,744,746,724,746,북한산우이,신설동,1,1,False
726,728,730,731,733,735,737,738,741,743,745,747,749,726,749,북한산우이,신설동,1,1,False
729,731,732,734,736,737,739,741,744,746,748,750,752,729,752,북한산우이,신설동,1,1,False
732,734,735,737,739,740,742,744,747,749,751,753,755,732,755,북한산우이,신설동,1,1,False
735,737,738,740,742,743,745,747,750,752,754,756,758,735,758,북한산우이,신설동,1,1,False
738,740,741,743,744,746,748,750,752,755,757,759,801,738,801,북한산우이,신설동,1,1,False
741,742,744,746,747,749,751,753,755,757,800,802,804,741,804,북한산우이,신설동,1,1,False
744,745,747,749,750,752,754,756,758,800,803,805,807,744,807,북한산우이,신설동,1,1,False
747,748,750,751,753,755,757,759,801,803,805,807,809,747,809,북한산우이,신설동,1,1,False
750,751,753,754,756,758,800,801,804,806,808,810,812,750,812,북한산우이,신설동,1,1,False
752,754,756,757,759,800,803,804,807,809,811,813,815,752,815,북한산우이,신설동,1,1,False
755,757,758,800,802,803,805,807,810,812,814,816,818,755,818,북한산우이,신설동,1,1,False
758,800,801,803,805,806,808,810,813,815,817,819,821,758,821,북한산우이,신설동,1,1,False
801,803,804,806,808,809,811,813,815,818,820,822,824,801,824,북한산우이,신설동,1,1,False
804,806,807,809,810,812,814,816,818,821,823,825,827,804,827,북한산우이,신설동,1,1,False
807,808,810,812,813,815,817,819,821,823,826,828,830,807,830,북한산우이,신설동,1,1,False
810,811,813,815,816,818,820,822,824,826,828,830,832,810,832,북한산우이,신설동,1,1,False
813,814,816,817,819,821,823,825,827,829,831,833,835,813,835,북한산우이,신설동,1,1,False
815,817,819,820,822,824,826,827,830,832,834,836,838,815,838,북한산우이,신설동,1,1,False
818,820,821,823,825,826,829,830,833,835,837,839,841,818,841,북한산우이,신설동,1,1,False
821,823,824,826,828,829,831,833,836,838,840,842,844,821,844,북한산우이,신설동,1,1,False
824,826,827,829,831,832,834,836,839,841,843,845,847,824,847,북한산우이,신설동,1,1,False
827,829,830,832,833,835,837,839,841,844,846,848,850,827,850,북한산우이,신설동,1,1,False
830,831,833,835,836,838,840,842,844,847,849,851,853,830,853,북한산우이,신설동,1,1,False
833,834,836,838,839,841,843,845,847,849,852,854,856,833,856,북한산우이,신설동,1,1,False
836,837,839,841,842,844,846,848,850,852,854,856,858,836,858,북한산우이,신설동,1,1,False
839,840,842,843,845,847,849,850,853,855,857,859,901,839,901,북한산우이,신설동,1,1,False
841,843,845,846,848,849,852,853,856,858,900,902,904,841,904,북한산우이,신설동,1,1,False
844,846,847,849,851,852,854,856,859,901,903,905,907,844,907,북한산우이,신설동,1,1,False
847,849,850,852,854,855,857,859,902,904,906,908,910,847,910,북한산우이,신설동,1,1,False
850,852,853,855,857,858,900,902,905,907,909,911,913,850,913,북한산우이,신설동,1,1,False
853,855,856,858,859,901,903,905,907,910,912,914,916,853,916,북한산우이,신설동,1,1,False
856,857,859,901,902,904,906,908,911,913,915,917,919,856,919,북한산우이,신설동,1,1,False
859,900,902,904,905,907,909,911,914,916,918,920,922,859,922,북한산우이,신설동,1,1,False
902,903,905,907,908,910,912,914,916,919,921,923,925,902,925,북한산우이,신설동,1,1,False
905,906,908,910,911,913,915,917,919,922,924,926,928,905,928,북한산우이,신설동,1,1,False
909,910,912,914,915,917,919,921,923,926,928,930,932,909,932,북한산우이,신설동,1,1,False
913,914,916,918,919,921,923,925,927,930,932,934,936,913,936,북한산우이,신설동,1,1,False
917,918,920,922,923,925,927,929,931,934,936,938,940,917,940,북한산우이,신설동,1,1,False
921,922,924,926,927,929,931,933,935,938,940,942,944,921,944,북한산우이,신설동,1,1,False
925,926,928,930,931,933,935,937,939,942,944,946,948,925,948,북한산우이,신설동,1,1,False
929,930,932,934,935,937,939,941,943,946,948,950,952,929,952,북한산우이,신설동,1,1,False
933,934,936,938,939,941,943,945,947,950,952,954,956,933,956,북한산우이,신설동,1,1,False
937,938,940,942,943,945,947,949,951,954,956,958,1000,937,1000,북한산우이,신설동,1,1,False
941,942,944,946,947,949,951,953,955,958,1000,1002,1004,941,1004,북한산우이,신설동,1,1,False
945,946,948,950,951,953,955,957,959,1002,1004,1006,1008,945,1008,북한산우이,신설동,1,1,False
949,950,952,954,955,957,959,1001,1003,1006,1008,1010,1012,949,1012,북한산우이,신설동,1,1,False
953,954,956,958,959,1001,1003,1005,1007,1010,1012,1014,1016,953,1016,북한산우이,신설동,1,1,False
957,958,1000,1002,1003,1005,1007,1009,1011,1014,1016,1018,1020,957,1020,북한산우이,신설동,1,1,False
1001,1002,1004,1006,1007,1009,1011,1013,1015,1018,1020,1022,1024,1001,1024,북한산우이,신설동,1,1,False
1005,1006,1008,1010,1011,1013,1015,1017,1019,1022,1024,1026,1028,1005,1028,북한산우이,신설동,1,1,False
1010,1011,1013,1015,1016,1018,1020,1022,1024,1027,1029,1031,1033,1010,1033,북한산우이,신설동,1,1,False
1015,1016,1018,1020,1021,1023,1025,1027,1029,1032,1034,1036,1038,1015,1038,북한산우이,신설동,1,1,False
1020,1021,1023,1025,1026,1028,1030,1032,1034,1037,1039,1041,1043,1020,1043,북한산우이,신설동,1,1,False
1025,1026,1028,1030,1031,1033,1035,1037,1039,1042,1044,1046,1048,1025,1048,북한산우이,신설동,1,1,False
1030,1031,1033,1035,1036,1038,1040,1042,1044,1047,1049,1051,1053,1030,1053,북한산우이,신설동,1,1,False
1035,1036,1038,1040,1041,1043,1045,1047,1049,1052,1054,1056,1058,1035,1058,북한산우이,신설동,1,1,False
1040,1041,1043,1045,1046,1048,1050,1052,1054,1057,1059,1101,1103,1040,1103,북한산우이,신설동,1,1,False
1045,1046,1048,1050,1051,1053,1055,1057,1059,1102,1104,1106,1108,1045,1108,북한산우이,신설동,1,1,False
1050,1051,1053,1055,1056,1058,1100,1102,1104,1107,1109,1111,1113,1050,1113,북한산우이,신설동,1,1,False
1055,1056,1058,1100,1101,1103,1105,1107,1109,1112,1114,1116,1118,1055,1118,북한산우이,신설동,1,1,False
1100,1101,1103,1105,1106,1108,1110,1112,1114,1117,1119,1121,1123,1100,1123,북한산우이,신설동,1,1,False
1105,1106,1108,1110,1111,1113,1115,1117,1119,1122,1124,1126,1128,1105,1128,북한산우이,신설동,1,1,False
1110,1111,1113,1115,1116,1118,1120,1122,1124,1127,1129,1131,1133,1110,1133,북한산우이,신설동,1,1,False
1115,1116,1118,1120,1121,1123,1125,1127,1129,1132,1134,1136,1138,1115,1138,북한산우이,신설동,1,1,False
1120,1121,1123,1125,1126,1128,1130,1132,1134,1137,1139,1141,1143,1120,1143,북한산우이,신설동,1,1,False
1125,1126,1128,1130,1131,1133,1135,1137,1139,1142,1144,1146,1148,1125,1148,북한산우이,신설동,1,1,False
1130,1131,1133,1135,1136,1138,1140,1142,1144,1147,1149,1151,1153,1130,1153,북한산우이,신설동,1,1,False
1135,1136,1138,1140,1141,1143,1145,1147,1149,1152,1154,1156,1158,1135,1158,북한산우이,신설동,1,1,False
1140,1141,1143,1145,1146,1148,1150,1152,1154,1157,1159,1201,1203,1140,1203,북한산우이,신설동,1,1,False
1145,1146,1148,1150,1151,1153,1155,1157,1159,1202,1204,1206,1208,1145,1208,북한산우이,신설동,1,1,False
1150,1151,1153,1155,1156,1158,1200,1202,1204,1207,1209,1211,1213,1150,1213,북한산우이,신설동,1,1,False
1155,1156,1158,1200,1201,1203,1205,1207,1209,1212,1214,1216,1218,1155,1218,북한산우이,신설동,1,1,False
1200,1201,1203,1205,1206,1208,1210,1212,1214,1217,1219,1221,1223,1200,1223,북한산우이,신설동,1,1,False
1205,1206,1208,1210,1211,1213,1215,1217,1219,1222,1224,1226,1228,1205,1228,북한산우이,신설동,1,1,False
1210,1211,1213,1215,1216,1218,1220,1222,1224,1227,1229,1231,1233,1210,1233,북한산우이,신설동,1,1,False
1215,1216,1218,1220,1221,1223,1225,1227,1229,1232,1234,1236,1238,1215,1238,북한산우이,신설동,1,1,False
1220,1221,1223,1225,1226,1228,1230,1232,1234,1237,1239,1241,1243,1220,1243,북한산우이,신설동,1,1,False
1225,1226,1228,1230,1231,1233,1235,1237,1239,1242,1244,1246,1248,1225,1248,북한산우이,신설동,1,1,False
1230,1231,1233,1235,1236,1238,1240,1242,1244,1247,1249,1251,1253,1230,1253,북한산우이,신설동,1,1,False
1235,1236,1238,1240,1241,1243,1245,1247,1249,1252,1254,1256,1258,1235,1258,북한산우이,신설동,1,1,False
1240,1241,1243,1245,1246,1248,1250,1252,1254,1257,1259,1301,1303,1240,1303,북한산우이,신설동,1,1,False
1245,1246,1248,1250,1251,1253,1255,1257,1259,1302,1304,1306,1308,1245,1308,북한산우이,신설동,1,1,False
1250,1251,1253,1255,1256,1258,1300,1302,1304,1307,1309,1311,1313,1250,1313,북한산우이,신설동,1,1,False
1255,1256,1258,1300,1301,1303,1305,1307,1309,1312,1314,1316,1318,1255,1318,북한산우이,신설동,1,1,False
1300,1301,1303,1305,1306,1308,1310,1312,1314,1317,1319,1321,1323,1300,1323,북한산우이,신설동,1,1,False
1305,1306,1308,1310,1311,1313,1315,1317,1319,1322,1324,1326,1328,1305,1328,북한산우이,신설동,1,1,False
1310,1311,1313,1315,1316,1318,1320,1322,1324,1327,1329,1331,1333,1310,1333,북한산우이,신설동,1,1,False
1315,1316,1318,1320,1321,1323,1325,1327,1329,1332,1334,1336,1338,1315,1338,북한산우이,신설동,1,1,False
1320,1321,1323,1325,1326,1328,1330,1332,1334,1337,1339,1341,1343,1320,1343,북한산우이,신설동,1,1,False
1325,1326,1328,1330,1331,1333,1335,1337,1339,1342,1344,1346,1348,1325,1348,북한산우이,신설동,1,1,False
1330,1331,1333,1335,1336,1338,1340,1342,1344,1347,1349,1351,1353,1330,1353,북한산우이,신설동,1,1,False
1335,1336,1338,1340,1341,1343,1345,1347,1349,1352,1354,1356,1358,1335,1358,북한산우이,신설동,1,1,False
1340,1341,1343,1345,1346,1348,1350,1352,1354,1357,1359,1401,1403,1340,1403,북한산우이,신설동,1,1,False
1345,1346,1348,1350,1351,1353,1355,1357,1359,1402,1404,1406,1408,1345,1408,북한산우이,신설동,1,1,False
1350,1351,1353,1355,1356,1358,1400,1402,1404,1407,1409,1411,1413,1350,1413,북한산우이,신설동,1,1,False
1355,1356,1358,1400,1401,1403,1405,1407,1409,1412,1414,1416,1418,1355,1418,북한산우이,신설동,1,1,False
1400,1401,1403,1405,1406,1408,1410,1412,1414,1417,1419,1421,1423,1400,1423,북한산우이,신설동,1,1,False
1405,1406,1408,1410,1411,1413,1415,1417,1419,1422,1424,1426,1428,1405,1428,북한산우이,신설동,1,1,False
1410,1411,1413,1415,1416,1418,1420,1422,1424,1427,1429,1431,1433,1410,1433,북한산우이,신설동,1,1,False
1415,1416,1418,1420,1421,1423,1425,1427,1429,1432,1434,1436,1438,1415,1438,북한산우이,신설동,1,1,False
1420,1421,1423,1425,1426,1428,1430,1432,1434,1437,1439,1441,1443,1420,1443,북한산우이,신설동,1,1,False
1425,1426,1428,1430,1431,1433,1435,1437,1439,1442,1444,1446,1448,1425,1448,북한산우이,신설동,1,1,False
1430,1431,1433,1435,1436,1438,1440,1442,1444,1447,1449,1451,1453,1430,1453,북한산우이,신설동,1,1,False
1435,1436,1438,1440,1441,1443,1445,1447,1449,1452,1454,1456,1458,1435,1458,북한산우이,신설동,1,1,False
1440,1441,1443,1445,1446,1448,1450,1452,1454,1457,1459,1501,1503,1440,1503,북한산우이,신설동,1,1,False
1445,1446,1448,1450,1451,1453,1455,1457,1459,1502,1504,1506,1508,1445,1508,북한산우이,신설동,1,1,False
1450,1451,1453,1455,1456,1458,1500,1502,1504,1507,1509,1511,1513,1450,1513,북한산우이,신설동,1,1,False
1455,1456,1458,1500,1501,1503,1505,1507,1509,1512,1514,1516,1518,1455,1518,북한산우이,신설동,1,1,False
1500,1501,1503,1505,1506,1508,1510,1512,1514,1517,1519,1521,1523,1500,1523,북한산우이,신설동,1,1,False
1505,1506,1508,1510,1511,1513,1515,1517,1519,1522,1524,1526,1528,1505,1528,북한산우이,신설동,1,1,False
1510,1511,1513,1515,1516,1518,1520,1522,1524,1527,1529,1531,1533,1510,1533,북한산우이,신설동,1,1,False
1515,1516,1518,1520,1521,1523,1525,1527,1529,1532,1534,1536,1538,1515,1538,북한산우이,신설동,1,1,False
1520,1521,1523,1525,1526,1528,1530,1532,1534,1537,1539,1541,1543,1520,1543,북한산우이,신설동,1,1,False
1525,1526,1528,1530,1531,1533,1535,1537,1539,1542,1544,1546,1548,1525,1548,북한산우이,신설동,1,1,False
1530,1531,1533,1535,1536,1538,1540,1542,1544,1547,1549,1551,1553,1530,1553,북한산우이,신설동,1,1,False
1535,1536,1538,1540,1541,1543,1545,1547,1549,1552,1554,1556,1558,1535,1558,북한산우이,신설동,1,1,False
1540,1541,1543,1545,1546,1548,1550,1552,1554,1557,1559,1601,1603,1540,1603,북한산우이,신설동,1,1,False
1545,1546,1548,1550,1551,1553,1555,1557,1559,1602,1604,1606,1608,1545,1608,북한산우이,신설동,1,1,False
1550,1551,1553,1555,1556,1558,1600,1602,1604,1607,1609,1611,1613,1550,1613,북한산우이,신설동,1,1,False
1555,1556,1558,1600,1601,1603,1605,1607,1609,1612,1614,1616,1618,1555,1618,북한산우이,신설동,1,1,False
1600,1601,1603,1605,1606,1608,1610,1612,1614,1617,1619,1621,1623,1600,1623,북한산우이,신설동,1,1,False
1605,1606,1608,1610,1611,1613,1615,1617,1619,1622,1624,1626,1628,1605,1628,북한산우이,신설동,1,1,False
1610,1611,1613,1615,1616,1618,1620,1622,1624,1627,1629,1631,1633,1610,1633,북한산우이,신설동,1,1,False
1615,1616,1618,1620,1621,1623,1625,1627,1629,1632,1634,1636,1638,1615,1638,북한산우이,신설동,1,1,False
1620,1621,1623,1625,1626,1628,1630,1632,1634,1637,1639,1641,1643,1620,1643,북한산우이,신설동,1,1,False
1625,1626,1628,1630,1631,1633,1635,1637,1639,1642,1644,1646,1648,1625,1648,북한산우이,신설동,1,1,False
1630,1631,1633,1635,1636,1638,1640,1642,1644,1647,1649,1651,1653,1630,1653,북한산우이,신설동,1,1,False
1635,1636,1638,1640,1641,1643,1645,1647,1649,1652,1654,1656,1658,1635,1658,북한산우이,신설동,1,1,False
1640,1641,1643,1645,1646,1648,1650,1652,1654,1657,1659,1701,1703,1640,1703,북한산우이,신설동,1,1,False
1645,1646,1648,1650,1651,1653,1655,1657,1659,1702,1704,1706,1708,1645,1708,북한산우이,신설동,1,1,False
1650,1651,1653,1655,1656,1658,1700,1702,1704,1707,1709,1711,1713,1650,1713,북한산우이,신설동,1,1,False
1655,1656,1658,1700,1701,1703,1705,1707,1709,1712,1714,1716,1718,1655,1718,북한산우이,신설동,1,1,False
1700,1701,1703,1705,1706,1708,1710,1712,1714,1717,1719,1721,1723,1700,1723,북한산우이,신설동,1,1,False
1705,1706,1708,1710,1711,1713,1715,1717,1719,1722,1724,1726,1728,1705,1728,북한산우이,신설동,1,1,False
1710,1711,1713,1715,1716,1718,1720,1722,1724,1727,1729,1731,1733,1710,1733,북한산우이,신설동,1,1,False
1715,1716,1718,1720,1721,1723,1725,1727,1729,1732,1734,1736,1738,1715,1738,북한산우이,신설동,1,1,False
1719,1721,1723,1724,1726,1728,1730,1732,1734,1736,1739,1741,1743,1719,1743,북한산우이,신설동,1,1,False
1725,1726,1728,1730,1731,1733,1735,1737,1739,1742,1744,1746,1748,1725,1748,북한산우이,신설동,1,1,False
1730,1731,1733,1735,1736,1738,1740,1742,1744,1747,1749,1751,1753,1730,1753,북한산우이,신설동,1,1,False
1735,1736,1738,1740,1741,1743,1745,1747,1749,1752,1754,1756,1758,1735,1758,북한산우이,신설동,1,1,False
1739,1740,1742,1744,1745,1747,1749,1751,1753,1756,1758,1800,1802,1739,1802,북한산우이,신설동,1,1,False
1744,1745,1747,1749,1750,1752,1754,1756,1758,1801,1803,1805,1807,1744,1807,북한산우이,신설동,1,1,False
1748,1750,1751,1753,1755,1756,1759,1800,1803,1805,1807,1809,1811,1748,1811,북한산우이,신설동,1,1,False
1751,1753,1755,1756,1758,1800,1802,1804,1806,1808,1811,1813,1815,1751,1815,북한산우이,신설동,1,1,False
1755,1756,1758,1800,1801,1803,1805,1807,1809,1812,1814,1816,1818,1755,1818,북한산우이,신설동,1,1,False
1758,1759,1801,1803,1804,1806,1808,1810,1812,1815,1817,1819,1821,1758,1821,북한산우이,신설동,1,1,False
1801,1802,1804,1806,1807,1809,1811,1813,1815,1818,1820,1822,1824,1801,1824,북한산우이,신설동,1,1,False
1804,1805,1807,1809,1810,1812,1814,1816,1818,1821,1823,1825,1827,1804,1827,북한산우이,신설동,1,1,False
1807,1808,1810,1812,1813,1815,1817,1819,1821,1824,1826,1828,1830,1807,1830,북한산우이,신설동,1,1,False
1810,1811,1813,1815,1816,1818,1820,1822,1825,1827,1829,1831,1833,1810,1833,북한산우이,신설동,1,1,False
1813,1815,1816,1818,1820,1821,1823,1825,1828,1830,1832,1834,1836,1813,1836,북한산우이,신설동,1,1,False
1816,1818,1819,1821,1823,1825,1827,1828,1831,1833,1835,1838,1840,1816,1840,북한산우이,신설동,1,1,False
1819,1821,1823,1824,1826,1828,1830,1832,1834,1836,1839,1841,1843,1819,1843,북한산우이,신설동,1,1,False
1823,1824,1826,1828,1829,1831,1833,1835,1837,1840,1842,1844,1846,1823,1846,북한산우이,신설동,1,1,False
1826,1827,1829,1831,1832,1834,1836,1838,1841,1843,1845,1847,1849,1826,1849,북한산우이,신설동,1,1,False
1829,1831,1832,1834,1836,1837,1839,1841,1844,1846,1848,1850,1852,1829,1852,북한산우이,신설동,1,1,False
1832,1834,1835,1837,1839,1841,1843,1844,1847,1849,1851,1854,1856,1832,1856,북한산우이,신설동,1,1,False
1835,1837,1839,1840,1842,1844,1846,1848,1850,1852,1855,1857,1859,1835,1859,북한산우이,신설동,1,1,False
1839,1840,1842,1844,1845,1847,1849,1851,1853,1856,1858,1900,1902,1839,1902,북한산우이,신설동,1,1,False
1842,1843,1845,1847,1848,1850,1852,1854,1857,1859,1901,1903,1905,1842,1905,북한산우이,신설동,1,1,False
1845,1847,1848,1850,1852,1853,1855,1857,1900,1902,1904,1906,1908,1845,1908,북한산우이,신설동,1,1,False
1848,1850,1851,1853,1855,1857,1859,1900,1903,1905,1907,1910,1912,1848,1912,북한산우이,신설동,1,1,False
1851,1853,1855,1856,1858,1900,1902,1904,1906,1908,1911,1913,1915,1851,1915,북한산우이,신설동,1,1,False
1855,1856,1858,1900,1901,1903,1905,1907,1909,1912,1914,1916,1918,1855,1918,북한산우이,신설동,1,1,False
1858,1859,1901,1903,1904,1906,1908,1910,1913,1915,1917,1919,1921,1858,1921,북한산우이,신설동,1,1,False
1901,1903,1904,1906,1908,1909,1911,1913,1916,1918,1920,1922,1924,1901,1924,북한산우이,신설동,1,1,False
1904,1906,1907,1909,1911,1913,1915,1916,1919,1921,1923,1926,1928,1904,1928,북한산우이,신설동,1,1,False
1907,1909,1911,1912,1914,1916,1918,1920,1922,1924,1927,1929,1931,1907,1931,북한산우이,신설동,1,1,False
1911,1912,1914,1916,1917,1919,1921,1923,1925,1928,1930,1932,1934,1911,1934,북한산우이,신설동,1,1,False
1914,1915,1917,1919,1920,1922,1924,1926,1929,1931,1933,1935,1937,1914,1937,북한산우이,신설동,1,1,False
1917,1919,1920,1922,1924,1925,1927,1929,1932,1934,1936,1938,1940,1917,1940,북한산우이,신설동,1,1,False
1920,1922,1923,1925,1927,1929,1931,1932,1935,1937,1939,1942,1944,1920,1944,북한산우이,신설동,1,1,False
1923,1925,1927,1928,1930,1932,1934,1936,1938,1940,1943,1945,1947,1923,1947,북한산우이,신설동,1,1,False
1927,1928,1930,1932,1933,1935,1937,1939,1941,1944,1946,1948,1950,1927,1950,북한산우이,신설동,1,1,False
1930,1931,1933,1935,1936,1938,1940,1942,1945,1947,1949,1951,1953,1930,1953,북한산우이,신설동,1,1,False
1933,1935,1936,1938,1940,1941,1943,1945,1948,1950,1952,1954,1956,1933,1956,북한산우이,신설동,1,1,False
1936,1938,1939,1941,1943,1945,1947,1948,1951,1953,1955,1958,2000,1936,2000,북한산우이,신설동,1,1,False
1939,1941,1943,1944,1946,1948,1950,1952,1954,1956,1959,2001,2003,1939,2003,북한산우이,신설동,1,1,False
1943,1944,1946,1948,1949,1951,1953,1955,1957,2000,2002,2004,2006,1943,2006,북한산우이,신설동,1,1,False
1946,1947,1949,1951,1952,1954,1956,1958,2001,2003,2005,2007,2009,1946,2009,북한산우이,신설동,1,1,False
1949,1951,1952,1954,1956,1957,1959,2001,2004,2006,2008,2010,2012,1949,2012,북한산우이,신설동,1,1,False
1952,1954,1955,1957,1959,2001,2003,2004,2007,2009,2011,2014,2016,1952,2016,북한산우이,신설동,1,1,False
1955,1957,1959,2000,2002,2004,2006,2008,2010,2012,2015,2017,2019,1955,2019,북한산우이,신설동,1,1,False
1959,2000,2002,2004,2005,2007,2009,2011,2013,2016,2018,2020,2022,1959,2022,북한산우이,신설동,1,1,False
2002,2003,2005,2007,2008,2010,2012,2014,2017,2019,2021,2023,2025,2002,2025,북한산우이,신설동,1,1,False
2005,2007,2008,2010,2012,2013,2015,2017,2020,2022,2024,2026,2028,2005,2028,북한산우이,신설동,1,1,False
2008,2010,2011,2013,2015,2017,2019,2020,2023,2025,2027,2030,2032,2008,2032,북한산우이,신설동,1,1,False
2011,2013,2015,2016,2018,2020,2022,2024,2026,2028,2031,2033,2035,2011,2035,북한산우이,신설동,1,1,False
2015,2016,2018,2020,2021,2023,2025,2027,2029,2032,2034,2036,2038,2015,2038,북한산우이,신설동,1,1,False
2018,2019,2021,2023,2024,2026,2028,2030,2033,2035,2037,2039,2041,2018,2041,북한산우이,신설동,1,1,False
2021,2023,2024,2026,2028,2029,2031,2033,2036,2038,2040,2042,2044,2021,2044,북한산우이,신설동,1,1,False
2024,2026,2027,2029,2031,2033,2035,2036,2039,2041,2043,2046,2048,2024,2048,북한산우이,신설동,1,1,False
2027,2029,2031,2032,2034,2036,2038,2040,2042,2044,2047,2049,2051,2027,2051,북한산우이,신설동,1,1,False
2031,2032,2034,2036,2037,2039,2041,2043,2045,2048,2050,2052,2054,2031,2054,북한산우이,신설동,1,1,False
2034,2035,2037,2039,2040,2042,2044,2046,2049,2051,2053,2055,2057,2034,2057,북한산우이,신설동,1,1,False
2037,2039,2040,2042,2044,2045,2047,2049,2052,2054,2056,2058,2100,2037,2100,북한산우이,신설동,1,1,False
2040,2042,2043,2045,2047,2049,2051,2052,2055,2057,2059,2102,2104,2040,2104,북한산우이,신설동,1,1,False
2043,2045,2047,2048,2050,2052,2054,2056,2058,2100,2103,2105,2107,2043,2107,북한산우이,신설동,1,1,False
2047,2048,2050,2052,2053,2055,2057,2059,2101,2104,2106,2108,2110,2047,2110,북한산우이,신설동,1,1,False
2050,2051,2053,2055,2056,2058,2100,2102,2105,2107,2109,2111,2113,2050,2113,북한산우이,신설동,1,1,False
2053,2055,2056,2058,2100,2101,2103,2105,2108,2110,2112,2114,2116,2053,2116,북한산우이,신설동,1,1,False
2056,2058,2059,2101,2103,2105,2107,2108,2111,2113,2115,2118,2120,2056,2120,북한산우이,신설동,1,1,False
2059,2101,2103,2104,2106,2108,2110,2112,2114,2116,2119,2121,2123,2059,2123,북한산우이,신설동,1,1,False
2103,2104,2106,2108,2109,2111,2113,2115,2117,2120,2122,2124,2126,2103,2126,북한산우이,신설동,1,1,False
2106,2108,2109,2111,2113,2114,2117,2118,2121,2123,2125,2127,2129,2106,2129,북한산우이,신설동,1,1,False
2110,2111,2113,2115,2116,2118,2120,2122,2124,2127,2129,2131,2133,2110,2133,북한산우이,신설동,1,1,False
2113,2115,2116,2118,2120,2121,2124,2125,2128,2130,2132,2134,2136,2113,2136,북한산우이,신설동,1,1,False
2117,2118,2120,2122,2123,2125,2127,2129,2131,2134,2136,2138,2140,2117,2140,북한산우이,신설동,1,1,False
2120,2122,2123,2125,2127,2128,2131,2132,2135,2137,2139,2141,2143,2120,2143,북한산우이,신설동,1,1,False
2124,2125,2127,2129,2130,2132,2134,2136,2138,2141,2143,2145,2147,2124,2147,북한산우이,신설동,1,1,False
2128,2129,2131,2133,2134,2136,2138,2140,2142,2145,2147,2149,2151,2128,2151,북한산우이,신설동,1,1,False
2132,2133,2135,2137,2138,2140,2142,2144,2146,2149,2151,2153,2155,2132,2155,북한산우이,신설동,1,1,False
2136,2137,2139,2141,2142,2144,2146,2148,2150,2153,2155,2157,2159,2136,2159,북한산우이,신설동,1,1,False
2140,2141,2143,2145,2146,2148,2150,2152,2154,2157,2159,2201,2203,2140,2203,북한산우이,신설동,1,1,False
2144,2145,2147,2149,2150,2152,2154,2156,2158,2201,2203,2205,2207,2144,2207,북한산우이,신설동,1,1,False
2148,2149,2151,2153,2154,2156,2158,2200,2202,2205,2207,2209,2211,2148,2211,북한산우이,신설동,1,1,False
2152,2153,2155,2157,2158,2200,2202,2204,2206,2209,2211,2213,2215,2152,2215,북한산우이,신설동,1,1,False
2156,2157,2159,2201,2202,2204,2206,2208,2210,2213,2215,2217,2219,2156,2219,북한산우이,신설동,1,1,False
2201,2202,2204,2206,2207,2209,2211,2213,2215,2218,2220,2222,2224,2201,2224,북한산우이,신설동,1,1,False
2206,2207,2209,2211,2212,2214,2216,2218,2220,2223,2225,2227,2229,2206,2229,북한산우이,신설동,1,1,False
2211,2212,2214,2216,2217,2219,2221,2223,2225,2228,2230,2232,2234,2211,2234,북한산우이,신설동,1,1,False
2217,2218,2220,2222,2223,2225,2227,2229,2231,2234,2236,2238,2240,2217,2240,북한산우이,신설동,1,1,False
2223,2224,2226,2228,2229,2231,2233,2235,2237,2240,2242,2244,2246,2223,2246,북한산우이,신설동,1,1,False
2229,2230,2232,2234,2235,2237,2239,2241,2243,2246,2248,2250,2252,2229,2252,북한산우이,신설동,1,1,False
2235,2236,2238,2240,2241,2243,2245,2247,2249,2252,2254,2256,2258,2235,2258,북한산우이,신설동,1,1,False
2241,2242,2244,2246,2247,2249,2251,2253,2255,2258,2300,2302,2304,2241,2304,북한산우이,신설동,1,1,False
2249,2250,2252,2254,2255,2257,2259,2301,2303,2306,2308,2310,2312,2249,2312,북한산우이,신설동,1,1,False
2301,2302,2304,2306,2307,2309,2311,2313,2315,2318,2320,2322,2324,2301,2324,북한산우이,신설동,1,1,False
2313,2314,2316,2318,2319,2321,2323,2325,2327,2330,2332,2334,2336,2313,2336,북한산우이,신설동,1,1,False
2325,2326,2328,2330,2331,2333,2335,2337,2339,2342,2344,2346,2348,2325,2348,북한산우이,신설동,1,1,False
2337,2338,2340,2342,2343,2345,2347,2349,2351,2354,2356,2358,2400,2337,2400,북한산우이,신설동,1,1,False
2349,2350,2352,2354,2355,2347,2359,2401,2403,2406,2408,2410,2412,2349,2412,북한산우이,신설동,1,1,False
2401,2402,2404,2406,2407,2409,2407,2413,2415,2418,2420,2422,2424,2401,2424,북한산우이,신설동,1,1,False
2413,2414,2416,2418,2419,2421,2419,2425,2427,2430,2432,2434,2436,2413,2436,북한산우이,신설동,1,1,False
2425,2426,2428,2430,2431,2433,2431,2437,2439,2442,2444,2446,2448,2425,2448,북한산우이,신설동,1,1,False
2437,2438,2440,2442,2443,2445,2443,2449,2451,2454,2456,2458,2500,2437,2500,북한산우이,신설동,1,1,False
553,551,550,548,546,545,543,541,538,536,534,532,530,530,553,신설동,북한산우이,1,2,False
605,603,602,600,558,557,555,553,550,548,546,544,542,542,605,신설동,북한산우이,1,2,False
617,615,614,612,610,609,607,605,602,600,558,556,554,554,617,신설동,북한산우이,1,2,False
629,627,626,624,622,621,619,617,614,612,610,608,606,606,629,신설동,북한산우이,1,2,False
641,639,638,636,634,633,631,629,626,624,622,620,618,618,641,신설동,북한산우이,1,2,False
653,651,649,648,646,644,642,640,638,635,633,631,629,629,653,신설동,북한산우이,1,2,False
700,658,657,655,653,652,650,648,645,643,641,639,637,637,700,신설동,북한산우이,1,2,False
706,704,702,701,659,657,655,653,651,648,646,644,642,642,706,신설동,북한산우이,1,2,False
712,710,708,707,705,703,701,659,657,654,652,650,648,648,712,신설동,북한산우이,1,2,False
718,716,714,712,711,709,707,705,703,700,658,656,654,654,718,신설동,북한산우이,1,2,False
723,721,720,718,716,715,713,711,708,706,704,702,700,700,723,신설동,북한산우이,1,2,False
729,727,725,724,722,720,718,716,714,712,710,708,706,706,729,신설동,북한산우이,1,2,False
734,732,731,729,727,726,724,722,719,717,715,713,711,711,734,신설동,북한산우이,1,2,False
739,737,736,734,732,731,729,727,724,722,720,718,716,716,739,신설동,북한산우이,1,2,False
743,741,740,738,736,735,733,731,728,726,724,722,720,720,743,신설동,북한산우이,1,2,False
747,745,743,741,740,738,736,734,732,729,727,725,723,723,747,신설동,북한산우이,1,2,False
750,748,746,745,743,741,739,737,735,733,731,729,726,726,750,신설동,북한산우이,1,2,False
753,751,749,747,746,744,742,740,738,735,733,731,729,729,753,신설동,북한산우이,1,2,False
756,754,752,750,749,747,745,743,741,738,736,734,732,732,756,신설동,북한산우이,1,2,False
758,756,755,753,752,750,748,746,743,741,739,737,735,735,758,신설동,북한산우이,1,2,False
801,759,758,756,754,753,751,749,746,744,742,740,738,738,801,신설동,북한산우이,1,2,False
804,802,801,759,757,756,754,752,749,747,745,743,741,741,804,신설동,북한산우이,1,2,False
807,805,804,802,800,759,756,755,752,750,748,746,744,744,807,신설동,북한산우이,1,2,False
810,808,806,805,803,802,759,757,755,753,751,749,747,747,810,신설동,북한산우이,1,2,False
813,811,809,808,806,804,802,800,758,756,754,752,749,749,813,신설동,북한산우이,1,2,False
816,814,812,810,809,807,805,803,801,758,757,754,752,752,816,신설동,북한산우이,1,2,False
819,817,815,813,812,810,808,806,804,801,759,757,755,755,819,신설동,북한산우이,1,2,False
822,820,818,816,815,813,811,809,806,804,802,800,758,758,822,신설동,북한산우이,1,2,False
824,822,821,819,817,816,814,812,809,807,805,803,801,801,824,신설동,북한산우이,1,2,False
827,825,824,822,820,819,817,815,812,810,808,806,804,804,827,신설동,북한산우이,1,2,False
830,828,827,825,823,822,820,818,815,813,811,809,807,807,830,신설동,북한산우이,1,2,False
833,831,829,828,826,825,822,821,818,816,814,812,810,810,833,신설동,북한산우이,1,2,False
836,834,832,831,829,827,825,823,821,819,817,815,813,813,836,신설동,북한산우이,1,2,False
839,837,835,834,832,830,828,826,824,822,820,818,815,815,839,신설동,북한산우이,1,2,False
842,840,838,836,835,833,831,829,827,824,822,820,818,818,842,신설동,북한산우이,1,2,False
845,843,841,839,838,836,834,832,830,827,825,823,821,821,845,신설동,북한산우이,1,2,False
847,845,844,842,841,839,837,835,832,830,828,826,824,824,847,신설동,북한산우이,1,2,False
850,848,847,845,843,842,840,838,835,833,831,829,827,827,850,신설동,북한산우이,1,2,False
853,851,850,848,846,845,843,841,838,836,834,832,830,830,853,신설동,북한산우이,1,2,False
856,854,853,851,849,848,845,844,841,839,837,835,833,833,856,신설동,북한산우이,1,2,False
859,857,855,854,852,851,848,846,844,842,840,838,836,836,859,신설동,북한산우이,1,2,False
902,900,858,857,855,853,851,849,847,845,843,841,838,838,902,신설동,북한산우이,1,2,False
905,903,901,900,858,856,854,852,850,847,846,843,841,841,905,신설동,북한산우이,1,2,False
908,906,904,902,901,859,857,855,853,850,848,846,844,844,908,신설동,북한산우이,1,2,False
911,909,907,905,904,902,900,858,856,853,851,849,847,847,911,신설동,북한산우이,1,2,False
914,912,910,908,907,905,903,901,858,856,854,852,850,850,914,신설동,북한산우이,1,2,False
917,915,913,911,910,908,906,904,901,859,857,855,853,853,917,신설동,북한산우이,1,2,False
920,918,916,914,912,911,909,907,904,902,900,858,856,856,920,신설동,북한산우이,1,2,False
922,920,919,917,915,914,912,910,907,905,903,901,859,859,922,신설동,북한산우이,1,2,False
925,923,922,920,918,917,915,913,910,908,906,904,902,902,925,신설동,북한산우이,1,2,False
928,926,925,923,921,920,918,916,913,911,909,907,905,905,928,신설동,북한산우이,1,2,False
931,929,928,926,924,923,921,919,916,914,912,910,908,908,931,신설동,북한산우이,1,2,False
934,932,931,929,927,926,924,922,919,917,915,913,911,911,934,신설동,북한산우이,1,2,False
937,935,934,932,930,929,927,925,922,920,918,916,914,914,937,신설동,북한산우이,1,2,False
940,938,937,935,933,932,930,928,925,923,921,919,917,917,940,신설동,북한산우이,1,2,False
943,941,940,938,936,935,933,931,928,926,924,922,920,920,943,신설동,북한산우이,1,2,False
946,944,943,941,939,938,936,934,931,929,927,925,923,923,946,신설동,북한산우이,1,2,False
949,947,946,944,942,941,939,937,934,932,930,928,926,926,949,신설동,북한산우이,1,2,False
952,950,949,947,945,944,942,940,937,935,933,931,929,929,952,신설동,북한산우이,1,2,False
956,954,953,951,949,948,946,944,941,939,937,935,933,933,956,신설동,북한산우이,1,2,False
1000,958,957,955,953,952,950,948,945,943,941,939,937,937,1000,신설동,북한산우이,1,2,False
1004,1002,1001,959,957,956,954,952,949,947,945,943,941,941,1004,신설동,북한산우이,1,2,False
1008,1006,1005,1003,1001,1000,958,956,953,951,949,947,945,945,1008,신설동,북한산우이,1,2,False
1012,1010,1009,1007,1005,1004,1002,1000,957,955,953,951,949,949,1012,신설동,북한산우이,1,2,False
1016,1014,1013,1011,1009,1008,1006,1004,1001,959,957,955,953,953,1016,신설동,북한산우이,1,2,False
1020,1018,1017,1015,1013,1012,1010,1008,1005,1003,1001,959,957,957,1020,신설동,북한산우이,1,2,False
1024,1022,1021,1019,1017,1016,1014,1012,1009,1007,1005,1003,1001,1001,1024,신설동,북한산우이,1,2,False
1028,1026,1025,1023,1021,1020,1018,1016,1013,1011,1009,1007,1005,1005,1028,신설동,북한산우이,1,2,False
1032,1030,1029,1027,1025,1024,1022,1020,1017,1015,1013,1011,1009,1009,1032,신설동,북한산우이,1,2,False
1036,1034,1033,1031,1029,1028,1026,1024,1021,1019,1017,1015,1013,1013,1036,신설동,북한산우이,1,2,False
1040,1038,1037,1035,1033,1032,1030,1028,1025,1023,1021,1019,1017,1017,1040,신설동,북한산우이,1,2,False
1044,1042,1041,1039,1037,1036,1034,1032,1029,1027,1025,1023,1021,1021,1044,신설동,북한산우이,1,2,False
1048,1046,1045,1043,1041,1040,1038,1036,1033,1031,1029,1027,1025,1025,1048,신설동,북한산우이,1,2,False
1053,1051,1050,1048,1046,1045,1043,1041,1038,1036,1034,1032,1030,1030,1053,신설동,북한산우이,1,2,False
1058,1056,1055,1053,1051,1050,1048,1046,1043,1041,1039,1037,1035,1035,1058,신설동,북한산우이,1,2,False
1103,1101,1100,1058,1056,1055,1053,1051,1048,1046,1044,1042,1040,1040,1103,신설동,북한산우이,1,2,False
1108,1106,1105,1103,1101,1100,1058,1056,1053,1051,1049,1047,1045,1045,1108,신설동,북한산우이,1,2,False
1113,1111,1110,1108,1106,1105,1103,1101,1058,1056,1054,1052,1050,1050,1113,신설동,북한산우이,1,2,False
1118,1116,1115,1113,1111,1110,1108,1106,1103,1101,1059,1057,1055,1055,1118,신설동,북한산우이,1,2,False
1123,1121,1120,1118,1116,1115,1113,1111,1108,1106,1104,1102,1100,1100,1123,신설동,북한산우이,1,2,False
1128,1126,1125,1123,1121,1120,1118,1116,1113,1111,1109,1107,1105,1105,1128,신설동,북한산우이,1,2,False
1133,1131,1130,1128,1126,1125,1123,1121,1118,1116,1114,1112,1110,1110,1133,신설동,북한산우이,1,2,False
1138,1136,1135,1133,1131,1130,1128,1126,1123,1121,1119,1117,1115,1115,1138,신설동,북한산우이,1,2,False
1143,1141,1140,1138,1136,1135,1133,1131,1128,1126,1124,1122,1120,1120,1143,신설동,북한산우이,1,2,False
1148,1146,1145,1143,1141,1140,1138,1136,1133,1131,1129,1127,1125,1125,1148,신설동,북한산우이,1,2,False
1153,1151,1150,1148,1146,1145,1143,1141,1138,1136,1134,1132,1130,1130,1153,신설동,북한산우이,1,2,False
1158,1156,1155,1153,1151,1150,1148,1146,1143,1141,1139,1137,1135,1135,1158,신설동,북한산우이,1,2,False
1203,1201,1200,1158,1156,1155,1153,1151,1148,1146,1144,1142,1140,1140,1203,신설동,북한산우이,1,2,False
1208,1206,1205,1203,1201,1200,1158,1156,1153,1151,1149,1147,1145,1145,1208,신설동,북한산우이,1,2,False
1213,1211,1210,1208,1206,1205,1203,1201,1158,1156,1154,1152,1150,1150,1213,신설동,북한산우이,1,2,False
1218,1216,1215,1213,1211,1210,1208,1206,1203,1201,1159,1157,1155,1155,1218,신설동,북한산우이,1,2,False
1223,1221,1220,1218,1216,1215,1213,1211,1208,1206,1204,1202,1200,1200,1223,신설동,북한산우이,1,2,False
1228,1226,1225,1223,1221,1220,1218,1216,1213,1211,1209,1207,1205,1205,1228,신설동,북한산우이,1,2,False
1233,1231,1230,1228,1226,1225,1223,1221,1218,1216,1214,1212,1210,1210,1233,신설동,북한산우이,1,2,False
1238,1236,1235,1233,1231,1230,1228,1226,1223,1221,1219,1217,1215,1215,1238,신설동,북한산우이,1,2,False
1243,1241,1240,1238,1236,1235,1233,1231,1228,1226,1224,1222,1220,1220,1243,신설동,북한산우이,1,2,False
1248,1246,1245,1243,1241,1240,1238,1236,1233,1231,1229,1227,1225,1225,1248,신설동,북한산우이,1,2,False
1253,1251,1250,1248,1246,1245,1243,1241,1238,1236,1234,1232,1230,1230,1253,신설동,북한산우이,1,2,False
1258,1256,1255,1253,1251,1250,1248,1246,1243,1241,1239,1237,1235,1235,1258,신설동,북한산우이,1,2,False
1303,1301,1300,1258,1256,1255,1253,1251,1248,1246,1244,1242,1240,1240,1303,신설동,북한산우이,1,2,False
1308,1306,1305,1303,1301,1300,1258,1256,1253,1251,1249,1247,1245,1245,1308,신설동,북한산우이,1,2,False
1313,1311,1310,1308,1306,1305,1303,1301,1258,1256,1254,1252,1250,1250,1313,신설동,북한산우이,1,2,False
1318,1316,1315,1313,1311,1310,1308,1306,1303,1301,1259,1257,1255,1255,1318,신설동,북한산우이,1,2,False
1323,1321,1320,1318,1316,1315,1313,1311,1308,1306,1304,1302,1300,1300,1323,신설동,북한산우이,1,2,False
1328,1326,1325,1323,1321,1320,1318,1316,1313,1311,1309,1307,1305,1305,1328,신설동,북한산우이,1,2,False
1333,1331,1330,1328,1326,1325,1323,1321,1318,1316,1314,1312,1310,1310,1333,신설동,북한산우이,1,2,False
1338,1336,1335,1333,1331,1330,1328,1326,1323,1321,1319,1317,1315,1315,1338,신설동,북한산우이,1,2,False
1343,1341,1340,1338,1336,1335,1333,1331,1328,1326,1324,1322,1320,1320,1343,신설동,북한산우이,1,2,False
1348,1346,1345,1343,1341,1340,1338,1336,1333,1331,1329,1327,1325,1325,1348,신설동,북한산우이,1,2,False
1353,1351,1350,1348,1346,1345,1343,1341,1338,1336,1334,1332,1330,1330,1353,신설동,북한산우이,1,2,False
1358,1356,1355,1353,1351,1350,1348,1346,1343,1341,1339,1337,1335,1335,1358,신설동,북한산우이,1,2,False
1403,1401,1400,1358,1356,1355,1353,1351,1348,1346,1344,1342,1340,1340,1403,신설동,북한산우이,1,2,False
1408,1406,1405,1403,1401,1400,1358,1356,1353,1351,1349,1347,1345,1345,1408,신설동,북한산우이,1,2,False
1413,1411,1410,1408,1406,1405,1403,1401,1358,1356,1354,1352,1350,1350,1413,신설동,북한산우이,1,2,False
1418,1416,1415,1413,1411,1410,1408,1406,1403,1401,1359,1357,1355,1355,1418,신설동,북한산우이,1,2,False
1423,1421,1420,1418,1416,1415,1413,1411,1408,1406,1404,1402,1400,1400,1423,신설동,북한산우이,1,2,False
1428,1426,1425,1423,1421,1420,1418,1416,1413,1411,1409,1407,1405,1405,1428,신설동,북한산우이,1,2,False
1433,1431,1430,1428,1426,1425,1423,1421,1418,1416,1414,1412,1410,1410,1433,신설동,북한산우이,1,2,False
1438,1436,1435,1433,1431,1430,1428,1426,1423,1421,1419,1417,1415,1415,1438,신설동,북한산우이,1,2,False
1443,1441,1440,1438,1436,1435,1433,1431,1428,1426,1424,1422,1420,1420,1443,신설동,북한산우이,1,2,False
1448,1446,1445,1443,1441,1440,1438,1436,1433,1431,1429,1427,1425,1425,1448,신설동,북한산우이,1,2,False
1453,1451,1450,1448,1446,1445,1443,1441,1438,1436,1434,1432,1430,1430,1453,신설동,북한산우이,1,2,False
1458,1456,1455,1453,1451,1450,1448,1446,1443,1441,1439,1437,1435,1435,1458,신설동,북한산우이,1,2,False
1503,1501,1500,1458,1456,1455,1453,1451,1448,1446,1444,1442,1440,1440,1503,신설동,북한산우이,1,2,False
1508,1506,1505,1503,1501,1500,1458,1456,1453,1451,1449,1447,1445,1445,1508,신설동,북한산우이,1,2,False
1513,1511,1510,1508,1506,1505,1503,1501,1458,1456,1454,1452,1450,1450,1513,신설동,북한산우이,1,2,False
1518,1516,1515,1513,1511,1510,1508,1506,1503,1501,1459,1457,1455,1455,1518,신설동,북한산우이,1,2,False
1523,1521,1520,1518,1516,1515,1513,1511,1508,1506,1504,1502,1500,1500,1523,신설동,북한산우이,1,2,False
1528,1526,1525,1523,1521,1520,1518,1516,1513,1511,1509,1507,1505,1505,1528,신설동,북한산우이,1,2,False
1533,1531,1530,1528,1526,1525,1523,1521,1518,1516,1514,1512,1510,1510,1533,신설동,북한산우이,1,2,False
1538,1536,1535,1533,1531,1530,1528,1526,1523,1521,1519,1517,1515,1515,1538,신설동,북한산우이,1,2,False
1543,1541,1540,1538,1536,1535,1533,1531,1528,1526,1524,1522,1520,1520,1543,신설동,북한산우이,1,2,False
1548,1546,1545,1543,1541,1540,1538,1536,1533,1531,1529,1527,1525,1525,1548,신설동,북한산우이,1,2,False
1553,1551,1550,1548,1546,1545,1543,1541,1538,1536,1534,1532,1530,1530,1553,신설동,북한산우이,1,2,False
1558,1556,1555,1553,1551,1550,1548,1546,1543,1541,1539,1537,1535,1535,1558,신설동,북한산우이,1,2,False
1603,1601,1600,1558,1556,1555,1553,1551,1548,1546,1544,1542,1540,1540,1603,신설동,북한산우이,1,2,False
1608,1606,1605,1603,1601,1600,1558,1556,1553,1551,1549,1547,1545,1545,1608,신설동,북한산우이,1,2,False
1613,1611,1610,1608,1606,1605,1603,1601,1558,1556,1554,1552,1550,1550,1613,신설동,북한산우이,1,2,False
1618,1616,1615,1613,1611,1610,1608,1606,1603,1601,1559,1557,1555,1555,1618,신설동,북한산우이,1,2,False
1623,1621,1620,1618,1616,1615,1613,1611,1608,1606,1604,1602,1600,1600,1623,신설동,북한산우이,1,2,False
1628,1626,1625,1623,1621,1620,1618,1616,1613,1611,1609,1607,1605,1605,1628,신설동,북한산우이,1,2,False
1633,1631,1630,1628,1626,1625,1623,1621,1618,1616,1614,1612,1610,1610,1633,신설동,북한산우이,1,2,False
1638,1636,1635,1633,1631,1630,1628,1626,1623,1621,1619,1617,1615,1615,1638,신설동,북한산우이,1,2,False
1643,1641,1640,1638,1636,1635,1633,1631,1628,1626,1624,1622,1620,1620,1643,신설동,북한산우이,1,2,False
1648,1646,1645,1643,1641,1640,1638,1636,1633,1631,1629,1627,1625,1625,1648,신설동,북한산우이,1,2,False
1653,1651,1650,1648,1646,1645,1643,1641,1638,1636,1634,1632,1630,1630,1653,신설동,북한산우이,1,2,False
1658,1656,1655,1653,1651,1650,1648,1646,1643,1641,1639,1637,1635,1635,1658,신설동,북한산우이,1,2,False
1703,1701,1700,1658,1656,1655,1653,1651,1648,1646,1644,1642,1640,1640,1703,신설동,북한산우이,1,2,False
1708,1706,1705,1703,1701,1700,1658,1656,1653,1651,1649,1647,1645,1645,1708,신설동,북한산우이,1,2,False
1713,1711,1710,1708,1706,1705,1703,1701,1658,1656,1654,1652,1650,1650,1713,신설동,북한산우이,1,2,False
1718,1716,1715,1713,1711,1710,1708,1706,1703,1701,1659,1657,1655,1655,1718,신설동,북한산우이,1,2,False
1723,1721,1720,1718,1716,1715,1713,1711,1708,1706,1704,1702,1700,1700,1723,신설동,북한산우이,1,2,False
1728,1726,1725,1723,1721,1720,1718,1716,1713,1711,1709,1707,1705,1705,1728,신설동,북한산우이,1,2,False
1733,1731,1730,1728,1726,1725,1723,1721,1718,1716,1714,1712,1710,1710,1733,신설동,북한산우이,1,2,False
1738,1736,1735,1733,1731,1730,1728,1726,1723,1721,1719,1717,1715,1715,1738,신설동,북한산우이,1,2,False
1743,1741,1740,1738,1736,1735,1733,1731,1728,1726,1724,1722,1720,1720,1743,신설동,북한산우이,1,2,False
1748,1746,1745,1743,1741,1740,1738,1736,1733,1731,1729,1727,1725,1725,1748,신설동,북한산우이,1,2,False
1753,1751,1750,1748,1746,1745,1743,1741,1738,1736,1734,1732,1730,1730,1753,신설동,북한산우이,1,2,False
1758,1756,1754,1752,1751,1749,1747,1745,1742,1740,1738,1736,1734,1734,1758,신설동,북한산우이,1,2,False
1802,1800,1759,1757,1755,1754,1752,1750,1747,1745,1743,1741,1739,1739,1802,신설동,북한산우이,1,2,False
1807,1805,1803,1801,1800,1758,1756,1754,1752,1749,1747,1745,1743,1743,1807,신설동,북한산우이,1,2,False
1812,1810,1809,1807,1805,1804,1802,1800,1757,1755,1753,1751,1749,1749,1812,신설동,북한산우이,1,2,False
1819,1817,1815,1814,1812,1810,1808,1806,1804,1801,1759,1757,1755,1755,1819,신설동,북한산우이,1,2,False
1823,1821,1819,1817,1816,1814,1812,1810,1807,1805,1803,1801,1759,1759,1823,신설동,북한산우이,1,2,False
1826,1824,1822,1821,1819,1817,1815,1813,1811,1808,1806,1804,1802,1802,1826,신설동,북한산우이,1,2,False
1831,1829,1828,1826,1824,1823,1820,1818,1816,1814,1812,1809,1807,1807,1831,신설동,북한산우이,1,2,False
1836,1834,1832,1830,1829,1827,1825,1823,1820,1818,1816,1814,1812,1812,1836,신설동,북한산우이,1,2,False
1839,1837,1835,1834,1832,1830,1828,1826,1824,1821,1819,1817,1815,1815,1839,신설동,북한산우이,1,2,False
1842,1840,1838,1837,1835,1833,1831,1829,1827,1824,1822,1820,1818,1818,1842,신설동,북한산우이,1,2,False
1845,1843,1842,1840,1838,1837,1834,1832,1830,1828,1826,1823,1821,1821,1845,신설동,북한산우이,1,2,False
1848,1846,1845,1843,1841,1840,1838,1836,1833,1831,1829,1827,1825,1825,1848,신설동,북한산우이,1,2,False
1851,1849,1848,1846,1844,1843,1841,1839,1836,1834,1832,1830,1828,1828,1851,신설동,북한산우이,1,2,False
1854,1852,1851,1849,1847,1846,1844,1842,1839,1837,1835,1833,1831,1831,1854,신설동,북한산우이,1,2,False
1858,1856,1854,1852,1851,1849,1847,1845,1842,1840,1838,1836,1834,1834,1858,신설동,북한산우이,1,2,False
1901,1859,1857,1855,1854,1852,1850,1848,1845,1843,1841,1839,1837,1837,1901,신설동,북한산우이,1,2,False
1904,1902,1900,1859,1857,1855,1853,1851,1849,1846,1844,1842,1840,1840,1904,신설동,북한산우이,1,2,False
1907,1905,1904,1902,1900,1858,1856,1854,1852,1850,1848,1845,1843,1843,1907,신설동,북한산우이,1,2,False
1910,1908,1907,1905,1903,1902,1900,1858,1855,1853,1851,1849,1847,1847,1910,신설동,북한산우이,1,2,False
1914,1912,1910,1908,1907,1905,1903,1901,1858,1856,1854,1852,1850,1850,1914,신설동,북한산우이,1,2,False
1917,1915,1913,1911,1910,1908,1906,1904,1901,1859,1857,1855,1853,1853,1917,신설동,북한산우이,1,2,False
1920,1918,1916,1915,1913,1911,1909,1907,1905,1902,1900,1858,1856,1856,1920,신설동,북한산우이,1,2,False
1923,1921,1920,1918,1916,1914,1912,1910,1908,1906,1904,1901,1859,1859,1923,신설동,북한산우이,1,2,False
1926,1924,1923,1921,1919,1918,1916,1914,1911,1909,1907,1905,1903,1903,1926,신설동,북한산우이,1,2,False
1930,1928,1926,1924,1923,1921,1919,1917,1914,1912,1910,1908,1906,1906,1930,신설동,북한산우이,1,2,False
1933,1931,1929,1927,1926,1924,1922,1920,1917,1915,1913,1911,1909,1909,1933,신설동,북한산우이,1,2,False
1936,1934,1932,1931,1929,1927,1925,1923,1921,1918,1916,1914,1912,1912,1936,신설동,북한산우이,1,2,False
1939,1937,1936,1934,1932,1930,1928,1926,1924,1922,1920,1917,1915,1915,1939,신설동,북한산우이,1,2,False
1942,1940,1939,1937,1935,1934,1932,1930,1927,1925,1923,1921,1919,1919,1942,신설동,북한산우이,1,2,False
1946,1944,1942,1940,1939,1937,1935,1933,1930,1928,1926,1924,1922,1922,1946,신설동,북한산우이,1,2,False
1949,1947,1945,1943,1942,1940,1938,1936,1933,1931,1929,1927,1925,1925,1949,신설동,북한산우이,1,2,False
1952,1950,1948,1947,1945,1943,1941,1939,1937,1934,1932,1930,1928,1928,1952,신설동,북한산우이,1,2,False
1955,1953,1952,1950,1948,1946,1944,1942,1940,1938,1936,1933,1931,1931,1955,신설동,북한산우이,1,2,False
1958,1956,1955,1953,1951,1950,1948,1946,1943,1941,1939,1937,1935,1935,1958,신설동,북한산우이,1,2,False
2002,2000,1958,1956,1955,1953,1951,1949,1946,1944,1942,1940,1938,1938,2002,신설동,북한산우이,1,2,False
2005,2003,2001,1959,1958,1956,1954,1952,1949,1947,1945,1943,1941,1941,2005,신설동,북한산우이,1,2,False
2008,2006,2004,2003,2001,1959,1957,1955,1953,1950,1948,1946,1944,1944,2008,신설동,북한산우이,1,2,False
2011,2009,2008,2006,2004,2002,2000,1958,1956,1954,1952,1949,1947,1947,2011,신설동,북한산우이,1,2,False
2014,2012,2011,2009,2007,2006,2004,2002,1959,1957,1955,1953,1951,1951,2014,신설동,북한산우이,1,2,False
2018,2016,2014,2012,2011,2009,2007,2005,2002,2000,1958,1956,1954,1954,2018,신설동,북한산우이,1,2,False
2021,2019,2017,2015,2014,2012,2010,2008,2005,2003,2001,1959,1957,1957,2021,신설동,북한산우이,1,2,False
2024,2022,2020,2019,2017,2015,2013,2011,2009,2006,2004,2002,2000,2000,2024,신설동,북한산우이,1,2,False
2027,2025,2024,2022,2020,2018,2016,2014,2012,2010,2008,2005,2003,2003,2027,신설동,북한산우이,1,2,False
2030,2028,2027,2025,2023,2022,2020,2018,2015,2013,2011,2009,2007,2007,2030,신설동,북한산우이,1,2,False
2034,2032,2030,2028,2027,2025,2023,2021,2018,2016,2014,2012,2010,2010,2034,신설동,북한산우이,1,2,False
2037,2035,2033,2031,2030,2028,2026,2024,2021,2019,2017,2015,2013,2013,2037,신설동,북한산우이,1,2,False
2040,2038,2036,2035,2033,2031,2029,2027,2025,2022,2020,2018,2016,2016,2040,신설동,북한산우이,1,2,False
2043,2041,2040,2038,2036,2034,2032,2030,2028,2026,2024,2021,2019,2019,2043,신설동,북한산우이,1,2,False
2046,2044,2043,2041,2039,2038,2036,2034,2031,2029,2027,2025,2023,2023,2046,신설동,북한산우이,1,2,False
2050,2048,2046,2044,2043,2041,2039,2037,2034,2032,2030,2028,2026,2026,2050,신설동,북한산우이,1,2,False
2053,2051,2049,2047,2046,2044,2042,2040,2037,2035,2033,2031,2029,2029,2053,신설동,북한산우이,1,2,False
2056,2054,2052,2051,2049,2047,2045,2043,2041,2038,2036,2034,2032,2032,2056,신설동,북한산우이,1,2,False
2059,2057,2056,2054,2052,2050,2048,2046,2044,2042,2040,2037,2035,2035,2059,신설동,북한산우이,1,2,False
2102,2100,2059,2057,2055,2054,2052,2050,2047,2045,2043,2041,2039,2039,2102,신설동,북한산우이,1,2,False
2106,2104,2102,2100,2059,2057,2055,2053,2050,2048,2046,2044,2042,2042,2106,신설동,북한산우이,1,2,False
2109,2107,2105,2103,2102,2100,2058,2056,2053,2051,2049,2047,2045,2045,2109,신설동,북한산우이,1,2,False
2112,2110,2108,2107,2105,2103,2101,2059,2057,2054,2052,2050,2048,2048,2112,신설동,북한산우이,1,2,False
2115,2113,2112,2110,2108,2106,2104,2102,2100,2058,2056,2053,2051,2051,2115,신설동,북한산우이,1,2,False
2118,2116,2115,2113,2111,2110,2108,2106,2103,2101,2059,2057,2055,2055,2118,신설동,북한산우이,1,2,False
2122,2120,2118,2116,2115,2113,2111,2109,2106,2104,2102,2100,2058,2058,2122,신설동,북한산우이,1,2,False
2125,2123,2121,2119,2118,2116,2114,2112,2109,2107,2105,2103,2101,2101,2125,신설동,북한산우이,1,2,False
2128,2126,2124,2123,2121,2119,2117,2115,2113,2110,2108,2106,2104,2104,2128,신설동,북한산우이,1,2,False
2131,2129,2128,2126,2124,2122,2120,2118,2116,2114,2112,2109,2107,2107,2131,신설동,북한산우이,1,2,False
2134,2132,2131,2129,2127,2126,2124,2122,2119,2117,2115,2113,2111,2111,2134,신설동,북한산우이,1,2,False
2138,2136,2134,2132,2131,2129,2127,2125,2122,2120,2118,2116,2114,2114,2138,신설동,북한산우이,1,2,False
2141,2139,2137,2135,2134,2132,2130,2128,2125,2123,2121,2119,2117,2117,2141,신설동,북한산우이,1,2,False
2144,2142,2140,2139,2137,2135,2133,2131,2129,2126,2124,2122,2120,2120,2144,신설동,북한산우이,1,2,False
2147,2145,2144,2142,2140,2138,2136,2134,2132,2130,2128,2125,2123,2123,2147,신설동,북한산우이,1,2,False
2150,2148,2147,2145,2143,2142,2140,2138,2135,2133,2131,2129,2127,2127,2150,신설동,북한산우이,1,2,False
2154,2152,2150,2149,2147,2145,2143,2141,2139,2136,2134,2132,2130,2130,2154,신설동,북한산우이,1,2,False
2157,2155,2154,2152,2150,2149,2147,2145,2142,2140,2138,2136,2134,2134,2157,신설동,북한산우이,1,2,False
2201,2159,2157,2156,2154,2152,2150,2148,2146,2143,2141,2139,2137,2137,2201,신설동,북한산우이,1,2,False
2204,2202,2201,2159,2157,2156,2154,2152,2149,2147,2145,2143,2141,2141,2204,신설동,북한산우이,1,2,False
2208,2206,2204,2203,2201,2159,2157,2155,2153,2150,2148,2146,2144,2144,2208,신설동,북한산우이,1,2,False
2211,2209,2208,2206,2204,2203,2201,2159,2156,2154,2152,2150,2148,2148,2211,신설동,북한산우이,1,2,False
2215,2213,2212,2210,2208,2207,2205,2203,2200,2158,2156,2154,2152,2152,2215,신설동,북한산우이,1,2,False
2219,2217,2216,2214,2212,2211,2209,2207,2204,2202,2200,2158,2156,2156,2219,신설동,북한산우이,1,2,False
2223,2221,2220,2218,2216,2215,2213,2211,2208,2206,2204,2202,2200,2200,2223,신설동,북한산우이,1,2,False
2227,2225,2224,2222,2220,2219,2217,2215,2212,2210,2208,2206,2204,2204,2227,신설동,북한산우이,1,2,False
2231,2229,2228,2226,2224,2223,2221,2219,2216,2214,2212,2210,2208,2208,2231,신설동,북한산우이,1,2,False
2235,2233,2232,2230,2228,2227,2225,2223,2220,2218,2216,2214,2212,2212,2235,신설동,북한산우이,1,2,False
2239,2237,2236,2234,2232,2231,2229,2227,2224,2222,2220,2218,2216,2216,2239,신설동,북한산우이,1,2,False
2243,2241,2240,2238,2236,2235,2233,2231,2228,2226,2224,2222,2220,2220,2243,신설동,북한산우이,1,2,False
2248,2246,2245,2243,2241,2240,2238,2236,2233,2231,2229,2227,2225,2225,2248,신설동,북한산우이,1,2,False
2253,2251,2250,2248,2246,2245,2243,2241,2238,2236,2234,2232,2230,2230,2253,신설동,북한산우이,1,2,False
2258,2256,2255,2253,2251,2250,2248,2246,2243,2241,2239,2237,2235,2235,2258,신설동,북한산우이,1,2,False
2304,2302,2301,2259,2257,2255,2254,2252,2249,2247,2245,2243,2241,2241,2304,신설동,북한산우이,1,2,False
2310,2308,2307,2305,2303,2302,2300,2258,2255,2253,2251,2249,2247,2247,2310,신설동,북한산우이,1,2,False
2316,2314,2313,2311,2309,2308,2306,2304,2301,2259,2257,2255,2253,2253,2316,신설동,북한산우이,1,2,False
2322,2320,2319,2317,2315,2314,2312,2310,2307,2305,2303,2301,2259,2259,2322,신설동,북한산우이,1,2,False
2328,2326,2325,2323,2321,2320,2318,2316,2313,2311,2309,2307,2305,2305,2328,신설동,북한산우이,1,2,False
2336,2334,2333,2331,2329,2328,2326,2324,2321,2319,2317,2315,2313,2313,2336,신설동,북한산우이,1,2,False
2348,2346,2345,2343,2341,2340,2338,2336,2333,2331,2329,2327,2325,2325,2348,신설동,북한산우이,1,2,False
2400,2358,2357,2355,2353,2352,2350,2348,2345,2343,2341,2339,2337,2337,2400,신설동,북한산우이,1,2,False
2412,2410,2409,2407,2405,2404,2402,2400,2357,2355,2353,2351,2349,2349,2412,신설동,북한산우이,1,2,False
2424,2422,2421,2419,2417,2416,2414,2412,2409,2407,2405,2403,2401,2401,2424,신설동,북한산우이,1,2,False
2436,2434,2433,2431,2429,2428,2426,2424,2421,2419,2417,2415,2413,2413,2436,신설동,북한산우이,1,2,False
2448,2446,2445,2443,2441,2440,2438,2436,2433,2431,2429,2427,2425,2425,2448,신설동,북한산우이,1,2,False
2500,2458,2457,2455,2453,2452,2450,2448,2445,2443,2441,2439,2437,2437,2500,신설동,북한산우이,1,2,False
530,531,533,535,536,538,540,542,544,547,549,551,553,530,553,북한산우이,신설동,2,1,False
542,543,545,547,548,550,552,554,556,559,601,603,605,542,605,북한산우이,신설동,2,1,False
554,555,557,559,600,602,604,606,608,611,613,615,617,554,617,북한산우이,신설동,2,1,False
606,607,609,611,612,614,616,618,620,623,625,627,629,606,629,북한산우이,신설동,2,1,False
618,619,621,623,624,626,628,630,632,635,637,639,641,618,641,북한산우이,신설동,2,1,False
630,631,633,635,636,638,640,642,644,647,649,651,653,630,653,북한산우이,신설동,2,1,False
638,639,641,643,644,646,648,650,652,655,657,659,701,638,701,북한산우이,신설동,2,1,False
644,645,647,649,650,652,654,656,658,701,703,705,707,644,707,북한산우이,신설동,2,1,False
650,651,653,655,656,658,700,702,704,707,709,711,713,650,713,북한산우이,신설동,2,1,False
656,657,659,701,702,704,706,708,710,713,715,717,719,656,719,북한산우이,신설동,2,1,False
702,703,705,707,708,710,712,714,716,719,721,723,725,702,725,북한산우이,신설동,2,1,False
708,709,711,713,714,716,718,720,722,725,727,729,731,708,731,북한산우이,신설동,2,1,False
714,715,717,719,720,722,724,726,728,731,733,735,737,714,737,북한산우이,신설동,2,1,False
720,721,723,725,726,728,730,732,734,737,739,741,743,720,743,북한산우이,신설동,2,1,False
726,727,729,731,732,734,736,738,740,743,745,747,749,726,749,북한산우이,신설동,2,1,False
732,733,735,737,738,740,742,744,746,749,751,753,755,732,755,북한산우이,신설동,2,1,False
738,739,741,743,744,746,748,750,752,755,757,759,801,738,801,북한산우이,신설동,2,1,False
744,745,747,749,750,752,754,756,758,801,803,805,807,744,807,북한산우이,신설동,2,1,False
750,751,753,755,756,758,800,802,804,807,809,811,813,750,813,북한산우이,신설동,2,1,False
756,757,759,801,802,804,806,808,810,813,815,817,819,756,819,북한산우이,신설동,2,1,False
802,803,805,807,808,810,812,814,816,819,821,823,825,802,825,북한산우이,신설동,2,1,False
808,809,811,813,814,816,818,820,822,825,827,829,831,808,831,북한산우이,신설동,2,1,False
814,815,817,819,820,822,824,826,828,831,833,835,837,814,837,북한산우이,신설동,2,1,False
820,821,823,825,826,828,830,832,834,837,839,841,843,820,843,북한산우이,신설동,2,1,False
826,827,829,831,832,834,836,838,840,843,845,847,849,826,849,북한산우이,신설동,2,1,False
832,833,835,837,838,840,842,844,846,849,851,853,855,832,855,북한산우이,신설동,2,1,False
838,839,841,843,844,846,848,850,852,855,857,859,901,838,901,북한산우이,신설동,2,1,False
844,845,847,849,850,852,854,856,858,901,903,905,907,844,907,북한산우이,신설동,2,1,False
850,851,853,855,856,858,900,902,904,907,909,911,913,850,913,북한산우이,신설동,2,1,False
855,856,858,900,901,903,905,907,909,912,914,916,918,855,918,북한산우이,신설동,2,1,False
900,901,903,905,906,908,910,912,914,917,919,921,923,900,923,북한산우이,신설동,2,1,False
905,906,908,910,911,913,915,917,919,922,924,926,928,905,928,북한산우이,신설동,2,1,False
910,911,913,915,916,918,920,922,924,927,929,931,933,910,933,북한산우이,신설동,2,1,False
915,916,918,920,921,923,925,927,929,932,934,936,938,915,938,북한산우이,신설동,2,1,False
920,921,923,925,926,928,930,932,934,937,939,941,943,920,943,북한산우이,신설동,2,1,False
925,926,928,930,931,933,935,937,939,942,944,946,948,925,948,북한산우이,신설동,2,1,False
930,931,933,935,936,938,940,942,944,947,949,951,953,930,953,북한산우이,신설동,2,1,False
935,936,938,940,941,943,945,947,949,952,954,956,958,935,958,북한산우이,신설동,2,1,False
940,941,943,945,946,948,950,952,954,957,959,1001,1003,940,1003,북한산우이,신설동,2,1,False
945,946,948,950,951,953,955,957,959,1002,1004,1006,1008,945,1008,북한산우이,신설동,2,1,False
950,951,953,955,956,958,1000,1002,1004,1007,1009,1011,1013,950,1013,북한산우이,신설동,2,1,False
955,956,958,1000,1001,1003,1005,1007,1009,1012,1014,1016,1018,955,1018,북한산우이,신설동,2,1,False
1000,1001,1003,1005,1006,1008,1010,1012,1014,1017,1019,1021,1023,1000,1023,북한산우이,신설동,2,1,False
1004,1005,1007,1009,1010,1012,1014,1016,1018,1021,1023,1025,1027,1004,1027,북한산우이,신설동,2,1,False
1008,1009,1011,1013,1014,1016,1018,1020,1022,1025,1027,1029,1031,1008,1031,북한산우이,신설동,2,1,False
1012,1013,1015,1017,1018,1020,1022,1024,1026,1029,1031,1033,1035,1012,1035,북한산우이,신설동,2,1,False
1016,1017,1019,1021,1022,1024,1026,1028,1030,1033,1035,1037,1039,1016,1039,북한산우이,신설동,2,1,False
1020,1021,1023,1025,1026,1028,1030,1032,1034,1037,1039,1041,1043,1020,1043,북한산우이,신설동,2,1,False
1024,1025,1027,1029,1030,1032,1034,1036,1038,1041,1043,1045,1047,1024,1047,북한산우이,신설동,2,1,False
1028,1029,1031,1033,1034,1036,1038,1040,1042,1045,1047,1049,1051,1028,1051,북한산우이,신설동,2,1,False
1032,1033,1035,1037,1038,1040,1042,1044,1046,1049,1051,1053,1055,1032,1055,북한산우이,신설동,2,1,False
1036,1037,1039,1041,1042,1044,1046,1048,1050,1053,1055,1057,1059,1036,1059,북한산우이,신설동,2,1,False
1040,1041,1043,1045,1046,1048,1050,1052,1054,1057,1059,1101,1103,1040,1103,북한산우이,신설동,2,1,False
1044,1045,1047,1049,1050,1052,1054,1056,1058,1101,1103,1105,1107,1044,1107,북한산우이,신설동,2,1,False
1048,1049,1051,1053,1054,1056,1058,1100,1102,1105,1107,1109,1111,1048,1111,북한산우이,신설동,2,1,False
1052,1053,1055,1057,1058,1100,1102,1104,1106,1109,1111,1113,1115,1052,1115,북한산우이,신설동,2,1,False
1056,1057,1059,1101,1102,1104,1106,1108,1110,1113,1115,1117,1119,1056,1119,북한산우이,신설동,2,1,False
1100,1101,1103,1105,1106,1108,1110,1112,1114,1117,1119,1121,1123,1100,1123,북한산우이,신설동,2,1,False
1104,1105,1107,1109,1110,1112,1114,1116,1118,1121,1123,1125,1127,1104,1127,북한산우이,신설동,2,1,False
1108,1109,1111,1113,1114,1116,1118,1120,1122,1125,1127,1129,1131,1108,1131,북한산우이,신설동,2,1,False
1112,1113,1115,1117,1118,1120,1122,1124,1126,1129,1131,1133,1135,1112,1135,북한산우이,신설동,2,1,False
1116,1117,1119,1121,1122,1124,1126,1128,1130,1133,1135,1137,1139,1116,1139,북한산우이,신설동,2,1,False
1120,1121,1123,1125,1126,1128,1130,1132,1134,1137,1139,1141,1143,1120,1143,북한산우이,신설동,2,1,False
1124,1125,1127,1129,1130,1132,1134,1136,1138,1141,1143,1145,1147,1124,1147,북한산우이,신설동,2,1,False
1128,1129,1131,1133,1134,1136,1138,1140,1142,1145,1147,1149,1151,1128,1151,북한산우이,신설동,2,1,False
1132,1133,1135,1137,1138,1140,1142,1144,1146,1149,1151,1153,1155,1132,1155,북한산우이,신설동,2,1,False
1136,1137,1139,1141,1142,1144,1146,1148,1150,1153,1155,1157,1159,1136,1159,북한산우이,신설동,2,1,False
1140,1141,1143,1145,1146,1148,1150,1152,1154,1157,1159,1201,1203,1140,1203,북한산우이,신설동,2,1,False
1144,1145,1147,1149,1150,1152,1154,1156,1158,1201,1203,1205,1207,1144,1207,북한산우이,신설동,2,1,False
1148,1149,1151,1153,1154,1156,1158,1200,1202,1205,1207,1209,1211,1148,1211,북한산우이,신설동,2,1,False
1152,1153,1155,1157,1158,1200,1202,1204,1206,1209,1211,1213,1215,1152,1215,북한산우이,신설동,2,1,False
1156,1157,1159,1201,1202,1204,1206,1208,1210,1213,1215,1217,1219,1156,1219,북한산우이,신설동,2,1,False
1200,1201,1203,1205,1206,1208,1210,1212,1214,1217,1219,1221,1223,1200,1223,북한산우이,신설동,2,1,False
1204,1205,1207,1209,1210,1212,1214,1216,1218,1221,1223,1225,1227,1204,1227,북한산우이,신설동,2,1,False
1208,1209,1211,1213,1214,1216,1218,1220,1222,1225,1227,1229,1231,1208,1231,북한산우이,신설동,2,1,False
1212,1213,1215,1217,1218,1220,1222,1224,1226,1229,1231,1233,1235,1212,1235,북한산우이,신설동,2,1,False
1216,1217,1219,1221,1222,1224,1226,1228,1230,1233,1235,1237,1239,1216,1239,북한산우이,신설동,2,1,False
1220,1221,1223,1225,1226,1228,1230,1232,1234,1237,1239,1241,1243,1220,1243,북한산우이,신설동,2,1,False
1224,1225,1227,1229,1230,1232,1234,1236,1238,1241,1243,1245,1247,1224,1247,북한산우이,신설동,2,1,False
1228,1229,1231,1233,1234,1236,1238,1240,1242,1245,1247,1249,1251,1228,1251,북한산우이,신설동,2,1,False
1232,1233,1235,1237,1238,1240,1242,1244,1246,1249,1251,1253,1255,1232,1255,북한산우이,신설동,2,1,False
1236,1237,1239,1241,1242,1244,1246,1248,1250,1253,1255,1257,1259,1236,1259,북한산우이,신설동,2,1,False
1240,1241,1243,1245,1246,1248,1250,1252,1254,1257,1259,1301,1303,1240,1303,북한산우이,신설동,2,1,False
1244,1245,1247,1249,1250,1252,1254,1256,1258,1301,1303,1305,1307,1244,1307,북한산우이,신설동,2,1,False
1248,1249,1251,1253,1254,1256,1258,1300,1302,1305,1307,1309,1311,1248,1311,북한산우이,신설동,2,1,False
1252,1253,1255,1257,1258,1300,1302,1304,1306,1309,1311,1313,1315,1252,1315,북한산우이,신설동,2,1,False
1256,1257,1259,1301,1302,1304,1306,1308,1310,1313,1315,1317,1319,1256,1319,북한산우이,신설동,2,1,False
1300,1301,1303,1305,1306,1308,1310,1312,1314,1317,1319,1321,1323,1300,1323,북한산우이,신설동,2,1,False
1304,1305,1307,1309,1310,1312,1314,1316,1318,1321,1323,1325,1327,1304,1327,북한산우이,신설동,2,1,False
1308,1309,1311,1313,1314,1316,1318,1320,1322,1325,1327,1329,1331,1308,1331,북한산우이,신설동,2,1,False
1312,1313,1315,1317,1318,1320,1322,1324,1326,1329,1331,1333,1335,1312,1335,북한산우이,신설동,2,1,False
1316,1317,1319,1321,1322,1324,1326,1328,1330,1333,1335,1337,1339,1316,1339,북한산우이,신설동,2,1,False
1320,1321,1323,1325,1326,1328,1330,1332,1334,1337,1339,1341,1343,1320,1343,북한산우이,신설동,2,1,False
1324,1325,1327,1329,1330,1332,1334,1336,1338,1341,1343,1345,1347,1324,1347,북한산우이,신설동,2,1,False
1328,1329,1331,1333,1334,1336,1338,1340,1342,1345,1347,1349,1351,1328,1351,북한산우이,신설동,2,1,False
1332,1333,1335,1337,1338,1340,1342,1344,1346,1349,1351,1353,1355,1332,1355,북한산우이,신설동,2,1,False
1336,1337,1339,1341,1342,1344,1346,1348,1350,1353,1355,1357,1359,1336,1359,북한산우이,신설동,2,1,False
1340,1341,1343,1345,1346,1348,1350,1352,1354,1357,1359,1401,1403,1340,1403,북한산우이,신설동,2,1,False
1344,1345,1347,1349,1350,1352,1354,1356,1358,1401,1403,1405,1407,1344,1407,북한산우이,신설동,2,1,False
1348,1349,1351,1353,1354,1356,1358,1400,1402,1405,1407,1409,1411,1348,1411,북한산우이,신설동,2,1,False
1352,1353,1355,1357,1358,1400,1402,1404,1406,1409,1411,1413,1415,1352,1415,북한산우이,신설동,2,1,False
1356,1357,1359,1402,1402,1404,1406,1408,1410,1413,1415,1417,1419,1356,1419,북한산우이,신설동,2,1,False
1400,1401,1403,1406,1406,1408,1410,1412,1414,1417,1419,1421,1423,1400,1423,북한산우이,신설동,2,1,False
1404,1405,1407,1410,1410,1412,1414,1416,1418,1421,1423,1425,1427,1404,1427,북한산우이,신설동,2,1,False
1408,1409,1411,1414,1414,1416,1418,1420,1422,1425,1427,1429,1431,1408,1431,북한산우이,신설동,2,1,False
1412,1413,1415,1418,1418,1420,1422,1424,1426,1429,1431,1433,1435,1412,1435,북한산우이,신설동,2,1,False
1416,1417,1419,1422,1422,1424,1426,1428,1430,1433,1435,1437,1439,1416,1439,북한산우이,신설동,2,1,False
1420,1421,1423,1426,1426,1428,1430,1432,1434,1437,1439,1441,1443,1420,1443,북한산우이,신설동,2,1,False
1424,1425,1427,1430,1430,1432,1434,1436,1438,1441,1443,1445,1447,1424,1447,북한산우이,신설동,2,1,False
1428,1429,1431,1434,1434,1436,1438,1440,1442,1445,1447,1449,1451,1428,1451,북한산우이,신설동,2,1,False
1432,1433,1435,1438,1438,1440,1442,1444,1446,1449,1451,1453,1455,1432,1455,북한산우이,신설동,2,1,False
1436,1437,1439,1442,1442,1444,1446,1448,1450,1453,1455,1457,1459,1436,1459,북한산우이,신설동,2,1,False
1440,1441,1443,1446,1446,1448,1450,1452,1454,1457,1459,1501,1503,1440,1503,북한산우이,신설동,2,1,False
1444,1445,1447,1450,1450,1452,1454,1456,1458,1501,1503,1505,1507,1444,1507,북한산우이,신설동,2,1,False
1448,1449,1451,1454,1454,1456,1458,1500,1502,1505,1507,1509,1511,1448,1511,북한산우이,신설동,2,1,False
1452,1453,1455,1458,1458,1500,1502,1504,1506,1509,1511,1513,1515,1452,1515,북한산우이,신설동,2,1,False
1456,1457,1459,1501,1502,1504,1506,1508,1510,1513,1515,1517,1519,1456,1519,북한산우이,신설동,2,1,False
1500,1501,1503,1505,1506,1508,1510,1512,1514,1517,1519,1521,1523,1500,1523,북한산우이,신설동,2,1,False
1504,1505,1507,1509,1510,1512,1514,1516,1518,1521,1523,1525,1527,1504,1527,북한산우이,신설동,2,1,False
1508,1509,1511,1513,1514,1516,1518,1520,1522,1525,1527,1529,1531,1508,1531,북한산우이,신설동,2,1,False
1512,1513,1515,1517,1518,1520,1522,1524,1526,1529,1531,1533,1535,1512,1535,북한산우이,신설동,2,1,False
1516,1517,1519,1521,1522,1524,1526,1528,1530,1533,1535,1537,1539,1516,1539,북한산우이,신설동,2,1,False
1520,1521,1523,1525,1526,1528,1530,1532,1534,1537,1539,1541,1543,1520,1543,북한산우이,신설동,2,1,False
1524,1525,1527,1529,1530,1532,1534,1536,1538,1541,1543,1545,1547,1524,1547,북한산우이,신설동,2,1,False
1528,1529,1531,1533,1534,1536,1538,1540,1542,1545,1547,1549,1551,1528,1551,북한산우이,신설동,2,1,False
1532,1533,1535,1537,1538,1540,1542,1544,1546,1549,1551,1553,1555,1532,1555,북한산우이,신설동,2,1,False
1536,1537,1539,1541,1542,1544,1546,1548,1550,1553,1555,1557,1559,1536,1559,북한산우이,신설동,2,1,False
1540,1541,1543,1545,1546,1548,1550,1552,1554,1557,1559,1601,1603,1540,1603,북한산우이,신설동,2,1,False
1544,1545,1547,1549,1550,1552,1554,1556,1558,1601,1603,1605,1607,1544,1607,북한산우이,신설동,2,1,False
1548,1549,1551,1553,1554,1556,1558,1600,1602,1605,1607,1609,1611,1548,1611,북한산우이,신설동,2,1,False
1552,1553,1555,1557,1558,1600,1602,1604,1606,1609,1611,1613,1615,1552,1615,북한산우이,신설동,2,1,False
1556,1557,1559,1601,1602,1604,1606,1608,1610,1613,1615,1617,1619,1556,1619,북한산우이,신설동,2,1,False
1600,1601,1603,1605,1606,1608,1610,1612,1614,1617,1619,1621,1623,1600,1623,북한산우이,신설동,2,1,False
1604,1605,1607,1609,1610,1612,1614,1616,1618,1621,1623,1625,1627,1604,1627,북한산우이,신설동,2,1,False
1608,1609,1611,1613,1614,1616,1618,1620,1622,1625,1627,1629,1631,1608,1631,북한산우이,신설동,2,1,False
1612,1613,1615,1617,1618,1620,1622,1624,1626,1629,1631,1633,1635,1612,1635,북한산우이,신설동,2,1,False
1616,1617,1619,1621,1622,1624,1626,1628,1630,1633,1635,1637,1639,1616,1639,북한산우이,신설동,2,1,False
1620,1621,1623,1625,1626,1628,1630,1632,1634,1637,1639,1641,1643,1620,1643,북한산우이,신설동,2,1,False
1624,1625,1627,1629,1630,1632,1634,1636,1638,1641,1643,1645,1647,1624,1647,북한산우이,신설동,2,1,False
1628,1629,1631,1633,1634,1636,1638,1640,1642,1645,1647,1649,1651,1628,1651,북한산우이,신설동,2,1,False
1632,1633,1635,1637,1638,1640,1642,1644,1646,1649,1651,1653,1655,1632,1655,북한산우이,신설동,2,1,False
1636,1637,1639,1641,1642,1644,1646,1648,1650,1653,1655,1657,1659,1636,1659,북한산우이,신설동,2,1,False
1640,1641,1643,1645,1646,1648,1650,1652,1654,1657,1659,1701,1703,1640,1703,북한산우이,신설동,2,1,False
1644,1645,1647,1649,1650,1652,1654,1656,1658,1701,1703,1705,1707,1644,1707,북한산우이,신설동,2,1,False
1648,1649,1651,1653,1654,1656,1658,1700,1702,1705,1707,1709,1711,1648,1711,북한산우이,신설동,2,1,False
1652,1653,1655,1657,1658,1700,1702,1704,1706,1709,1711,1713,1715,1652,1715,북한산우이,신설동,2,1,False
1656,1657,1659,1701,1702,1704,1706,1708,1710,1713,1715,1717,1719,1656,1719,북한산우이,신설동,2,1,False
1700,1701,1703,1705,1706,1708,1710,1712,1714,1717,1719,1721,1723,1700,1723,북한산우이,신설동,2,1,False
1705,1706,1708,1710,1711,1713,1715,1717,1719,1722,1724,1726,1728,1705,1728,북한산우이,신설동,2,1,False
1710,1711,1713,1715,1716,1718,1720,1722,1724,1727,1729,1731,1733,1710,1733,북한산우이,신설동,2,1,False
1715,1716,1718,1720,1721,1723,1725,1727,1729,1732,1734,1736,1738,1715,1738,북한산우이,신설동,2,1,False
1720,1721,1723,1725,1726,1728,1730,1732,1734,1737,1739,1741,1743,1720,1743,북한산우이,신설동,2,1,False
1725,1726,1728,1730,1731,1733,1735,1737,1739,1742,1744,1746,1748,1725,1748,북한산우이,신설동,2,1,False
1730,1731,1733,1735,1736,1738,1740,1742,1744,1747,1749,1751,1753,1730,1753,북한산우이,신설동,2,1,False
1735,1736,1738,1740,1741,1743,1745,1747,1749,1752,1754,1756,1758,1735,1758,북한산우이,신설동,2,1,False
1740,1741,1743,1745,1746,1748,1750,1752,1754,1757,1759,1801,1803,1740,1803,북한산우이,신설동,2,1,False
1745,1746,1748,1750,1751,1753,1755,1757,1759,1802,1804,1806,1808,1745,1808,북한산우이,신설동,2,1,False
1750,1751,1753,1755,1756,1758,1800,1802,1804,1807,1809,1811,1813,1750,1813,북한산우이,신설동,2,1,False
1755,1756,1758,1800,1801,1803,1805,1807,1809,1812,1814,1816,1818,1755,1818,북한산우이,신설동,2,1,False
1800,1801,1803,1805,1806,1808,1810,1812,1814,1817,1819,1821,1823,1800,1823,북한산우이,신설동,2,1,False
1805,1806,1808,1810,1811,1813,1815,1817,1819,1822,1824,1826,1828,1805,1828,북한산우이,신설동,2,1,False
1810,1811,1813,1815,1816,1818,1820,1822,1824,1827,1829,1831,1833,1810,1833,북한산우이,신설동,2,1,False
1815,1816,1818,1820,1821,1823,1825,1827,1829,1832,1834,1836,1838,1815,1838,북한산우이,신설동,2,1,False
1820,1821,1823,1825,1826,1828,1830,1832,1834,1837,1839,1841,1843,1820,1843,북한산우이,신설동,2,1,False
1825,1826,1828,1830,1831,1833,1835,1837,1839,1842,1844,1846,1848,1825,1848,북한산우이,신설동,2,1,False
1830,1831,1833,1835,1836,1838,1840,1842,1844,1847,1849,1851,1853,1830,1853,북한산우이,신설동,2,1,False
1835,1836,1838,1840,1841,1843,1845,1847,1849,1852,1854,1856,1858,1835,1858,북한산우이,신설동,2,1,False
1840,1841,1843,1845,1846,1848,1850,1852,1854,1857,1859,1901,1903,1840,1903,북한산우이,신설동,2,1,False
1845,1846,1848,1850,1851,1853,1855,1857,1859,1902,1904,1906,1908,1845,1908,북한산우이,신설동,2,1,False
1850,1851,1853,1855,1856,1858,1900,1902,1904,1907,1909,1911,1913,1850,1913,북한산우이,신설동,2,1,False
1855,1856,1858,1900,1901,1903,1905,1907,1909,1912,1914,1916,1918,1855,1918,북한산우이,신설동,2,1,False
1900,1901,1903,1905,1906,1908,1910,1912,1914,1917,1919,1921,1923,1900,1923,북한산우이,신설동,2,1,False
1905,1906,1908,1910,1911,1913,1915,1917,1919,1922,1924,1926,1928,1905,1928,북한산우이,신설동,2,1,False
1910,1911,1913,1915,1916,1918,1920,1922,1924,1927,1929,1931,1933,1910,1933,북한산우이,신설동,2,1,False
1915,1916,1918,1920,1921,1923,1925,1927,1929,1932,1934,1936,1938,1915,1938,북한산우이,신설동,2,1,False
1920,1921,1923,1925,1926,1928,1930,1932,1934,1937,1939,1941,1943,1920,1943,북한산우이,신설동,2,1,False
1925,1926,1928,1930,1931,1933,1935,1937,1939,1942,1944,1946,1948,1925,1948,북한산우이,신설동,2,1,False
1930,1931,1933,1935,1936,1938,1940,1942,1944,1947,1949,1951,1953,1930,1953,북한산우이,신설동,2,1,False
1935,1936,1938,1940,1941,1943,1945,1947,1949,1952,1954,1956,1958,1935,1958,북한산우이,신설동,2,1,False
1940,1941,1943,1945,1946,1948,1950,1952,1954,1957,1959,2001,2003,1940,2003,북한산우이,신설동,2,1,False
1945,1946,1948,1950,1951,1953,1955,1957,1959,2002,2004,2006,2008,1945,2008,북한산우이,신설동,2,1,False
1950,1951,1953,1955,1956,1958,2000,2002,2004,2007,2009,2011,2013,1950,2013,북한산우이,신설동,2,1,False
1955,1956,1958,2000,2001,2003,2005,2007,2009,2012,2014,2016,2018,1955,2018,북한산우이,신설동,2,1,False
2000,2001,2003,2005,2006,2008,2010,2012,2014,2017,2019,2021,2023,2000,2023,북한산우이,신설동,2,1,False
2005,2006,2008,2010,2011,2013,2015,2017,2019,2022,2024,2026,2028,2005,2028,북한산우이,신설동,2,1,False
2010,2011,2013,2015,2016,2018,2020,2022,2024,2027,2029,2031,2033,2010,2033,북한산우이,신설동,2,1,False
2015,2016,2018,2020,2021,2023,2025,2027,2029,2032,2034,2036,2038,2015,2038,북한산우이,신설동,2,1,False
2020,2021,2023,2025,2026,2028,2030,2032,2034,2037,2039,2041,2043,2020,2043,북한산우이,신설동,2,1,False
2025,2026,2028,2030,2031,2033,2035,2037,2039,2042,2044,2046,2048,2025,2048,북한산우이,신설동,2,1,False
2030,2031,2033,2035,2036,2038,2040,2042,2044,2047,2049,2051,2053,2030,2053,북한산우이,신설동,2,1,False
2036,2037,2039,2041,2042,2044,2046,2048,2050,2053,2055,2057,2059,2036,2059,북한산우이,신설동,2,1,False
2042,2043,2045,2047,2048,2050,2052,2054,2056,2059,2101,2103,2105,2042,2105,북한산우이,신설동,2,1,False
2048,2049,2051,2053,2054,2056,2058,2100,2102,2105,2107,2109,2111,2048,2111,북한산우이,신설동,2,1,False
2054,2055,2057,2059,2100,2102,2104,2106,2108,2111,2113,2115,2117,2054,2117,북한산우이,신설동,2,1,False
2101,2102,2104,2106,2107,2109,2111,2113,2115,2118,2120,2122,2124,2101,2124,북한산우이,신설동,2,1,False
2108,2109,2111,2113,2114,2116,2118,2120,2122,2125,2127,2129,2131,2108,2131,북한산우이,신설동,2,1,False
2115,2116,2118,2120,2121,2123,2125,2127,2129,2132,2134,2136,2138,2115,2138,북한산우이,신설동,2,1,False
2122,2123,2125,2127,2128,2130,2132,2134,2136,2139,2141,2143,2145,2122,2145,북한산우이,신설동,2,1,False
2129,2130,2132,2134,2135,2137,2139,2141,2143,2146,2148,2150,2152,2129,2152,북한산우이,신설동,2,1,False
2137,2138,2140,2142,2143,2145,2147,2149,2151,2154,2156,2158,2200,2137,2200,북한산우이,신설동,2,1,False
2145,2146,2148,2150,2151,2153,2155,2157,2159,2202,2204,2206,2208,2145,2208,북한산우이,신설동,2,1,False
2153,2154,2156,2158,2159,2201,2203,2205,2207,2210,2212,2214,2216,2153,2216,북한산우이,신설동,2,1,False
2201,2202,2204,2206,2207,2209,2211,2213,2215,2218,2220,2222,2224,2201,2224,북한산우이,신설동,2,1,False
2209,2210,2212,2214,2215,2217,2219,2221,2223,2226,2228,2230,2232,2209,2232,북한산우이,신설동,2,1,False
2217,2218,2220,2222,2223,2225,2227,2229,2231,2234,2236,2238,2240,2217,2240,북한산우이,신설동,2,1,False
2225,2226,2228,2230,2231,2233,2235,2237,2239,2242,2244,2246,2248,2225,2248,북한산우이,신설동,2,1,False
2237,2238,2240,2242,2243,2245,2247,2249,2251,2254,2256,2258,2300,2237,2300,북한산우이,신설동,2,1,False
2249,2250,2252,2254,2255,2257,2259,2301,2303,2306,2308,2310,2312,2249,2312,북한산우이,신설동,2,1,False
2301,2302,2304,2306,2307,2309,2311,2313,2315,2318,2320,2322,2324,2301,2324,북한산우이,신설동,2,1,False
2313,2314,2316,2318,2319,2321,2323,2325,2327,2330,2332,2334,2336,2313,2336,북한산우이,신설동,2,1,False
2325,2326,2328,2330,2331,2333,2335,2337,2339,2342,2344,2346,2348,2325,2348,북한산우이,신설동,2,1,False
2337,2338,2340,2342,2343,2345,2347,2349,2351,2354,2356,2358,2400,2337,2400,북한산우이,신설동,2,1,False
553,551,550,548,546,545,543,541,538,536,534,532,530,530,553,신설동,북한산우이,2,2,False
605,603,602,600,558,557,555,553,550,548,546,544,542,542,605,신설동,북한산우이,2,2,False
617,615,614,612,610,609,607,605,602,600,558,556,554,554,617,신설동,북한산우이,2,2,False
629,627,626,624,622,621,619,617,614,612,610,608,606,606,629,신설동,북한산우이,2,2,False
641,639,638,636,634,633,631,629,626,624,622,620,618,618,641,신설동,북한산우이,2,2,False
653,651,650,648,646,645,643,641,638,636,634,632,630,630,653,신설동,북한산우이,2,2,False
705,703,702,700,658,657,655,653,650,648,646,644,642,642,705,신설동,북한산우이,2,2,False
717,715,714,712,710,709,707,705,702,700,658,656,654,654,717,신설동,북한산우이,2,2,False
725,723,722,720,718,717,715,713,710,708,706,704,702,702,725,신설동,북한산우이,2,2,False
731,729,728,726,724,723,721,719,716,714,712,710,708,708,731,신설동,북한산우이,2,2,False
737,735,734,732,730,729,727,725,722,720,718,716,714,714,737,신설동,북한산우이,2,2,False
743,741,740,738,736,735,733,731,728,726,724,722,720,720,743,신설동,북한산우이,2,2,False
749,747,746,744,742,741,739,737,734,732,730,728,726,726,749,신설동,북한산우이,2,2,False
755,753,752,750,748,747,745,743,740,738,736,734,732,732,755,신설동,북한산우이,2,2,False
801,759,758,756,754,753,751,749,746,744,742,740,738,738,801,신설동,북한산우이,2,2,False
807,805,804,802,800,759,757,755,752,750,748,746,744,744,807,신설동,북한산우이,2,2,False
813,811,810,808,806,805,803,801,758,756,754,752,750,750,813,신설동,북한산우이,2,2,False
819,817,816,814,812,811,809,807,804,802,800,758,756,756,819,신설동,북한산우이,2,2,False
825,823,822,820,818,817,815,813,810,808,806,804,802,802,825,신설동,북한산우이,2,2,False
831,829,828,826,824,823,821,819,816,814,812,810,808,808,831,신설동,북한산우이,2,2,False
837,835,834,832,830,829,827,825,822,820,818,816,814,814,837,신설동,북한산우이,2,2,False
843,841,840,838,836,835,833,831,828,826,824,822,820,820,843,신설동,북한산우이,2,2,False
849,847,846,844,842,841,839,837,834,832,830,828,826,826,849,신설동,북한산우이,2,2,False
856,854,852,851,849,847,845,843,841,838,836,834,832,832,856,신설동,북한산우이,2,2,False
902,900,858,857,855,853,851,849,847,844,842,840,838,838,902,신설동,북한산우이,2,2,False
908,906,904,903,901,859,857,855,853,850,848,846,844,844,908,신설동,북한산우이,2,2,False
914,912,910,909,907,905,903,901,859,856,854,852,850,850,914,신설동,북한산우이,2,2,False
920,918,916,915,913,911,909,907,905,902,900,858,856,856,920,신설동,북한산우이,2,2,False
926,924,923,921,919,918,916,914,911,909,907,905,903,903,926,신설동,북한산우이,2,2,False
932,930,929,927,925,924,922,920,917,915,913,911,909,909,932,신설동,북한산우이,2,2,False
938,936,935,933,931,930,928,926,923,921,919,917,915,915,938,신설동,북한산우이,2,2,False
943,941,940,938,936,935,933,931,928,926,924,922,920,920,943,신설동,북한산우이,2,2,False
948,946,945,943,941,940,938,936,933,931,929,927,925,925,948,신설동,북한산우이,2,2,False
953,951,950,948,946,945,943,941,938,936,934,932,930,930,953,신설동,북한산우이,2,2,False
958,956,955,953,951,950,948,946,943,941,939,937,935,935,958,신설동,북한산우이,2,2,False
1003,1001,1000,958,956,955,953,951,948,946,944,942,940,940,1003,신설동,북한산우이,2,2,False
1009,1007,1005,1004,1002,1000,958,956,954,951,949,947,945,945,1009,신설동,북한산우이,2,2,False
1014,1012,1010,1009,1007,1005,1003,1001,959,956,954,952,950,950,1014,신설동,북한산우이,2,2,False
1019,1017,1015,1014,1012,1010,1008,1006,1004,1001,959,957,955,955,1019,신설동,북한산우이,2,2,False
1024,1022,1020,1019,1017,1015,1013,1011,1009,1006,1004,1002,1000,1000,1024,신설동,북한산우이,2,2,False
1029,1027,1025,1024,1022,1020,1018,1016,1014,1011,1009,1007,1005,1005,1029,신설동,북한산우이,2,2,False
1034,1032,1030,1029,1027,1025,1023,1021,1019,1016,1014,1012,1010,1010,1034,신설동,북한산우이,2,2,False
1039,1037,1035,1034,1032,1030,1028,1026,1024,1021,1019,1017,1015,1015,1039,신설동,북한산우이,2,2,False
1043,1041,1040,1038,1036,1035,1033,1031,1028,1026,1024,1022,1020,1020,1043,신설동,북한산우이,2,2,False
1047,1045,1044,1042,1040,1039,1037,1035,1032,1030,1028,1026,1024,1024,1047,신설동,북한산우이,2,2,False
1051,1049,1048,1046,1044,1043,1041,1039,1036,1034,1032,1030,1028,1028,1051,신설동,북한산우이,2,2,False
1055,1053,1052,1050,1048,1047,1045,1043,1040,1038,1036,1034,1032,1032,1055,신설동,북한산우이,2,2,False
1059,1057,1056,1054,1052,1051,1049,1047,1044,1042,1040,1038,1036,1036,1059,신설동,북한산우이,2,2,False
1103,1101,1100,1058,1056,1055,1053,1051,1048,1046,1044,1042,1040,1040,1103,신설동,북한산우이,2,2,False
1107,1105,1104,1102,1100,1059,1057,1055,1052,1050,1048,1046,1044,1044,1107,신설동,북한산우이,2,2,False
1111,1109,1108,1106,1104,1103,1101,1059,1056,1054,1052,1050,1048,1048,1111,신설동,북한산우이,2,2,False
1115,1113,1112,1110,1108,1107,1105,1103,1100,1058,1056,1054,1052,1052,1115,신설동,북한산우이,2,2,False
1119,1117,1116,1114,1112,1111,1109,1107,1104,1102,1100,1058,1056,1056,1119,신설동,북한산우이,2,2,False
1123,1121,1120,1118,1116,1115,1113,1111,1108,1106,1104,1102,1100,1100,1123,신설동,북한산우이,2,2,False
1127,1125,1124,1122,1120,1119,1117,1115,1112,1110,1108,1106,1104,1104,1127,신설동,북한산우이,2,2,False
1131,1129,1128,1126,1124,1123,1121,1119,1116,1114,1112,1110,1108,1108,1131,신설동,북한산우이,2,2,False
1135,1133,1132,1130,1128,1127,1125,1123,1120,1118,1116,1114,1112,1112,1135,신설동,북한산우이,2,2,False
1139,1137,1136,1134,1132,1131,1129,1127,1124,1122,1120,1118,1116,1116,1139,신설동,북한산우이,2,2,False
1143,1141,1140,1138,1136,1135,1133,1131,1128,1126,1124,1122,1120,1120,1143,신설동,북한산우이,2,2,False
1147,1145,1144,1142,1140,1139,1137,1135,1132,1130,1128,1126,1124,1124,1147,신설동,북한산우이,2,2,False
1151,1149,1148,1146,1144,1143,1141,1139,1136,1134,1132,1130,1128,1128,1151,신설동,북한산우이,2,2,False
1155,1153,1152,1150,1148,1147,1145,1143,1140,1138,1136,1134,1132,1132,1155,신설동,북한산우이,2,2,False
1159,1157,1156,1154,1152,1151,1149,1147,1144,1142,1140,1138,1136,1136,1159,신설동,북한산우이,2,2,False
1203,1201,1200,1158,1156,1155,1153,1151,1148,1146,1144,1142,1140,1140,1203,신설동,북한산우이,2,2,False
1207,1205,1204,1202,1200,1159,1157,1155,1152,1150,1148,1146,1144,1144,1207,신설동,북한산우이,2,2,False
1211,1209,1208,1206,1204,1203,1201,1159,1156,1154,1152,1150,1148,1148,1211,신설동,북한산우이,2,2,False
1215,1213,1212,1210,1208,1207,1205,1203,1200,1158,1156,1154,1152,1152,1215,신설동,북한산우이,2,2,False
1219,1217,1216,1214,1212,1211,1209,1207,1204,1202,1200,1158,1156,1156,1219,신설동,북한산우이,2,2,False
1223,1221,1220,1218,1216,1215,1213,1211,1208,1206,1204,1202,1200,1200,1223,신설동,북한산우이,2,2,False
1227,1225,1224,1222,1220,1219,1217,1215,1212,1210,1208,1206,1204,1204,1227,신설동,북한산우이,2,2,False
1231,1229,1228,1226,1224,1223,1221,1219,1216,1214,1212,1210,1208,1208,1231,신설동,북한산우이,2,2,False
1235,1233,1232,1230,1228,1227,1225,1223,1220,1218,1216,1214,1212,1212,1235,신설동,북한산우이,2,2,False
1239,1237,1236,1234,1232,1231,1229,1227,1224,1222,1220,1218,1216,1216,1239,신설동,북한산우이,2,2,False
1243,1241,1240,1238,1236,1235,1233,1231,1228,1226,1224,1222,1220,1220,1243,신설동,북한산우이,2,2,False
1247,1245,1244,1242,1240,1239,1237,1235,1232,1230,1228,1226,1224,1224,1247,신설동,북한산우이,2,2,False
1251,1249,1248,1246,1244,1243,1241,1239,1236,1234,1232,1230,1228,1228,1251,신설동,북한산우이,2,2,False
1255,1253,1252,1250,1248,1247,1245,1243,1240,1238,1236,1234,1232,1232,1255,신설동,북한산우이,2,2,False
1259,1257,1256,1254,1252,1251,1249,1247,1244,1242,1240,1238,1236,1236,1259,신설동,북한산우이,2,2,False
1303,1301,1300,1258,1256,1255,1253,1251,1248,1246,1244,1242,1240,1240,1303,신설동,북한산우이,2,2,False
1307,1305,1304,1302,1300,1259,1257,1255,1252,1250,1248,1246,1244,1244,1307,신설동,북한산우이,2,2,False
1311,1309,1308,1306,1304,1303,1301,1259,1256,1254,1252,1250,1248,1248,1311,신설동,북한산우이,2,2,False
1315,1313,1312,1310,1308,1307,1305,1303,1300,1258,1256,1254,1252,1252,1315,신설동,북한산우이,2,2,False
1319,1317,1316,1314,1312,1311,1309,1307,1304,1302,1300,1258,1256,1256,1319,신설동,북한산우이,2,2,False
1323,1321,1320,1318,1316,1315,1313,1311,1308,1306,1304,1302,1300,1300,1323,신설동,북한산우이,2,2,False
1327,1325,1324,1322,1320,1319,1317,1315,1312,1310,1308,1306,1304,1304,1327,신설동,북한산우이,2,2,False
1331,1329,1328,1326,1324,1323,1321,1319,1316,1314,1312,1310,1308,1308,1331,신설동,북한산우이,2,2,False
1335,1333,1332,1330,1328,1327,1325,1323,1320,1318,1316,1314,1312,1312,1335,신설동,북한산우이,2,2,False
1339,1337,1336,1334,1332,1331,1329,1327,1324,1322,1320,1318,1316,1316,1339,신설동,북한산우이,2,2,False
1343,1341,1340,1338,1336,1335,1333,1331,1328,1326,1324,1322,1320,1320,1343,신설동,북한산우이,2,2,False
1347,1345,1344,1342,1340,1339,1337,1335,1332,1330,1328,1326,1324,1324,1347,신설동,북한산우이,2,2,False
1351,1349,1348,1346,1344,1343,1341,1339,1336,1334,1332,1330,1328,1328,1351,신설동,북한산우이,2,2,False
1355,1353,1352,1350,1348,1347,1345,1343,1340,1338,1336,1334,1332,1332,1355,신설동,북한산우이,2,2,False
1359,1357,1356,1354,1352,1351,1349,1347,1344,1342,1340,1338,1336,1336,1359,신설동,북한산우이,2,2,False
1403,1401,1400,1358,1356,1355,1353,1351,1348,1346,1344,1342,1340,1340,1403,신설동,북한산우이,2,2,False
1407,1405,1404,1402,1400,1359,1357,1355,1352,1350,1348,1346,1344,1344,1407,신설동,북한산우이,2,2,False
1411,1409,1408,1406,1404,1403,1401,1359,1356,1354,1352,1350,1348,1348,1411,신설동,북한산우이,2,2,False
1415,1413,1412,1410,1408,1407,1405,1403,1400,1358,1356,1354,1352,1352,1415,신설동,북한산우이,2,2,False
1419,1417,1416,1414,1412,1411,1409,1407,1404,1402,1400,1358,1356,1356,1419,신설동,북한산우이,2,2,False
1423,1421,1420,1418,1416,1415,1413,1411,1408,1406,1404,1402,1400,1400,1423,신설동,북한산우이,2,2,False
1427,1425,1424,1422,1420,1419,1417,1415,1412,1410,1408,1406,1404,1404,1427,신설동,북한산우이,2,2,False
1431,1429,1428,1426,1424,1423,1421,1419,1416,1414,1412,1410,1408,1408,1431,신설동,북한산우이,2,2,False
1435,1433,1432,1430,1428,1427,1425,1423,1420,1418,1416,1414,1412,1412,1435,신설동,북한산우이,2,2,False
1439,1437,1436,1434,1432,1431,1429,1427,1424,1422,1420,1418,1416,1416,1439,신설동,북한산우이,2,2,False
1443,1441,1440,1438,1436,1435,1433,1431,1428,1426,1424,1422,1420,1420,1443,신설동,북한산우이,2,2,False
1447,1445,1444,1442,1440,1439,1437,1435,1432,1430,1428,1426,1424,1424,1447,신설동,북한산우이,2,2,False
1451,1449,1448,1446,1444,1443,1441,1439,1436,1434,1432,1430,1428,1428,1451,신설동,북한산우이,2,2,False
1455,1453,1452,1450,1448,1447,1445,1443,1440,1438,1436,1434,1432,1432,1455,신설동,북한산우이,2,2,False
1459,1457,1456,1454,1452,1451,1449,1447,1444,1442,1440,1438,1436,1436,1459,신설동,북한산우이,2,2,False
1503,1501,1500,1458,1456,1455,1453,1451,1448,1446,1444,1442,1440,1440,1503,신설동,북한산우이,2,2,False
1507,1505,1504,1502,1500,1459,1457,1455,1452,1450,1448,1446,1444,1444,1507,신설동,북한산우이,2,2,False
1511,1509,1508,1506,1504,1503,1501,1459,1456,1454,1452,1450,1448,1448,1511,신설동,북한산우이,2,2,False
1515,1513,1512,1510,1508,1507,1505,1503,1500,1458,1456,1454,1452,1452,1515,신설동,북한산우이,2,2,False
1519,1517,1516,1514,1512,1511,1509,1507,1504,1502,1500,1458,1456,1456,1519,신설동,북한산우이,2,2,False
1523,1521,1520,1518,1516,1515,1513,1511,1508,1506,1504,1502,1500,1500,1523,신설동,북한산우이,2,2,False
1527,1525,1524,1522,1520,1519,1517,1515,1512,1510,1508,1506,1504,1504,1527,신설동,북한산우이,2,2,False
1531,1529,1528,1526,1524,1523,1521,1519,1516,1514,1512,1510,1508,1508,1531,신설동,북한산우이,2,2,False
1535,1533,1532,1530,1528,1527,1525,1523,1520,1518,1516,1514,1512,1512,1535,신설동,북한산우이,2,2,False
1539,1537,1536,1534,1532,1531,1529,1527,1524,1522,1520,1518,1516,1516,1539,신설동,북한산우이,2,2,False
1543,1541,1540,1538,1536,1535,1533,1531,1528,1526,1524,1522,1520,1520,1543,신설동,북한산우이,2,2,False
1547,1545,1544,1542,1540,1539,1537,1535,1532,1530,1528,1526,1524,1524,1547,신설동,북한산우이,2,2,False
1551,1549,1548,1546,1544,1543,1541,1539,1536,1534,1532,1530,1528,1528,1551,신설동,북한산우이,2,2,False
1555,1553,1552,1550,1548,1547,1545,1543,1540,1538,1536,1534,1532,1532,1555,신설동,북한산우이,2,2,False
1559,1557,1556,1554,1552,1551,1549,1547,1544,1542,1540,1538,1536,1536,1559,신설동,북한산우이,2,2,False
1603,1601,1600,1558,1556,1555,1553,1551,1548,1546,1544,1542,1540,1540,1603,신설동,북한산우이,2,2,False
1607,1605,1604,1602,1600,1559,1557,1555,1552,1550,1548,1546,1544,1544,1607,신설동,북한산우이,2,2,False
1611,1609,1608,1606,1604,1603,1601,1559,1556,1554,1552,1550,1548,1548,1611,신설동,북한산우이,2,2,False
1615,1613,1612,1610,1608,1607,1605,1603,1600,1558,1556,1554,1552,1552,1615,신설동,북한산우이,2,2,False
1619,1617,1616,1614,1612,1611,1609,1607,1604,1602,1600,1558,1556,1556,1619,신설동,북한산우이,2,2,False
1623,1621,1620,1618,1616,1615,1613,1611,1608,1606,1604,1602,1600,1600,1623,신설동,북한산우이,2,2,False
1627,1625,1624,1622,1620,1619,1617,1615,1612,1610,1608,1606,1604,1604,1627,신설동,북한산우이,2,2,False
1631,1629,1628,1626,1624,1623,1621,1619,1616,1614,1612,1610,1608,1608,1631,신설동,북한산우이,2,2,False
1635,1633,1632,1630,1628,1627,1625,1623,1620,1618,1616,1614,1612,1612,1635,신설동,북한산우이,2,2,False
1639,1637,1636,1634,1632,1631,1629,1627,1624,1622,1620,1618,1616,1616,1639,신설동,북한산우이,2,2,False
1643,1641,1640,1638,1636,1635,1633,1631,1628,1626,1624,1622,1620,1620,1643,신설동,북한산우이,2,2,False
1647,1645,1644,1642,1640,1639,1637,1635,1632,1630,1628,1626,1624,1624,1647,신설동,북한산우이,2,2,False
1651,1649,1648,1646,1644,1643,1641,1639,1636,1634,1632,1630,1628,1628,1651,신설동,북한산우이,2,2,False
1655,1653,1652,1650,1648,1647,1645,1643,1640,1638,1636,1634,1632,1632,1655,신설동,북한산우이,2,2,False
1659,1657,1656,1654,1652,1651,1649,1647,1644,1642,1640,1638,1636,1636,1659,신설동,북한산우이,2,2,False
1703,1701,1700,1658,1656,1655,1653,1651,1648,1646,1644,1642,1640,1640,1703,신설동,북한산우이,2,2,False
1707,1705,1704,1702,1700,1659,1657,1655,1652,1650,1648,1646,1644,1644,1707,신설동,북한산우이,2,2,False
1711,1709,1708,1706,1704,1703,1701,1659,1656,1654,1652,1650,1648,1648,1711,신설동,북한산우이,2,2,False
1715,1713,1712,1710,1708,1707,1705,1703,1700,1658,1656,1654,1652,1652,1715,신설동,북한산우이,2,2,False
1719,1717,1716,1714,1712,1711,1709,1707,1704,1702,1700,1658,1656,1656,1719,신설동,북한산우이,2,2,False
1723,1721,1720,1718,1716,1715,1713,1711,1708,1706,1704,1702,1700,1700,1723,신설동,북한산우이,2,2,False
1727,1725,1724,1722,1720,1719,1717,1715,1712,1710,1708,1706,1704,1704,1727,신설동,북한산우이,2,2,False
1731,1729,1728,1726,1724,1723,1721,1719,1716,1714,1712,1710,1708,1708,1731,신설동,북한산우이,2,2,False
1735,1733,1732,1730,1728,1727,1725,1723,1720,1718,1716,1714,1712,1712,1735,신설동,북한산우이,2,2,False
1739,1737,1736,1734,1732,1731,1729,1727,1724,1722,1720,1718,1716,1716,1739,신설동,북한산우이,2,2,False
1743,1741,1740,1738,1736,1735,1733,1731,1728,1726,1724,1722,1720,1720,1743,신설동,북한산우이,2,2,False
1748,1746,1745,1743,1741,1740,1738,1736,1733,1731,1729,1727,1725,1725,1748,신설동,북한산우이,2,2,False
1753,1751,1750,1748,1746,1745,1743,1741,1738,1736,1734,1732,1730,1730,1753,신설동,북한산우이,2,2,False
1758,1756,1755,1753,1751,1750,1748,1746,1743,1741,1739,1737,1735,1735,1758,신설동,북한산우이,2,2,False
1803,1801,1800,1758,1756,1755,1753,1751,1748,1746,1744,1742,1740,1740,1803,신설동,북한산우이,2,2,False
1808,1806,1805,1803,1801,1800,1758,1756,1753,1751,1749,1747,1745,1745,1808,신설동,북한산우이,2,2,False
1813,1811,1810,1808,1806,1805,1803,1801,1758,1756,1754,1752,1750,1750,1813,신설동,북한산우이,2,2,False
1818,1816,1815,1813,1811,1810,1808,1806,1803,1801,1759,1757,1755,1755,1818,신설동,북한산우이,2,2,False
1823,1821,1820,1818,1816,1815,1813,1811,1808,1806,1804,1802,1800,1800,1823,신설동,북한산우이,2,2,False
1828,1826,1825,1823,1821,1820,1818,1816,1813,1811,1809,1807,1805,1805,1828,신설동,북한산우이,2,2,False
1833,1831,1830,1828,1826,1825,1823,1821,1818,1816,1814,1812,1810,1810,1833,신설동,북한산우이,2,2,False
1838,1836,1835,1833,1831,1830,1828,1826,1823,1821,1819,1817,1815,1815,1838,신설동,북한산우이,2,2,False
1843,1841,1840,1838,1836,1835,1833,1831,1828,1826,1824,1822,1820,1820,1843,신설동,북한산우이,2,2,False
1848,1846,1845,1843,1841,1840,1838,1836,1833,1831,1829,1827,1825,1825,1848,신설동,북한산우이,2,2,False
1853,1851,1850,1848,1846,1845,1843,1841,1838,1836,1834,1832,1830,1830,1853,신설동,북한산우이,2,2,False
1858,1856,1855,1853,1851,1850,1848,1846,1843,1841,1839,1837,1835,1835,1858,신설동,북한산우이,2,2,False
1903,1901,1900,1858,1856,1855,1853,1851,1848,1846,1844,1842,1840,1840,1903,신설동,북한산우이,2,2,False
1908,1906,1905,1903,1901,1900,1858,1856,1853,1851,1849,1847,1845,1845,1908,신설동,북한산우이,2,2,False
1913,1911,1910,1908,1906,1905,1903,1901,1858,1856,1854,1852,1850,1850,1913,신설동,북한산우이,2,2,False
1918,1916,1915,1913,1911,1910,1908,1906,1903,1901,1859,1857,1855,1855,1918,신설동,북한산우이,2,2,False
1923,1921,1920,1918,1916,1915,1913,1911,1908,1906,1904,1902,1900,1900,1923,신설동,북한산우이,2,2,False
1928,1926,1925,1923,1921,1920,1918,1916,1913,1911,1909,1907,1905,1905,1928,신설동,북한산우이,2,2,False
1933,1931,1930,1928,1926,1925,1923,1921,1918,1916,1914,1912,1910,1910,1933,신설동,북한산우이,2,2,False
1938,1936,1935,1933,1931,1930,1928,1926,1923,1921,1919,1917,1915,1915,1938,신설동,북한산우이,2,2,False
1943,1941,1940,1938,1936,1935,1933,1931,1928,1926,1924,1922,1920,1920,1943,신설동,북한산우이,2,2,False
1948,1946,1945,1943,1941,1940,1938,1936,1933,1931,1929,1927,1925,1925,1948,신설동,북한산우이,2,2,False
1953,1951,1950,1948,1946,1945,1943,1941,1938,1936,1934,1932,1930,1930,1953,신설동,북한산우이,2,2,False
1958,1956,1955,1953,1951,1950,1948,1946,1943,1941,1939,1937,1935,1935,1958,신설동,북한산우이,2,2,False
2003,2001,2000,1958,1956,1955,1953,1951,1948,1946,1944,1942,1940,1940,2003,신설동,북한산우이,2,2,False
2008,2006,2005,2003,2001,2000,1958,1956,1953,1951,1949,1947,1945,1945,2008,신설동,북한산우이,2,2,False
2013,2011,2010,2008,2006,2005,2003,2001,1958,1956,1954,1952,1950,1950,2013,신설동,북한산우이,2,2,False
2018,2016,2015,2013,2011,2010,2008,2006,2003,2001,1959,1957,1955,1955,2018,신설동,북한산우이,2,2,False
2023,2021,2020,2018,2016,2015,2013,2011,2008,2006,2004,2002,2000,2000,2023,신설동,북한산우이,2,2,False
2028,2026,2025,2023,2021,2020,2018,2016,2013,2011,2009,2007,2005,2005,2028,신설동,북한산우이,2,2,False
2033,2031,2030,2028,2026,2025,2023,2021,2018,2016,2014,2012,2010,2010,2033,신설동,북한산우이,2,2,False
2038,2036,2035,2033,2031,2030,2028,2026,2023,2021,2019,2017,2015,2015,2038,신설동,북한산우이,2,2,False
2043,2041,2040,2038,2036,2035,2033,2031,2028,2026,2024,2022,2020,2020,2043,신설동,북한산우이,2,2,False
2048,2046,2045,2043,2041,2040,2038,2036,2033,2031,2029,2027,2025,2025,2048,신설동,북한산우이,2,2,False
2053,2051,2050,2048,2046,2045,2043,2041,2038,2036,2034,2032,2030,2030,2053,신설동,북한산우이,2,2,False
2058,2056,2055,2053,2051,2050,2048,2046,2043,2041,2039,2037,2035,2035,2058,신설동,북한산우이,2,2,False
2103,2101,2100,2058,2056,2055,2053,2051,2048,2046,2044,2042,2040,2040,2103,신설동,북한산우이,2,2,False
2108,2106,2105,2103,2101,2100,2058,2056,2053,2051,2049,2047,2045,2045,2108,신설동,북한산우이,2,2,False
2113,2111,2110,2108,2106,2105,2103,2101,2058,2056,2054,2052,2050,2050,2113,신설동,북한산우이,2,2,False
2118,2116,2115,2113,2111,2110,2108,2106,2103,2101,2059,2057,2055,2055,2118,신설동,북한산우이,2,2,False
2123,2121,2120,2118,2116,2115,2113,2111,2108,2106,2104,2102,2100,2100,2123,신설동,북한산우이,2,2,False
2129,2127,2126,2124,2122,2121,2119,2117,2114,2112,2110,2108,2106,2106,2129,신설동,북한산우이,2,2,False
2135,2133,2132,2130,2128,2127,2125,2123,2120,2118,2116,2114,2112,2112,2135,신설동,북한산우이,2,2,False
2141,2139,2138,2136,2134,2133,2131,2129,2126,2124,2122,2120,2118,2118,2141,신설동,북한산우이,2,2,False
2148,2146,2145,2143,2141,2140,2138,2136,2133,2131,2129,2127,2125,2125,2148,신설동,북한산우이,2,2,False
2155,2153,2152,2150,2148,2147,2145,2143,2140,2138,2136,2134,2132,2132,2155,신설동,북한산우이,2,2,False
2202,2200,2159,2157,2155,2154,2152,2150,2147,2145,2143,2141,2139,2139,2202,신설동,북한산우이,2,2,False
2209,2207,2206,2204,2202,2201,2159,2157,2154,2152,2150,2148,2146,2146,2209,신설동,북한산우이,2,2,False
2216,2214,2213,2211,2209,2208,2206,2204,2201,2159,2157,2155,2153,2153,2216,신설동,북한산우이,2,2,False
2224,2222,2221,2219,2217,2216,2214,2212,2209,2207,2205,2203,2201,2201,2224,신설동,북한산우이,2,2,False
2232,2230,2229,2227,2225,2224,2222,2220,2217,2215,2213,2211,2209,2209,2232,신설동,북한산우이,2,2,False
2240,2238,2237,2235,2233,2232,2230,2228,2225,2223,2221,2219,2217,2217,2240,신설동,북한산우이,2,2,False
2248,2246,2245,2243,2241,2240,2238,2236,2233,2231,2229,2227,2225,2225,2248,신설동,북한산우이,2,2,False
2256,2254,2253,2251,2249,2248,2246,2244,2241,2239,2237,2235,2233,2233,2256,신설동,북한산우이,2,2,False
2304,2302,2301,2259,2257,2256,2254,2252,2249,2247,2245,2243,2241,2241,2304,신설동,북한산우이,2,2,False
2312,2310,2309,2307,2305,2304,2302,2300,2257,2255,2253,2251,2249,2249,2312,신설동,북한산우이,2,2,False
2324,2322,2321,2319,2317,2316,2314,2312,2309,2307,2305,2303,2301,2301,2324,신설동,북한산우이,2,2,False
2336,2334,2333,2331,2329,2328,2326,2324,2321,2319,2317,2315,2313,2313,2336,신설동,북한산우이,2,2,False
2348,2346,2345,2343,2341,2340,2338,2336,2333,2331,2329,2327,2325,2325,2348,신설동,북한산우이,2,2,False
2400,2358,2357,2355,2353,2352,2350,2348,2345,2343,2341,2339,2337,2337,2400,신설동,북한산우이,2,2,False
