,열차번호,출발역코드,도착역코드,요일,방향,급행선,노선명
0,K5144,1300,1629,1,1,0,경의중앙선
1,K5148,1299,1629,1,1,0,경의중앙선
2,K5146,1310,1622,1,1,0,경의중앙선
3,K5150,1300,1629,1,1,0,경의중앙선
4,K5152,1300,1629,1,1,0,경의중앙선
5,K5154,1310,1629,1,1,0,경의중앙선
6,K5156,1300,1629,1,1,0,경의중앙선
7,K5158,1300,1629,1,1,0,경의중앙선
8,K5160,1310,1617,1,1,0,경의중앙선
9,K5162,1299,1617,1,1,0,경의중앙선
10,K5164,1310,1318,1,1,0,경의중앙선
11,K5166,1300,1318,1,1,0,경의중앙선
12,K5142,191,1622,1,1,0,경의중앙선
13,K5140,1310,1629,1,1,0,경의중앙선
14,K5138,1300,1629,1,1,0,경의중앙선
15,K2237,1629,1610,1,1,0,경의중앙선
16,K2239,1629,1610,1,1,0,경의중앙선
17,K2241,1629,1610,1,1,0,경의중앙선
18,K5136,1310,1629,1,1,0,경의중앙선
19,K5134,1300,1629,1,1,0,경의중앙선
20,K5132,1308,1622,1,1,0,경의중앙선
21,K5130,1300,1629,1,1,0,경의중앙선
22,K5141,1629,1310,1,2,0,경의중앙선
23,K5143,1629,1300,1,2,0,경의중앙선
24,K5145,1629,1300,1,2,0,경의중앙선
25,K5147,1629,1310,1,2,0,경의중앙선
26,K5853,1629,1300,1,2,1,경의중앙선
27,K5149,1629,1300,1,2,0,경의중앙선
28,K5151,1629,1310,1,2,0,경의중앙선
29,K5153,1622,1300,1,2,0,경의중앙선
30,K5155,1629,1310,1,2,0,경의중앙선
31,K5157,1622,1300,1,2,0,경의중앙선
32,K5159,1629,1310,1,2,0,경의중앙선
33,K5161,1629,1310,1,2,0,경의중앙선
34,K5163,1622,191,1,2,0,경의중앙선
35,K5165,1629,191,1,2,0,경의중앙선
36,K5167,1629,191,1,2,0,경의중앙선
37,K5133,1629,1299,1,2,0,경의중앙선
38,K5127,1629,1300,1,2,0,경의중앙선
39,K5129,1629,1300,1,2,0,경의중앙선
40,K5137,1629,1300,1,2,0,경의중앙선
41,K5139,1629,1300,1,2,0,경의중앙선
42,K5135,1318,1308,1,2,0,경의중앙선
43,K2516,1610,1629,1,2,1,경의중앙선
44,K2240,1610,1629,1,2,0,경의중앙선
45,K2242,1610,1629,1,2,0,경의중앙선
46,K2238,1610,1629,1,2,0,경의중앙선
47,K5124,1310,1629,2,1,0,경의중앙선
48,K5126,1299,1629,2,1,0,경의중앙선
49,K5128,1310,1629,2,1,0,경의중앙선
50,K5130,1310,1629,2,1,0,경의중앙선
51,K5132,1300,1629,2,1,0,경의중앙선
52,K5134,1300,1318,2,1,0,경의중앙선
53,K5136,1310,1629,2,1,0,경의중앙선
54,K5138,1300,1629,2,1,0,경의중앙선
55,K5140,1300,1617,2,1,0,경의중앙선
56,K5142,1310,1617,2,1,0,경의중앙선
57,K5144,1299,1318,2,1,0,경의중앙선
58,K5122,1300,1629,2,1,0,경의중앙선
59,K2231,1618,1610,2,1,0,경의중앙선
60,K2233,1629,1610,2,1,0,경의중앙선
61,K2235,1629,1610,2,1,0,경의중앙선
62,K5120,1310,1629,2,1,0,경의중앙선
63,K5118,1300,1629,2,1,0,경의중앙선
64,K5116,1310,1629,2,1,0,경의중앙선
65,K5114,1300,1629,2,1,0,경의중앙선
66,K5112,1310,1629,2,1,0,경의중앙선
67,K5123,1629,1310,2,2,0,경의중앙선
68,K5125,1629,1300,2,2,0,경의중앙선
69,K5127,1629,1300,2,2,0,경의중앙선
70,K5129,1629,1310,2,2,0,경의중앙선
71,K5131,1629,1300,2,2,0,경의중앙선
72,K5133,1629,1310,2,2,0,경의중앙선
73,K5135,1629,1300,2,2,0,경의중앙선
74,K5137,1629,1300,2,2,0,경의중앙선
75,K5139,1629,1310,2,2,0,경의중앙선
76,K5141,1629,1310,2,2,0,경의중앙선
77,K5143,1629,1310,2,2,0,경의중앙선
78,K5145,1629,191,2,2,0,경의중앙선
79,K5121,1629,1299,2,2,0,경의중앙선
80,K5113,1629,1300,2,2,0,경의중앙선
81,K5117,1629,1300,2,2,0,경의중앙선
82,K5119,1629,1310,2,2,0,경의중앙선
83,K2232,1610,1629,2,2,0,경의중앙선
84,K2234,1610,1629,2,2,0,경의중앙선
85,K2236,1610,1629,2,2,0,경의중앙선
86,K8404,1830,1806,1,1,1,경춘선
87,K8090,1830,1806,1,1,0,경춘선
88,K8100,1830,1806,1,1,0,경춘선
89,K8086,1830,1810,1,1,0,경춘선
90,K8088,1830,1810,1,1,0,경춘선
91,K8092,1830,1810,1,1,0,경춘선
92,K8094,1830,1810,1,1,0,경춘선
93,K8096,1830,1810,1,1,0,경춘선
94,K8098,1830,1810,1,1,0,경춘선
95,K8102,1830,1810,1,1,0,경춘선
96,K8104,1830,1810,1,1,0,경춘선
97,K8106,1830,1818,1,1,0,경춘선
98,K8108,1830,1818,1,1,0,경춘선
99,K8405,1806,1830,1,2,1,경춘선
100,K8099,1806,1830,1,2,0,경춘선
101,K8109,1806,1820,1,2,0,경춘선
102,K8093,1810,1830,1,2,0,경춘선
103,K8095,1810,1830,1,2,0,경춘선
104,K8097,1810,1830,1,2,0,경춘선
105,K8101,1810,1830,1,2,0,경춘선
106,K8103,1810,1818,1,2,0,경춘선
107,K8105,1810,1830,1,2,0,경춘선
108,K8107,1810,1820,1,2,0,경춘선
109,K8303,1809,1830,1,2,0,경춘선
110,K8089,1810,1830,1,2,0,경춘선
111,K8087,1810,1830,1,2,0,경춘선
112,K8074,1830,1806,2,1,0,경춘선
113,K8082,1830,1806,2,1,0,경춘선
114,K8072,1830,1810,2,1,0,경춘선
115,K8076,1830,1810,2,1,0,경춘선
116,K8078,1830,1810,2,1,0,경춘선
117,K8080,1830,1810,2,1,0,경춘선
118,K8084,1830,1810,2,1,0,경춘선
119,K8086,1830,1810,2,1,0,경춘선
120,K8088,1830,1818,2,1,0,경춘선
121,K8079,1806,1830,2,2,0,경춘선
122,K8085,1806,1818,2,2,0,경춘선
123,K8075,1810,1830,2,2,0,경춘선
124,K8077,1810,1830,2,2,0,경춘선
125,K8081,1810,1830,2,2,0,경춘선
126,K8083,1810,1830,2,2,0,경춘선
127,K8073,1810,1830,2,2,0,경춘선
128,K8071,1810,1830,2,2,0,경춘선
129,K8069,1810,1830,2,2,0,경춘선
130,K8067,1806,1830,2,2,0,경춘선
131,A2164,4013,4001,1,1,0,공항철도선
132,A3100,4007,4001,1,1,0,공항철도선
133,A2166,4013,4001,1,1,0,공항철도선
134,A3102,4007,4001,1,1,0,공항철도선
135,A2168,4013,4001,1,1,0,공항철도선
136,A2170,4013,4001,1,1,0,공항철도선
137,A1048,4013,4001,1,1,1,공항철도선
138,A3104,4007,4001,1,1,0,공항철도선
139,A2172,4013,4001,1,1,0,공항철도선
140,A2174,4013,4001,1,1,0,공항철도선
141,A2176,4013,4001,1,1,0,공항철도선
142,A2178,4013,4001,1,1,0,공항철도선
143,A1050,4013,4001,1,1,1,공항철도선
144,A2180,4013,4001,1,1,0,공항철도선
145,A2182,4013,4001,1,1,0,공항철도선
146,A2184,4013,4001,1,1,0,공항철도선
147,A2186,4013,4001,1,1,0,공항철도선
148,A2188,4013,4001,1,1,0,공항철도선
149,A2190,4013,4001,1,1,0,공항철도선
150,A2192,4013,4001,1,1,0,공항철도선
151,A1052,4013,4001,1,1,1,공항철도선
152,A2194,4013,4001,1,1,0,공항철도선
153,A2196,4013,4001,1,1,0,공항철도선
154,A2198,4013,4001,1,1,0,공항철도선
155,A2200,4013,4001,1,1,0,공항철도선
156,A2202,4013,4001,1,1,0,공항철도선
157,A2352,4013,4004,1,1,0,공항철도선
158,A2167,4001,4013,1,2,0,공항철도선
159,A2169,4001,4013,1,2,0,공항철도선
160,A2171,4001,4013,1,2,0,공항철도선
161,A2173,4001,4013,1,2,0,공항철도선
162,A1047,4001,4013,1,2,1,공항철도선
163,A2175,4001,4013,1,2,0,공항철도선
164,A2177,4001,4013,1,2,0,공항철도선
165,A2179,4001,4013,1,2,0,공항철도선
166,A2181,4001,4013,1,2,0,공항철도선
167,A3101,4001,4007,1,2,0,공항철도선
168,A1049,4001,4013,1,2,1,공항철도선
169,A2183,4001,4013,1,2,0,공항철도선
170,A2185,4001,4013,1,2,0,공항철도선
171,A2187,4001,4013,1,2,0,공항철도선
172,A2189,4001,4013,1,2,0,공항철도선
173,A1051,4001,4013,1,2,1,공항철도선
174,A2191,4001,4013,1,2,0,공항철도선
175,A2193,4001,4013,1,2,0,공항철도선
176,A3103,4001,4007,1,2,0,공항철도선
177,A2195,4001,4013,1,2,0,공항철도선
178,A2197,4001,4013,1,2,0,공항철도선
179,A2199,4001,4013,1,2,0,공항철도선
180,A3291,4001,4007,1,2,0,공항철도선
181,A3293,4001,4007,1,2,0,공항철도선
182,A2165,4001,4013,1,2,0,공항철도선
183,A2161,4001,4013,1,2,0,공항철도선
184,A2163,4001,4013,1,2,0,공항철도선
185,A2159,4001,4013,1,2,0,공항철도선
186,A3099,4001,4007,1,2,0,공항철도선
187,A2155,4001,4013,1,2,0,공항철도선
188,A2157,4001,4013,1,2,0,공항철도선
189,A2153,4001,4013,1,2,0,공항철도선
190,A1045,4001,4013,1,2,1,공항철도선
191,A1043,4001,4013,1,2,1,공항철도선
192,A2164,4013,4001,2,1,0,공항철도선
193,A3100,4007,4001,2,1,0,공항철도선
194,A2166,4013,4001,2,1,0,공항철도선
195,A3102,4007,4001,2,1,0,공항철도선
196,A2168,4013,4001,2,1,0,공항철도선
197,A2170,4013,4001,2,1,0,공항철도선
198,A1048,4013,4001,2,1,1,공항철도선
199,A3104,4007,4001,2,1,0,공항철도선
200,A2172,4013,4001,2,1,0,공항철도선
201,A2174,4013,4001,2,1,0,공항철도선
202,A2176,4013,4001,2,1,0,공항철도선
203,A2178,4013,4001,2,1,0,공항철도선
204,A1050,4013,4001,2,1,1,공항철도선
205,A2180,4013,4001,2,1,0,공항철도선
206,A2182,4013,4001,2,1,0,공항철도선
207,A2184,4013,4001,2,1,0,공항철도선
208,A2186,4013,4001,2,1,0,공항철도선
209,A2188,4013,4001,2,1,0,공항철도선
210,A2190,4013,4001,2,1,0,공항철도선
211,A2192,4013,4001,2,1,0,공항철도선
212,A1052,4013,4001,2,1,1,공항철도선
213,A2194,4013,4001,2,1,0,공항철도선
214,A2196,4013,4001,2,1,0,공항철도선
215,A2198,4013,4001,2,1,0,공항철도선
216,A2200,4013,4001,2,1,0,공항철도선
217,A2202,4013,4001,2,1,0,공항철도선
218,A2352,4013,4004,2,1,0,공항철도선
219,A2167,4001,4013,2,2,0,공항철도선
220,A2169,4001,4013,2,2,0,공항철도선
221,A2171,4001,4013,2,2,0,공항철도선
222,A2173,4001,4013,2,2,0,공항철도선
223,A1047,4001,4013,2,2,1,공항철도선
224,A2175,4001,4013,2,2,0,공항철도선
225,A2177,4001,4013,2,2,0,공항철도선
226,A2179,4001,4013,2,2,0,공항철도선
227,A2181,4001,4013,2,2,0,공항철도선
228,A3101,4001,4007,2,2,0,공항철도선
229,A1049,4001,4013,2,2,1,공항철도선
230,A2183,4001,4013,2,2,0,공항철도선
231,A2185,4001,4013,2,2,0,공항철도선
232,A2187,4001,4013,2,2,0,공항철도선
233,A2189,4001,4013,2,2,0,공항철도선
234,A1051,4001,4013,2,2,1,공항철도선
235,A2191,4001,4013,2,2,0,공항철도선
236,A2193,4001,4013,2,2,0,공항철도선
237,A3103,4001,4007,2,2,0,공항철도선
238,A2195,4001,4013,2,2,0,공항철도선
239,A2197,4001,4013,2,2,0,공항철도선
240,A2199,4001,4013,2,2,0,공항철도선
241,A3291,4001,4007,2,2,0,공항철도선
242,A3293,4001,4007,2,2,0,공항철도선
243,A2165,4001,4013,2,2,0,공항철도선
244,A2161,4001,4013,2,2,0,공항철도선
245,A2163,4001,4013,2,2,0,공항철도선
246,A2159,4001,4013,2,2,0,공항철도선
247,A3099,4001,4007,2,2,0,공항철도선
248,A2155,4001,4013,2,2,0,공항철도선
249,A2157,4001,4013,2,2,0,공항철도선
250,A2153,4001,4013,2,2,0,공항철도선
251,A1045,4001,4013,2,2,1,공항철도선
252,A1043,4001,4013,2,2,1,공항철도선
253,K178,100,100,1,1,0,1호선
254,K188,100,100,1,1,0,1호선
255,K200,100,100,1,1,0,1호선
256,K206,100,100,1,1,0,1호선
257,K212,100,100,1,1,0,1호선
258,K218,100,100,1,1,0,1호선
259,K176,101,101,1,1,0,1호선
260,K184,101,101,1,1,0,1호선
261,K192,101,101,1,1,0,1호선
262,K180,107,107,1,1,0,1호선
263,K186,107,107,1,1,0,1호선
264,K196,107,107,1,1,0,1호선
265,K202,107,107,1,1,0,1호선
266,K214,107,107,1,1,0,1호선
267,K220,107,107,1,1,0,1호선
268,K182,111,111,1,1,0,1호선
269,K190,111,111,1,1,0,1호선
270,K198,111,111,1,1,0,1호선
271,K204,111,111,1,1,0,1호선
272,K210,111,111,1,1,0,1호선
273,K224,111,111,1,1,0,1호선
274,K686,120,120,1,1,0,1호선
275,K490,120,120,1,1,0,1호선
276,K690,120,120,1,1,0,1호선
277,K692,120,120,1,1,0,1호선
278,K494,120,120,1,1,0,1호선
279,K694,120,120,1,1,0,1호선
280,K500,120,120,1,1,0,1호선
281,K698,120,120,1,1,0,1호선
282,K700,120,120,1,1,0,1호선
283,K504,120,120,1,1,0,1호선
284,K702,120,120,1,1,0,1호선
285,K222,120,120,1,1,0,1호선
286,K704,120,120,1,1,0,1호선
287,K492,125,125,1,1,0,1호선
288,K1944,125,125,1,1,1,1호선
289,K1946,125,125,1,1,1,1호선
290,K1948,125,125,1,1,1,1호선
291,S508,125,125,1,1,0,1호선
292,S228,125,125,1,1,0,1호선
293,S496,199,199,1,1,0,1호선
294,S498,199,199,1,1,0,1호선
295,S208,199,199,1,1,0,1호선
296,S510,199,199,1,1,0,1호선
297,S912,199,199,1,1,0,1호선
298,K1168,135,135,1,1,1,1호선
299,K1170,135,135,1,1,1,1호선
300,K1172,135,135,1,1,1,1호선
301,K1174,135,135,1,1,1,1호선
302,K1178,135,135,1,1,1,1호선
303,K1182,135,135,1,1,1,1호선
304,K1186,135,135,1,1,1,1호선
305,K1188,135,135,1,1,1,1호선
306,K1190,135,135,1,1,1,1호선
307,K1192,135,135,1,1,1,1호선
308,K1196,135,135,1,1,1,1호선
309,K7034,139,139,1,1,0,1호선
310,K7036,139,139,1,1,0,1호선
311,K7038,139,139,1,1,0,1호선
312,K7040,139,139,1,1,0,1호선
313,K1176,141,141,1,1,1,1호선
314,K1180,141,141,1,1,1,1호선
315,K696,141,141,1,1,0,1호선
316,K1184,141,141,1,1,1,1호선
317,K502,141,141,1,1,0,1호선
318,K216,141,141,1,1,0,1호선
319,K1194,141,141,1,1,1,1호선
320,K506,141,141,1,1,0,1호선
321,K1198,141,141,1,1,1,1호선
322,K226,141,141,1,1,0,1호선
323,K230,141,141,1,1,0,1호선
324,K512,141,141,1,1,0,1호선
325,K706,141,141,1,1,0,1호선
326,K232,141,141,1,1,0,1호선
327,K708,141,141,1,1,0,1호선
328,K514,141,141,1,1,0,1호선
329,K234,141,141,1,1,0,1호선
330,K1200,148,148,1,1,1,1호선
331,K760,186,186,1,1,0,1호선
332,K762,186,186,1,1,0,1호선
333,K764,186,186,1,1,0,1호선
334,K766,186,186,1,1,0,1호선
335,K768,186,186,1,1,0,1호선
336,K710,1408,1408,1,1,0,1호선
337,K963,120,120,1,2,0,1호선
338,K227,161,161,1,2,0,1호선
339,K819,141,141,1,2,0,1호선
340,K973,120,120,1,2,0,1호선
341,K977,120,120,1,2,0,1호선
342,K223,161,161,1,2,0,1호선
343,K815,141,141,1,2,0,1호선
344,K969,120,120,1,2,0,1호선
345,K217,161,161,1,2,0,1호선
346,K215,161,161,1,2,0,1호선
347,K219,161,161,1,2,0,1호선
348,K225,161,161,1,2,0,1호선
349,K813,141,141,1,2,0,1호선
350,K967,120,120,1,2,0,1호선
351,K975,120,120,1,2,0,1호선
352,S905,133,133,1,2,0,1호선
353,K221,161,161,1,2,0,1호선
354,K965,120,120,1,2,0,1호선
355,K229,161,161,1,2,0,1호선
356,K817,141,141,1,2,0,1호선
357,K971,120,120,1,2,0,1호선
358,K213,161,161,1,2,0,1호선
359,K211,161,161,1,2,0,1호선
360,K701,1416,1416,1,2,0,1호선
361,K505,186,186,1,2,0,1호선
362,K507,1187,1187,1,2,0,1호선
363,K509,1187,1187,1,2,0,1호선
364,K511,186,186,1,2,0,1호선
365,K513,1187,1187,1,2,0,1호선
366,K515,1187,1187,1,2,0,1호선
367,K821,141,141,1,2,0,1호선
368,S209,161,161,1,2,0,1호선
369,K503,1187,1187,1,2,0,1호선
370,K207,161,161,1,2,0,1호선
371,K703,1416,1416,1,2,0,1호선
372,K705,1408,1408,1,2,0,1호선
373,K809,141,141,1,2,0,1호선
374,K811,141,141,1,2,0,1호선
375,S907,133,133,1,2,0,1호선
376,S909,133,133,1,2,0,1호선
377,S501,1187,1187,1,2,0,1호선
378,K205,161,161,1,2,0,1호선
379,K699,1416,1416,1,2,0,1호선
380,K203,161,161,1,2,0,1호선
381,S499,1187,1187,1,2,0,1호선
382,K1183,160,160,1,2,1,1호선
383,K1431,141,141,1,2,1,1호선
384,K1185,160,160,1,2,1,1호선
385,K1187,160,160,1,2,1,1호선
386,K1189,160,160,1,2,1,1호선
387,K1191,160,160,1,2,1,1호선
388,K1193,160,160,1,2,1,1호선
389,K1195,160,160,1,2,1,1호선
390,K1197,160,160,1,2,1,1호선
391,K1199,160,160,1,2,1,1호선
392,K1267,152,152,1,2,1,1호선
393,K1433,141,141,1,2,1,1호선
394,K201,161,161,1,2,0,1호선
395,K1181,160,160,1,2,1,1호선
396,K697,1408,1408,1,2,0,1호선
397,K7035,1175,1175,1,2,0,1호선
398,K7037,1175,1175,1,2,0,1호선
399,K7039,1175,1175,1,2,0,1호선
400,K199,161,161,1,2,0,1호선
401,K1179,160,160,1,2,1,1호선
402,K197,161,161,1,2,0,1호선
403,K1177,160,160,1,2,1,1호선
404,K195,161,161,1,2,0,1호선
405,K193,161,161,1,2,0,1호선
406,K1175,160,160,1,2,1,1호선
407,K191,161,161,1,2,0,1호선
408,K189,161,161,1,2,0,1호선
409,K1173,160,160,1,2,1,1호선
410,K497,1187,1187,1,2,0,1호선
411,K695,1416,1416,1,2,0,1호선
412,K1951,1416,1416,1,2,1,1호선
413,K495,1187,1187,1,2,0,1호선
414,K693,1408,1408,1,2,0,1호선
415,K493,1187,1187,1,2,0,1호선
416,K691,1408,1408,1,2,0,1호선
417,K689,1416,1416,1,2,0,1호선
418,K1949,1408,1408,1,2,1,1호선
419,K687,1416,1416,1,2,0,1호선
420,K683,1416,1416,1,2,0,1호선
421,K158,100,100,2,1,0,1호선
422,K166,100,100,2,1,0,1호선
423,K816,100,100,2,1,0,1호선
424,K178,100,100,2,1,0,1호선
425,K182,100,100,2,1,0,1호선
426,K188,100,100,2,1,0,1호선
427,K194,100,100,2,1,0,1호선
428,K200,100,100,2,1,0,1호선
429,K988,101,101,2,1,0,1호선
430,K170,101,101,2,1,0,1호선
431,K172,107,107,2,1,0,1호선
432,K176,107,107,2,1,0,1호선
433,K186,107,107,2,1,0,1호선
434,K196,107,107,2,1,0,1호선
435,K204,107,107,2,1,0,1호선
436,K168,111,111,2,1,0,1호선
437,K174,111,111,2,1,0,1호선
438,K180,111,111,2,1,0,1호선
439,K184,111,111,2,1,0,1호선
440,K190,111,111,2,1,0,1호선
441,K206,111,111,2,1,0,1호선
442,K482,120,120,2,1,0,1호선
443,K690,120,120,2,1,0,1호선
444,K484,120,120,2,1,0,1호선
445,K692,120,120,2,1,0,1호선
446,K694,120,120,2,1,0,1호선
447,K488,120,120,2,1,0,1호선
448,K698,120,120,2,1,0,1호선
449,K494,120,120,2,1,0,1호선
450,K702,120,120,2,1,0,1호선
451,K496,120,120,2,1,0,1호선
452,K704,120,120,2,1,0,1호선
453,K498,120,120,2,1,0,1호선
454,K202,120,120,2,1,0,1호선
455,K706,120,120,2,1,0,1호선
456,K208,120,120,2,1,0,1호선
457,K210,120,120,2,1,0,1호선
458,K1946,125,125,2,1,1,1호선
459,K700,125,125,2,1,0,1호선
460,S490,199,199,2,1,0,1호선
461,S492,199,199,2,1,0,1호선
462,S192,199,199,2,1,0,1호선
463,S212,199,199,2,1,0,1호선
464,S502,133,133,2,1,0,1호선
465,K1132,135,135,2,1,1,1호선
466,K1136,135,135,2,1,1,1호선
467,K1138,135,135,2,1,1,1호선
468,K1140,135,135,2,1,1,1호선
469,K1142,135,135,2,1,1,1호선
470,K1144,135,135,2,1,1,1호선
471,K1146,135,135,2,1,1,1호선
472,K1148,135,135,2,1,1,1호선
473,K1150,135,135,2,1,1,1호선
474,K7034,139,139,2,1,0,1호선
475,K7036,139,139,2,1,0,1호선
476,K7038,139,139,2,1,0,1호선
477,K7040,139,139,2,1,0,1호선
478,K1134,141,141,2,1,1,1호선
479,K198,141,141,2,1,0,1호선
480,K500,141,141,2,1,0,1호선
481,K710,141,141,2,1,0,1호선
482,K214,141,141,2,1,0,1호선
483,K506,141,141,2,1,0,1호선
484,K216,141,141,2,1,0,1호선
485,K712,141,141,2,1,0,1호선
486,K714,141,141,2,1,0,1호선
487,K218,141,141,2,1,0,1호선
488,K508,141,141,2,1,0,1호선
489,K1152,148,148,2,1,1,1호선
490,K756,186,186,2,1,0,1호선
491,K758,186,186,2,1,0,1호선
492,K760,186,186,2,1,0,1호선
493,K720,1408,1408,2,1,0,1호선
494,K213,161,161,2,2,0,1호선
495,K221,161,161,2,2,0,1호선
496,K827,141,141,2,2,0,1호선
497,K959,120,120,2,2,0,1호선
498,K963,120,120,2,2,0,1호선
499,K967,120,120,2,2,0,1호선
500,K215,161,161,2,2,0,1호선
501,K823,141,141,2,2,0,1호선
502,K207,161,161,2,2,0,1호선
503,K205,161,161,2,2,0,1호선
504,K209,161,161,2,2,0,1호선
505,K217,161,161,2,2,0,1호선
506,K821,141,141,2,2,0,1호선
507,K829,141,141,2,2,0,1호선
508,K965,120,120,2,2,0,1호선
509,K211,161,161,2,2,0,1호선
510,K957,120,120,2,2,0,1호선
511,K219,161,161,2,2,0,1호선
512,K825,141,141,2,2,0,1호선
513,K961,120,120,2,2,0,1호선
514,K203,161,161,2,2,0,1호선
515,S201,161,161,2,2,0,1호선
516,K499,1187,1187,2,2,0,1호선
517,K501,1187,1187,2,2,0,1호선
518,K719,1408,1408,2,2,0,1호선
519,K505,1187,1187,2,2,0,1호선
520,K721,1408,1408,2,2,0,1호선
521,K507,186,186,2,2,0,1호선
522,K509,186,186,2,2,0,1호선
523,K511,1187,1187,2,2,0,1호선
524,K515,186,186,2,2,0,1호선
525,K199,161,161,2,2,0,1호선
526,K717,1416,1416,2,2,0,1호선
527,K503,186,186,2,2,0,1호선
528,K513,1187,1187,2,2,0,1호선
529,K495,186,186,2,2,0,1호선
530,K197,161,161,2,2,0,1호선
531,K715,1416,1416,2,2,0,1호선
532,K817,141,141,2,2,0,1호선
533,S493,1187,1187,2,2,0,1호선
534,K193,161,161,2,2,0,1호선
535,K1139,160,160,2,2,1,1호선
536,K1141,160,160,2,2,1,1호선
537,K1143,160,160,2,2,1,1호선
538,K1145,160,160,2,2,1,1호선
539,K1147,160,160,2,2,1,1호선
540,K1149,160,160,2,2,1,1호선
541,K1151,160,160,2,2,1,1호선
542,K1251,152,152,2,2,1,1호선
543,K1409,141,141,2,2,1,1호선
544,K1137,160,160,2,2,1,1호선
545,K713,1408,1408,2,2,0,1호선
546,K7035,1175,1175,2,2,0,1호선
547,K191,161,161,2,2,0,1호선
548,K7037,1175,1175,2,2,0,1호선
549,K7039,1175,1175,2,2,0,1호선
550,K491,1187,1187,2,2,0,1호선
551,K195,161,161,2,2,0,1호선
552,K189,161,161,2,2,0,1호선
553,K1135,160,160,2,2,1,1호선
554,K187,161,161,2,2,0,1호선
555,K185,161,161,2,2,0,1호선
556,K1133,160,160,2,2,1,1호선
557,K183,161,161,2,2,0,1호선
558,K181,161,161,2,2,0,1호선
559,K711,1416,1416,2,2,0,1호선
560,K489,1187,1187,2,2,0,1호선
561,K709,1416,1416,2,2,0,1호선
562,K707,1408,1408,2,2,0,1호선
563,K705,1416,1416,2,2,0,1호선
564,K703,1416,1416,2,2,0,1호선
565,K1949,1416,1416,2,2,1,1호선
566,K158,100,100,3,1,0,1호선
567,K166,100,100,3,1,0,1호선
568,K816,100,100,3,1,0,1호선
569,K178,100,100,3,1,0,1호선
570,K182,100,100,3,1,0,1호선
571,K188,100,100,3,1,0,1호선
572,K194,100,100,3,1,0,1호선
573,K200,100,100,3,1,0,1호선
574,K988,101,101,3,1,0,1호선
575,K170,101,101,3,1,0,1호선
576,K172,107,107,3,1,0,1호선
577,K176,107,107,3,1,0,1호선
578,K186,107,107,3,1,0,1호선
579,K196,107,107,3,1,0,1호선
580,K204,107,107,3,1,0,1호선
581,K168,111,111,3,1,0,1호선
582,K174,111,111,3,1,0,1호선
583,K180,111,111,3,1,0,1호선
584,K184,111,111,3,1,0,1호선
585,K190,111,111,3,1,0,1호선
586,K206,111,111,3,1,0,1호선
587,K482,120,120,3,1,0,1호선
588,K690,120,120,3,1,0,1호선
589,K484,120,120,3,1,0,1호선
590,K692,120,120,3,1,0,1호선
591,K694,120,120,3,1,0,1호선
592,K488,120,120,3,1,0,1호선
593,K698,120,120,3,1,0,1호선
594,K494,120,120,3,1,0,1호선
595,K702,120,120,3,1,0,1호선
596,K496,120,120,3,1,0,1호선
597,K704,120,120,3,1,0,1호선
598,K498,120,120,3,1,0,1호선
599,K202,120,120,3,1,0,1호선
600,K706,120,120,3,1,0,1호선
601,K208,120,120,3,1,0,1호선
602,K210,120,120,3,1,0,1호선
603,K1946,125,125,3,1,1,1호선
604,K700,125,125,3,1,0,1호선
605,S490,199,199,3,1,0,1호선
606,S492,199,199,3,1,0,1호선
607,S192,199,199,3,1,0,1호선
608,S212,199,199,3,1,0,1호선
609,S502,133,133,3,1,0,1호선
610,K1132,135,135,3,1,1,1호선
611,K1136,135,135,3,1,1,1호선
612,K1138,135,135,3,1,1,1호선
613,K1140,135,135,3,1,1,1호선
614,K1142,135,135,3,1,1,1호선
615,K1144,135,135,3,1,1,1호선
616,K1146,135,135,3,1,1,1호선
617,K1148,135,135,3,1,1,1호선
618,K1150,135,135,3,1,1,1호선
619,K7034,139,139,3,1,0,1호선
620,K7036,139,139,3,1,0,1호선
621,K7038,139,139,3,1,0,1호선
622,K7040,139,139,3,1,0,1호선
623,K1134,141,141,3,1,1,1호선
624,K198,141,141,3,1,0,1호선
625,K500,141,141,3,1,0,1호선
626,K710,141,141,3,1,0,1호선
627,K214,141,141,3,1,0,1호선
628,K506,141,141,3,1,0,1호선
629,K216,141,141,3,1,0,1호선
630,K712,141,141,3,1,0,1호선
631,K218,141,141,3,1,0,1호선
632,K714,141,141,3,1,0,1호선
633,K508,141,141,3,1,0,1호선
634,K1152,148,148,3,1,1,1호선
635,K756,186,186,3,1,0,1호선
636,K758,186,186,3,1,0,1호선
637,K760,186,186,3,1,0,1호선
638,K720,1408,1408,3,1,0,1호선
639,K213,161,161,3,2,0,1호선
640,K221,161,161,3,2,0,1호선
641,K827,141,141,3,2,0,1호선
642,K959,120,120,3,2,0,1호선
643,K963,120,120,3,2,0,1호선
644,K967,120,120,3,2,0,1호선
645,K215,161,161,3,2,0,1호선
646,K823,141,141,3,2,0,1호선
647,K207,161,161,3,2,0,1호선
648,K205,161,161,3,2,0,1호선
649,K209,161,161,3,2,0,1호선
650,K217,161,161,3,2,0,1호선
651,K821,141,141,3,2,0,1호선
652,K829,141,141,3,2,0,1호선
653,K965,120,120,3,2,0,1호선
654,K211,161,161,3,2,0,1호선
655,K957,120,120,3,2,0,1호선
656,K219,161,161,3,2,0,1호선
657,K825,141,141,3,2,0,1호선
658,K961,120,120,3,2,0,1호선
659,K203,161,161,3,2,0,1호선
660,S201,161,161,3,2,0,1호선
661,K499,1187,1187,3,2,0,1호선
662,K501,1187,1187,3,2,0,1호선
663,K719,1408,1408,3,2,0,1호선
664,K505,1187,1187,3,2,0,1호선
665,K721,1408,1408,3,2,0,1호선
666,K507,186,186,3,2,0,1호선
667,K509,186,186,3,2,0,1호선
668,K511,1187,1187,3,2,0,1호선
669,K515,186,186,3,2,0,1호선
670,K199,161,161,3,2,0,1호선
671,K717,1416,1416,3,2,0,1호선
672,K503,186,186,3,2,0,1호선
673,K513,1187,1187,3,2,0,1호선
674,K495,186,186,3,2,0,1호선
675,K197,161,161,3,2,0,1호선
676,K715,1416,1416,3,2,0,1호선
677,K817,141,141,3,2,0,1호선
678,S493,1187,1187,3,2,0,1호선
679,K193,161,161,3,2,0,1호선
680,K1139,160,160,3,2,1,1호선
681,K1141,160,160,3,2,1,1호선
682,K1143,160,160,3,2,1,1호선
683,K1145,160,160,3,2,1,1호선
684,K1147,160,160,3,2,1,1호선
685,K1149,160,160,3,2,1,1호선
686,K1151,160,160,3,2,1,1호선
687,K1251,152,152,3,2,1,1호선
688,K1409,141,141,3,2,1,1호선
689,K1137,160,160,3,2,1,1호선
690,K713,1408,1408,3,2,0,1호선
691,K7035,1175,1175,3,2,0,1호선
692,K191,161,161,3,2,0,1호선
693,K7037,1175,1175,3,2,0,1호선
694,K7039,1175,1175,3,2,0,1호선
695,K491,1187,1187,3,2,0,1호선
696,K195,161,161,3,2,0,1호선
697,K189,161,161,3,2,0,1호선
698,K1135,160,160,3,2,1,1호선
699,K187,161,161,3,2,0,1호선
700,K185,161,161,3,2,0,1호선
701,K1133,160,160,3,2,1,1호선
702,K183,161,161,3,2,0,1호선
703,K181,161,161,3,2,0,1호선
704,K711,1416,1416,3,2,0,1호선
705,K489,1187,1187,3,2,0,1호선
706,K709,1416,1416,3,2,0,1호선
707,K707,1408,1408,3,2,0,1호선
708,K705,1416,1416,3,2,0,1호선
709,K703,1416,1416,3,2,0,1호선
710,K1949,1416,1416,3,2,1,1호선
711,2428,211,211,1,1,0,2호선
712,2430,211,211,1,1,0,2호선
713,2432,211,211,1,1,0,2호선
714,2436,211,211,1,1,0,2호선
715,2438,211,211,1,1,0,2호선
716,2440,211,211,1,1,0,2호선
717,2442,211,211,1,1,0,2호선
718,2444,211,211,1,1,0,2호선
719,2448,211,211,1,1,0,2호선
720,2450,211,211,1,1,0,2호선
721,2452,211,211,1,1,0,2호선
722,2454,211,211,1,1,0,2호선
723,2456,211,211,1,1,0,2호선
724,2458,211,211,1,1,0,2호선
725,2460,211,211,1,1,0,2호선
726,2462,211,211,1,1,0,2호선
727,2464,211,211,1,1,0,2호선
728,2466,211,211,1,1,0,2호선
729,2468,211,211,1,1,0,2호선
730,2470,211,211,1,1,0,2호선
731,2472,211,211,1,1,0,2호선
732,2474,211,211,1,1,0,2호선
733,2476,211,211,1,1,0,2호선
734,2478,211,211,1,1,0,2호선
735,2480,211,211,1,1,0,2호선
736,2484,211,211,1,1,0,2호선
737,2488,211,211,1,1,0,2호선
738,2492,211,211,1,1,0,2호선
739,2494,211,211,1,1,0,2호선
740,2496,211,211,1,1,0,2호선
741,2498,211,211,1,1,0,2호선
742,2502,211,211,1,1,0,2호선
743,2506,211,211,1,1,0,2호선
744,2508,211,211,1,1,0,2호선
745,2512,211,202,1,1,0,2호선
746,2424,211,211,1,1,0,2호선
747,2422,211,211,1,1,0,2호선
748,2420,211,211,1,1,0,2호선
749,2418,211,211,1,1,0,2호선
750,2416,211,211,1,1,0,2호선
751,1686,253,211,1,1,0,2호선
752,1688,253,211,1,1,0,2호선
753,1690,253,211,1,1,0,2호선
754,1692,253,211,1,1,0,2호선
755,1694,253,211,1,1,0,2호선
756,1696,253,211,1,1,0,2호선
757,1698,253,211,1,1,0,2호선
758,2482,211,234,1,1,0,2호선
759,1700,253,211,1,1,0,2호선
760,2486,211,234,1,1,0,2호선
761,1702,253,211,1,1,0,2호선
762,2490,211,234,1,1,0,2호선
763,1704,253,211,1,1,0,2호선
764,1706,253,211,1,1,0,2호선
765,1708,253,211,1,1,0,2호선
766,2500,211,234,1,1,0,2호선
767,1710,253,211,1,1,0,2호선
768,2504,211,234,1,1,0,2호선
769,1712,253,211,1,1,0,2호선
770,1714,253,211,1,1,0,2호선
771,2510,211,234,1,1,0,2호선
772,1716,253,211,1,1,0,2호선
773,1718,253,211,1,1,0,2호선
774,2514,211,239,1,1,0,2호선
775,2516,211,234,1,1,0,2호선
776,1720,253,211,1,1,0,2호선
777,2518,211,228,1,1,0,2호선
778,1722,253,211,1,1,0,2호선
779,2520,211,219,1,1,0,2호선
780,1724,253,211,1,1,0,2호선
781,1726,253,211,1,1,0,2호선
782,2446,211,234,1,1,0,2호선
783,5684,234,264,1,1,0,2호선
784,5686,234,264,1,1,0,2호선
785,5688,234,264,1,1,0,2호선
786,5690,234,264,1,1,0,2호선
787,5692,234,264,1,1,0,2호선
788,5694,234,264,1,1,0,2호선
789,5696,234,264,1,1,0,2호선
790,5698,234,264,1,1,0,2호선
791,5700,234,264,1,1,0,2호선
792,5702,234,264,1,1,0,2호선
793,5704,234,264,1,1,0,2호선
794,5706,234,264,1,1,0,2호선
795,5708,234,264,1,1,0,2호선
796,5710,234,264,1,1,0,2호선
797,5712,234,264,1,1,0,2호선
798,5714,234,264,1,1,0,2호선
799,5716,234,264,1,1,0,2호선
800,5718,234,264,1,1,0,2호선
801,5720,234,264,1,1,0,2호선
802,5682,234,264,1,1,0,2호선
803,2461,211,211,1,2,0,2호선
804,2463,211,211,1,2,0,2호선
805,2465,211,211,1,2,0,2호선
806,2467,211,234,1,2,0,2호선
807,2469,211,211,1,2,0,2호선
808,2471,211,234,1,2,0,2호선
809,2473,211,211,1,2,0,2호선
810,2475,211,211,1,2,0,2호선
811,2477,211,211,1,2,0,2호선
812,2479,211,211,1,2,0,2호선
813,2481,211,211,1,2,0,2호선
814,2483,211,211,1,2,0,2호선
815,2485,211,211,1,2,0,2호선
816,2487,211,211,1,2,0,2호선
817,2489,211,211,1,2,0,2호선
818,2491,211,211,1,2,0,2호선
819,2493,211,234,1,2,0,2호선
820,2495,211,211,1,2,0,2호선
821,2497,211,211,1,2,0,2호선
822,2499,211,211,1,2,0,2호선
823,2501,211,211,1,2,0,2호선
824,2503,211,234,1,2,0,2호선
825,2505,211,211,1,2,0,2호선
826,2507,211,234,1,2,0,2호선
827,2509,211,211,1,2,0,2호선
828,2511,211,234,1,2,0,2호선
829,2513,211,211,1,2,0,2호선
830,2515,211,234,1,2,0,2호선
831,2517,211,219,1,2,0,2호선
832,2519,211,234,1,2,0,2호선
833,2521,211,228,1,2,0,2호선
834,2523,211,234,1,2,0,2호선
835,2525,211,239,1,2,0,2호선
836,2527,211,202,1,2,0,2호선
837,2433,211,211,1,2,0,2호선
838,2435,211,211,1,2,0,2호선
839,2437,211,211,1,2,0,2호선
840,1687,211,253,1,2,0,2호선
841,2441,211,211,1,2,0,2호선
842,1689,211,253,1,2,0,2호선
843,2443,211,211,1,2,0,2호선
844,2445,211,211,1,2,0,2호선
845,2447,211,211,1,2,0,2호선
846,1691,211,253,1,2,0,2호선
847,2449,211,211,1,2,0,2호선
848,1693,211,253,1,2,0,2호선
849,2451,211,211,1,2,0,2호선
850,1695,211,253,1,2,0,2호선
851,2453,211,211,1,2,0,2호선
852,2455,211,211,1,2,0,2호선
853,1697,211,253,1,2,0,2호선
854,2457,211,211,1,2,0,2호선
855,1699,211,253,1,2,0,2호선
856,1701,211,253,1,2,0,2호선
857,1703,211,253,1,2,0,2호선
858,1705,211,253,1,2,0,2호선
859,1707,211,253,1,2,0,2호선
860,1709,211,253,1,2,0,2호선
861,1711,211,253,1,2,0,2호선
862,1713,211,253,1,2,0,2호선
863,1715,211,253,1,2,0,2호선
864,1717,211,253,1,2,0,2호선
865,1719,211,253,1,2,0,2호선
866,1721,211,253,1,2,0,2호선
867,1723,211,253,1,2,0,2호선
868,1725,211,253,1,2,0,2호선
869,5681,264,234,1,2,0,2호선
870,5683,264,234,1,2,0,2호선
871,2459,211,234,1,2,0,2호선
872,5685,264,234,1,2,0,2호선
873,5687,264,234,1,2,0,2호선
874,5689,264,234,1,2,0,2호선
875,5691,264,234,1,2,0,2호선
876,5693,264,234,1,2,0,2호선
877,5695,264,234,1,2,0,2호선
878,5697,264,234,1,2,0,2호선
879,5699,264,234,1,2,0,2호선
880,5701,264,234,1,2,0,2호선
881,5703,264,234,1,2,0,2호선
882,5705,264,234,1,2,0,2호선
883,5707,264,234,1,2,0,2호선
884,5709,264,234,1,2,0,2호선
885,5711,264,234,1,2,0,2호선
886,5713,264,234,1,2,0,2호선
887,5715,264,234,1,2,0,2호선
888,5717,264,234,1,2,0,2호선
889,5719,264,234,1,2,0,2호선
890,1685,211,253,1,2,0,2호선
891,5907,264,261,1,2,0,2호선
892,2368,211,211,2,1,0,2호선
893,2370,211,211,2,1,0,2호선
894,2372,211,211,2,1,0,2호선
895,2374,211,211,2,1,0,2호선
896,2378,211,211,2,1,0,2호선
897,2380,211,211,2,1,0,2호선
898,2382,211,211,2,1,0,2호선
899,2384,211,211,2,1,0,2호선
900,2386,211,211,2,1,0,2호선
901,2390,211,211,2,1,0,2호선
902,2392,211,211,2,1,0,2호선
903,2394,211,211,2,1,0,2호선
904,2396,211,211,2,1,0,2호선
905,2400,211,211,2,1,0,2호선
906,2402,211,211,2,1,0,2호선
907,2404,211,211,2,1,0,2호선
908,2406,211,211,2,1,0,2호선
909,2410,211,211,2,1,0,2호선
910,2414,211,211,2,1,0,2호선
911,2416,211,211,2,1,0,2호선
912,2420,211,211,2,1,0,2호선
913,2422,211,211,2,1,0,2호선
914,2426,211,202,2,1,0,2호선
915,2366,211,211,2,1,0,2호선
916,2364,211,211,2,1,0,2호선
917,2362,211,211,2,1,0,2호선
918,1676,253,211,2,1,0,2호선
919,2398,211,234,2,1,0,2호선
920,1678,253,211,2,1,0,2호선
921,1680,253,211,2,1,0,2호선
922,1682,253,211,2,1,0,2호선
923,2408,211,234,2,1,0,2호선
924,1684,253,211,2,1,0,2호선
925,1686,253,211,2,1,0,2호선
926,2412,211,234,2,1,0,2호선
927,1688,253,211,2,1,0,2호선
928,1690,253,211,2,1,0,2호선
929,2418,211,234,2,1,0,2호선
930,1692,253,211,2,1,0,2호선
931,2424,211,234,2,1,0,2호선
932,1694,253,211,2,1,0,2호선
933,1696,253,211,2,1,0,2호선
934,2428,211,234,2,1,0,2호선
935,2430,211,239,2,1,0,2호선
936,1698,253,211,2,1,0,2호선
937,2432,211,234,2,1,0,2호선
938,1700,253,211,2,1,0,2호선
939,2434,211,228,2,1,0,2호선
940,1702,253,211,2,1,0,2호선
941,1704,253,211,2,1,0,2호선
942,2436,211,219,2,1,0,2호선
943,1706,253,211,2,1,0,2호선
944,1708,253,211,2,1,0,2호선
945,2388,211,234,2,1,0,2호선
946,5684,234,264,2,1,0,2호선
947,2376,211,234,2,1,0,2호선
948,5686,234,264,2,1,0,2호선
949,5688,234,264,2,1,0,2호선
950,5690,234,264,2,1,0,2호선
951,5692,234,264,2,1,0,2호선
952,5694,234,264,2,1,0,2호선
953,5696,234,264,2,1,0,2호선
954,5698,234,264,2,1,0,2호선
955,5700,234,264,2,1,0,2호선
956,5704,234,264,2,1,0,2호선
957,5706,234,264,2,1,0,2호선
958,5710,234,264,2,1,0,2호선
959,5712,234,264,2,1,0,2호선
960,5714,234,264,2,1,0,2호선
961,5682,234,264,2,1,0,2호선
962,2375,211,211,2,2,0,2호선
963,2377,211,211,2,2,0,2호선
964,2379,211,211,2,2,0,2호선
965,2381,211,211,2,2,0,2호선
966,2383,211,211,2,2,0,2호선
967,2385,211,211,2,2,0,2호선
968,2387,211,211,2,2,0,2호선
969,2389,211,211,2,2,0,2호선
970,2391,211,211,2,2,0,2호선
971,2393,211,211,2,2,0,2호선
972,2395,211,211,2,2,0,2호선
973,2397,211,234,2,2,0,2호선
974,2399,211,211,2,2,0,2호선
975,2401,211,211,2,2,0,2호선
976,2403,211,234,2,2,0,2호선
977,2405,211,211,2,2,0,2호선
978,2407,211,211,2,2,0,2호선
979,2409,211,211,2,2,0,2호선
980,2411,211,211,2,2,0,2호선
981,2413,211,234,2,2,0,2호선
982,2415,211,219,2,2,0,2호선
983,2417,211,234,2,2,0,2호선
984,2419,211,228,2,2,0,2호선
985,2421,211,234,2,2,0,2호선
986,2423,211,234,2,2,0,2호선
987,2425,211,239,2,2,0,2호선
988,2351,211,211,2,2,0,2호선
989,2353,211,211,2,2,0,2호선
990,1677,211,253,2,2,0,2호선
991,2355,211,211,2,2,0,2호선
992,2357,211,211,2,2,0,2호선
993,1679,211,253,2,2,0,2호선
994,2359,211,211,2,2,0,2호선
995,1681,211,253,2,2,0,2호선
996,2361,211,211,2,2,0,2호선
997,2363,211,211,2,2,0,2호선
998,1683,211,253,2,2,0,2호선
999,2365,211,211,2,2,0,2호선
1000,2367,211,211,2,2,0,2호선
1001,1685,211,253,2,2,0,2호선
1002,2369,211,211,2,2,0,2호선
1003,1687,211,253,2,2,0,2호선
1004,2371,211,211,2,2,0,2호선
1005,2373,211,211,2,2,0,2호선
1006,1689,211,253,2,2,0,2호선
1007,1691,211,253,2,2,0,2호선
1008,1693,211,253,2,2,0,2호선
1009,1695,211,253,2,2,0,2호선
1010,1697,211,253,2,2,0,2호선
1011,1699,211,253,2,2,0,2호선
1012,1701,211,253,2,2,0,2호선
1013,1703,211,253,2,2,0,2호선
1014,1705,211,253,2,2,0,2호선
1015,1707,211,253,2,2,0,2호선
1016,5681,264,234,2,2,0,2호선
1017,5683,264,234,2,2,0,2호선
1018,5685,264,234,2,2,0,2호선
1019,5687,264,234,2,2,0,2호선
1020,5689,264,234,2,2,0,2호선
1021,5691,264,234,2,2,0,2호선
1022,5693,264,234,2,2,0,2호선
1023,5695,264,234,2,2,0,2호선
1024,5697,264,234,2,2,0,2호선
1025,5699,264,234,2,2,0,2호선
1026,5701,264,234,2,2,0,2호선
1027,5705,264,234,2,2,0,2호선
1028,5707,264,234,2,2,0,2호선
1029,5711,264,234,2,2,0,2호선
1030,5713,264,234,2,2,0,2호선
1031,1675,211,253,2,2,0,2호선
1032,5907,264,261,2,2,0,2호선
1033,2368,211,211,3,1,0,2호선
1034,2370,211,211,3,1,0,2호선
1035,2372,211,211,3,1,0,2호선
1036,2374,211,211,3,1,0,2호선
1037,2378,211,211,3,1,0,2호선
1038,2380,211,211,3,1,0,2호선
1039,2382,211,211,3,1,0,2호선
1040,2384,211,211,3,1,0,2호선
1041,2386,211,211,3,1,0,2호선
1042,2390,211,211,3,1,0,2호선
1043,2392,211,211,3,1,0,2호선
1044,2394,211,211,3,1,0,2호선
1045,2396,211,211,3,1,0,2호선
1046,2400,211,211,3,1,0,2호선
1047,2402,211,211,3,1,0,2호선
1048,2404,211,211,3,1,0,2호선
1049,2406,211,211,3,1,0,2호선
1050,2410,211,211,3,1,0,2호선
1051,2414,211,211,3,1,0,2호선
1052,2416,211,211,3,1,0,2호선
1053,2420,211,211,3,1,0,2호선
1054,2422,211,211,3,1,0,2호선
1055,2426,211,202,3,1,0,2호선
1056,2366,211,211,3,1,0,2호선
1057,2364,211,211,3,1,0,2호선
1058,2362,211,211,3,1,0,2호선
1059,1676,253,211,3,1,0,2호선
1060,2398,211,234,3,1,0,2호선
1061,1678,253,211,3,1,0,2호선
1062,1680,253,211,3,1,0,2호선
1063,1682,253,211,3,1,0,2호선
1064,2408,211,234,3,1,0,2호선
1065,1684,253,211,3,1,0,2호선
1066,1686,253,211,3,1,0,2호선
1067,2412,211,234,3,1,0,2호선
1068,1688,253,211,3,1,0,2호선
1069,1690,253,211,3,1,0,2호선
1070,2418,211,234,3,1,0,2호선
1071,1692,253,211,3,1,0,2호선
1072,2424,211,234,3,1,0,2호선
1073,1694,253,211,3,1,0,2호선
1074,1696,253,211,3,1,0,2호선
1075,2428,211,234,3,1,0,2호선
1076,2430,211,239,3,1,0,2호선
1077,1698,253,211,3,1,0,2호선
1078,2432,211,234,3,1,0,2호선
1079,1700,253,211,3,1,0,2호선
1080,2434,211,228,3,1,0,2호선
1081,1702,253,211,3,1,0,2호선
1082,1704,253,211,3,1,0,2호선
1083,2436,211,219,3,1,0,2호선
1084,1706,253,211,3,1,0,2호선
1085,1708,253,211,3,1,0,2호선
1086,2388,211,234,3,1,0,2호선
1087,5684,234,264,3,1,0,2호선
1088,2376,211,234,3,1,0,2호선
1089,5686,234,264,3,1,0,2호선
1090,5688,234,264,3,1,0,2호선
1091,5690,234,264,3,1,0,2호선
1092,5692,234,264,3,1,0,2호선
1093,5694,234,264,3,1,0,2호선
1094,5696,234,264,3,1,0,2호선
1095,5698,234,264,3,1,0,2호선
1096,5700,234,264,3,1,0,2호선
1097,5704,234,264,3,1,0,2호선
1098,5706,234,264,3,1,0,2호선
1099,5710,234,264,3,1,0,2호선
1100,5712,234,264,3,1,0,2호선
1101,5714,234,264,3,1,0,2호선
1102,5682,234,264,3,1,0,2호선
1103,2375,211,211,3,2,0,2호선
1104,2377,211,211,3,2,0,2호선
1105,2379,211,211,3,2,0,2호선
1106,2381,211,211,3,2,0,2호선
1107,2383,211,211,3,2,0,2호선
1108,2385,211,211,3,2,0,2호선
1109,2387,211,211,3,2,0,2호선
1110,2389,211,211,3,2,0,2호선
1111,2391,211,211,3,2,0,2호선
1112,2393,211,211,3,2,0,2호선
1113,2395,211,211,3,2,0,2호선
1114,2397,211,234,3,2,0,2호선
1115,2399,211,211,3,2,0,2호선
1116,2401,211,211,3,2,0,2호선
1117,2403,211,234,3,2,0,2호선
1118,2405,211,211,3,2,0,2호선
1119,2407,211,211,3,2,0,2호선
1120,2409,211,211,3,2,0,2호선
1121,2411,211,211,3,2,0,2호선
1122,2413,211,234,3,2,0,2호선
1123,2415,211,219,3,2,0,2호선
1124,2417,211,234,3,2,0,2호선
1125,2419,211,228,3,2,0,2호선
1126,2421,211,234,3,2,0,2호선
1127,2423,211,234,3,2,0,2호선
1128,2425,211,239,3,2,0,2호선
1129,2351,211,211,3,2,0,2호선
1130,2353,211,211,3,2,0,2호선
1131,1677,211,253,3,2,0,2호선
1132,2355,211,211,3,2,0,2호선
1133,2357,211,211,3,2,0,2호선
1134,1679,211,253,3,2,0,2호선
1135,2359,211,211,3,2,0,2호선
1136,1681,211,253,3,2,0,2호선
1137,2361,211,211,3,2,0,2호선
1138,2363,211,211,3,2,0,2호선
1139,1683,211,253,3,2,0,2호선
1140,2365,211,211,3,2,0,2호선
1141,2367,211,211,3,2,0,2호선
1142,1685,211,253,3,2,0,2호선
1143,2369,211,211,3,2,0,2호선
1144,1687,211,253,3,2,0,2호선
1145,2371,211,211,3,2,0,2호선
1146,2373,211,211,3,2,0,2호선
1147,1689,211,253,3,2,0,2호선
1148,1691,211,253,3,2,0,2호선
1149,1693,211,253,3,2,0,2호선
1150,1695,211,253,3,2,0,2호선
1151,1697,211,253,3,2,0,2호선
1152,1699,211,253,3,2,0,2호선
1153,1701,211,253,3,2,0,2호선
1154,1703,211,253,3,2,0,2호선
1155,1705,211,253,3,2,0,2호선
1156,1707,211,253,3,2,0,2호선
1157,5681,264,234,3,2,0,2호선
1158,5683,264,234,3,2,0,2호선
1159,5685,264,234,3,2,0,2호선
1160,5687,264,234,3,2,0,2호선
1161,5689,264,234,3,2,0,2호선
1162,5691,264,234,3,2,0,2호선
1163,5693,264,234,3,2,0,2호선
1164,5695,264,234,3,2,0,2호선
1165,5697,264,234,3,2,0,2호선
1166,5699,264,234,3,2,0,2호선
1167,5701,264,234,3,2,0,2호선
1168,5705,264,234,3,2,0,2호선
1169,5707,264,234,3,2,0,2호선
1170,5711,264,234,3,2,0,2호선
1171,5713,264,234,3,2,0,2호선
1172,1675,211,253,3,2,0,2호선
1173,5907,264,261,3,2,0,2호선
1174,3352K,352,310,1,1,0,3호선
1175,3354K,352,310,1,1,0,3호선
1176,3358,352,310,1,1,0,3호선
1177,3362,352,310,1,1,0,3호선
1178,3366,352,310,1,1,0,3호선
1179,3370,352,310,1,1,0,3호선
1180,3374K,352,310,1,1,0,3호선
1181,3376K,352,310,1,1,0,3호선
1182,3378,352,310,1,1,0,3호선
1183,3382,352,310,1,1,0,3호선
1184,3384K,352,310,1,1,0,3호선
1185,3388,352,310,1,1,0,3호선
1186,3392,352,310,1,1,0,3호선
1187,3396K,352,310,1,1,0,3호선
1188,3398,352,310,1,1,0,3호선
1189,3402,352,310,1,1,0,3호선
1190,3406,352,310,1,1,0,3호선
1191,3410,352,310,1,1,0,3호선
1192,3414K,352,310,1,1,0,3호선
1193,3422K,352,310,1,1,0,3호선
1194,3364,352,320,1,1,0,3호선
1195,3368,352,320,1,1,0,3호선
1196,3372,352,320,1,1,0,3호선
1197,3380,352,320,1,1,0,3호선
1198,3386,352,320,1,1,0,3호선
1199,3390,352,320,1,1,0,3호선
1200,3394,352,320,1,1,0,3호선
1201,3400,352,320,1,1,0,3호선
1202,3408K,352,320,1,1,0,3호선
1203,3412,352,320,1,1,0,3호선
1204,3416,352,320,1,1,0,3호선
1205,3420K,352,320,1,1,0,3호선
1206,3424K,352,320,1,1,0,3호선
1207,3426K,352,320,1,1,0,3호선
1208,3428,352,320,1,1,0,3호선
1209,3430,352,320,1,1,0,3호선
1210,3432,352,326,1,1,0,3호선
1211,3434,352,336,1,1,0,3호선
1212,3375,310,352,1,2,0,3호선
1213,3379K,310,352,1,2,0,3호선
1214,3381K,310,352,1,2,0,3호선
1215,3383K,310,352,1,2,0,3호선
1216,3385K,310,352,1,2,0,3호선
1217,3389,310,352,1,2,0,3호선
1218,3391,310,349,1,2,0,3호선
1219,3393,310,352,1,2,0,3호선
1220,3397,310,352,1,2,0,3호선
1221,3399K,310,318,1,2,0,3호선
1222,3401K,310,352,1,2,0,3호선
1223,3403,310,352,1,2,0,3호선
1224,3405,310,318,1,2,0,3호선
1225,3409,310,352,1,2,0,3호선
1226,3411,310,349,1,2,0,3호선
1227,3415K,310,349,1,2,0,3호선
1228,3419,310,344,1,2,0,3호선
1229,3421,310,318,1,2,0,3호선
1230,3423,310,333,1,2,0,3호선
1231,3425,310,318,1,2,0,3호선
1232,3373K,310,352,1,2,0,3호선
1233,3371,310,349,1,2,0,3호선
1234,3367,310,352,1,2,0,3호선
1235,3365K,320,352,1,2,0,3호선
1236,3369,320,352,1,2,0,3호선
1237,3387,320,349,1,2,0,3호선
1238,3395,320,349,1,2,0,3호선
1239,3413,320,352,1,2,0,3호선
1240,3417,320,349,1,2,0,3호선
1241,3363,310,352,1,2,0,3호선
1242,3361,310,349,1,2,0,3호선
1243,3359,320,352,1,2,0,3호선
1244,3357,310,352,1,2,0,3호선
1245,3355,320,349,1,2,0,3호선
1246,3353,310,352,1,2,0,3호선
1247,3351K,310,352,1,2,0,3호선
1248,3349,320,352,1,2,0,3호선
1249,3347,310,352,1,2,0,3호선
1250,3345,310,352,1,2,0,3호선
1251,3343,320,352,1,2,0,3호선
1252,3306,352,310,2,1,0,3호선
1253,3310,352,310,2,1,0,3호선
1254,3312K,352,310,2,1,0,3호선
1255,3314,352,310,2,1,0,3호선
1256,3316,352,310,2,1,0,3호선
1257,3320K,352,310,2,1,0,3호선
1258,3322,352,310,2,1,0,3호선
1259,3326,352,310,2,1,0,3호선
1260,3328K,352,310,2,1,0,3호선
1261,3330,352,310,2,1,0,3호선
1262,3334,352,310,2,1,0,3호선
1263,3338,352,310,2,1,0,3호선
1264,3342K,352,310,2,1,0,3호선
1265,3344,352,310,2,1,0,3호선
1266,3348,352,310,2,1,0,3호선
1267,3352K,352,310,2,1,0,3호선
1268,3356K,352,310,2,1,0,3호선
1269,3324,352,320,2,1,0,3호선
1270,3332,352,320,2,1,0,3호선
1271,3336,352,320,2,1,0,3호선
1272,3340,352,320,2,1,0,3호선
1273,3346,352,320,2,1,0,3호선
1274,3350,352,320,2,1,0,3호선
1275,3354,352,320,2,1,0,3호선
1276,3358,352,320,2,1,0,3호선
1277,3360K,352,320,2,1,0,3호선
1278,3362,352,320,2,1,0,3호선
1279,3364,352,320,2,1,0,3호선
1280,3366,352,326,2,1,0,3호선
1281,3368,352,336,2,1,0,3호선
1282,5982K,352,349,2,1,0,3호선
1283,3327,310,352,2,2,0,3호선
1284,3331,310,349,2,2,0,3호선
1285,3333,310,352,2,2,0,3호선
1286,3709K,310,318,2,2,0,3호선
1287,3337,310,349,2,2,0,3호선
1288,3341,310,349,2,2,0,3호선
1289,3343K,310,352,2,2,0,3호선
1290,3345,310,318,2,2,0,3호선
1291,3349,310,352,2,2,0,3호선
1292,3351K,310,352,2,2,0,3호선
1293,3353,310,349,2,2,0,3호선
1294,3355,310,344,2,2,0,3호선
1295,3357,310,333,2,2,0,3호선
1296,3359,310,320,2,2,0,3호선
1297,3361,310,318,2,2,0,3호선
1298,3323K,310,352,2,2,0,3호선
1299,3321,310,352,2,2,0,3호선
1300,3319,310,349,2,2,0,3호선
1301,3317K,310,352,2,2,0,3호선
1302,3329,320,352,2,2,0,3호선
1303,3335,320,352,2,2,0,3호선
1304,3339,320,352,2,2,0,3호선
1305,3347,320,349,2,2,0,3호선
1306,3315,310,352,2,2,0,3호선
1307,3313K,320,352,2,2,0,3호선
1308,3311,310,352,2,2,0,3호선
1309,3309,320,349,2,2,0,3호선
1310,3307,310,352,2,2,0,3호선
1311,3305,320,352,2,2,0,3호선
1312,3303,310,352,2,2,0,3호선
1313,3301K,310,352,2,2,0,3호선
1314,3299,310,352,2,2,0,3호선
1315,3297,320,352,2,2,0,3호선
1316,3306,352,310,3,1,0,3호선
1317,3310,352,310,3,1,0,3호선
1318,3312K,352,310,3,1,0,3호선
1319,3314,352,310,3,1,0,3호선
1320,3316,352,310,3,1,0,3호선
1321,3320K,352,310,3,1,0,3호선
1322,3322,352,310,3,1,0,3호선
1323,3326,352,310,3,1,0,3호선
1324,3328K,352,310,3,1,0,3호선
1325,3330,352,310,3,1,0,3호선
1326,3334,352,310,3,1,0,3호선
1327,3338,352,310,3,1,0,3호선
1328,3342K,352,310,3,1,0,3호선
1329,3344,352,310,3,1,0,3호선
1330,3348,352,310,3,1,0,3호선
1331,3352K,352,310,3,1,0,3호선
1332,3356K,352,310,3,1,0,3호선
1333,3324,352,320,3,1,0,3호선
1334,3332,352,320,3,1,0,3호선
1335,3336,352,320,3,1,0,3호선
1336,3340,352,320,3,1,0,3호선
1337,3346,352,320,3,1,0,3호선
1338,3350,352,320,3,1,0,3호선
1339,3354,352,320,3,1,0,3호선
1340,3358,352,320,3,1,0,3호선
1341,3360K,352,320,3,1,0,3호선
1342,3362,352,320,3,1,0,3호선
1343,3364,352,320,3,1,0,3호선
1344,3366,352,326,3,1,0,3호선
1345,3368,352,336,3,1,0,3호선
1346,5982K,352,349,3,1,0,3호선
1347,3327,310,352,3,2,0,3호선
1348,3331,310,349,3,2,0,3호선
1349,3333,310,352,3,2,0,3호선
1350,3709K,310,318,3,2,0,3호선
1351,3337,310,349,3,2,0,3호선
1352,3341,310,349,3,2,0,3호선
1353,3343K,310,352,3,2,0,3호선
1354,3345,310,318,3,2,0,3호선
1355,3349,310,352,3,2,0,3호선
1356,3351K,310,352,3,2,0,3호선
1357,3353,310,349,3,2,0,3호선
1358,3355,310,344,3,2,0,3호선
1359,3357,310,333,3,2,0,3호선
1360,3359,310,320,3,2,0,3호선
1361,3361,310,318,3,2,0,3호선
1362,3323K,310,352,3,2,0,3호선
1363,3321,310,352,3,2,0,3호선
1364,3319,310,349,3,2,0,3호선
1365,3317K,310,352,3,2,0,3호선
1366,3329,320,352,3,2,0,3호선
1367,3335,320,352,3,2,0,3호선
1368,3339,320,352,3,2,0,3호선
1369,3347,320,349,3,2,0,3호선
1370,3315,310,352,3,2,0,3호선
1371,3313K,320,352,3,2,0,3호선
1372,3311,310,352,3,2,0,3호선
1373,3309,320,349,3,2,0,3호선
1374,3307,310,352,3,2,0,3호선
1375,3305,320,352,3,2,0,3호선
1376,3303,310,352,3,2,0,3호선
1377,3301K,310,352,3,2,0,3호선
1378,3299,310,352,3,2,0,3호선
1379,3297,320,352,3,2,0,3호선
1380,S4190,433,405,1,1,0,4호선
1381,S4194,433,405,1,1,0,4호선
1382,S4198,433,405,1,1,0,4호선
1383,S4202,433,405,1,1,0,4호선
1384,S4206,433,405,1,1,0,4호선
1385,S4210,433,405,1,1,0,4호선
1386,S4214,433,405,1,1,0,4호선
1387,S4218,433,405,1,1,0,4호선
1388,S4222,433,405,1,1,0,4호선
1389,S4224,433,405,1,1,0,4호선
1390,S4226,433,405,1,1,0,4호선
1391,S4228,433,405,1,1,0,4호선
1392,S4230,433,405,1,1,0,4호선
1393,K4676,456,409,1,1,0,4호선
1394,S4192,433,409,1,1,0,4호선
1395,K4678,456,409,1,1,0,4호선
1396,K4680,456,409,1,1,0,4호선
1397,S4196,433,409,1,1,0,4호선
1398,S4682,456,409,1,1,0,4호선
1399,K4330,453,409,1,1,0,4호선
1400,S4200,433,409,1,1,0,4호선
1401,S4684,456,409,1,1,0,4호선
1402,K4686,456,409,1,1,0,4호선
1403,S4204,433,409,1,1,0,4호선
1404,K4688,456,409,1,1,0,4호선
1405,K4332,453,409,1,1,0,4호선
1406,S4690,456,409,1,1,0,4호선
1407,S4208,433,409,1,1,0,4호선
1408,K4334,453,409,1,1,0,4호선
1409,S4692,456,409,1,1,0,4호선
1410,S4212,433,409,1,1,0,4호선
1411,K4694,456,409,1,1,0,4호선
1412,S4216,433,409,1,1,0,4호선
1413,S4696,456,409,1,1,0,4호선
1414,K4698,456,409,1,1,0,4호선
1415,S4700,456,409,1,1,0,4호선
1416,S4220,433,409,1,1,0,4호선
1417,S4702,456,409,1,1,0,4호선
1418,S4704,456,409,1,1,0,4호선
1419,K4706,456,409,1,1,0,4호선
1420,S4708,456,409,1,1,0,4호선
1421,S4710,456,409,1,1,0,4호선
1422,K4712,456,409,1,1,0,4호선
1423,S4714,456,409,1,1,0,4호선
1424,S4232,433,409,1,1,0,4호선
1425,S4718,456,419,1,1,0,4호선
1426,K4716,456,443,1,1,0,4호선
1427,K4720,456,443,1,1,0,4호선
1428,S4197,405,433,1,2,0,4호선
1429,S4199,405,433,1,2,0,4호선
1430,S4201,405,433,1,2,0,4호선
1431,S4205,405,433,1,2,0,4호선
1432,S4207,405,433,1,2,0,4호선
1433,S4209,405,433,1,2,0,4호선
1434,S4211,405,433,1,2,0,4호선
1435,S4215,405,433,1,2,0,4호선
1436,S4217,405,433,1,2,0,4호선
1437,S4219,405,434,1,2,0,4호선
1438,S4221,405,426,1,2,0,4호선
1439,S4223,405,409,1,2,0,4호선
1440,S4195,405,433,1,2,0,4호선
1441,K4705,409,456,1,2,0,4호선
1442,K4335,409,453,1,2,0,4호선
1443,K4707,409,456,1,2,0,4호선
1444,K4709,409,456,1,2,0,4호선
1445,S4337,409,453,1,2,0,4호선
1446,K4711,409,456,1,2,0,4호선
1447,K4713,409,456,1,2,0,4호선
1448,K4715,409,456,1,2,0,4호선
1449,K4339,409,453,1,2,0,4호선
1450,K4717,409,456,1,2,0,4호선
1451,K4341,409,453,1,2,0,4호선
1452,S4213,409,433,1,2,0,4호선
1453,K4343,409,443,1,2,0,4호선
1454,S4703,412,456,1,2,0,4호선
1455,S4193,405,433,1,2,0,4호선
1456,K4331,409,453,1,2,0,4호선
1457,S4701,409,456,1,2,0,4호선
1458,S4191,405,433,1,2,0,4호선
1459,S4699,409,456,1,2,0,4호선
1460,S4189,409,433,1,2,0,4호선
1461,K4697,409,456,1,2,0,4호선
1462,S4187,405,433,1,2,0,4호선
1463,K4495,409,456,1,2,1,4호선
1464,S4185,409,433,1,2,0,4호선
1465,K4327,409,453,1,2,0,4호선
1466,S4183,405,433,1,2,0,4호선
1467,S4695,409,456,1,2,0,4호선
1468,S4693,409,456,1,2,0,4호선
1469,K4691,409,456,1,2,0,4호선
1470,K4689,409,456,1,2,0,4호선
1471,K4487,409,456,1,2,1,4호선
1472,S4685,409,456,1,2,0,4호선
1473,S4683,409,456,1,2,0,4호선
1474,K4681,409,456,1,2,0,4호선
1475,S4164,433,405,2,1,0,4호선
1476,S4168,433,405,2,1,0,4호선
1477,S4170,433,405,2,1,0,4호선
1478,S4172,433,405,2,1,0,4호선
1479,S4176,433,405,2,1,0,4호선
1480,S4180,433,405,2,1,0,4호선
1481,S4184,433,405,2,1,0,4호선
1482,S4188,433,405,2,1,0,4호선
1483,S4190,433,405,2,1,0,4호선
1484,K4652,456,409,2,1,0,4호선
1485,S4166,433,409,2,1,0,4호선
1486,K4654,456,409,2,1,0,4호선
1487,K4656,456,409,2,1,0,4호선
1488,K4658,456,409,2,1,0,4호선
1489,K4660,456,409,2,1,0,4호선
1490,K4662,456,409,2,1,0,4호선
1491,S4174,433,409,2,1,0,4호선
1492,K4664,456,409,2,1,0,4호선
1493,K4666,456,409,2,1,0,4호선
1494,S4178,433,409,2,1,0,4호선
1495,K4668,456,409,2,1,0,4호선
1496,S4670,456,409,2,1,0,4호선
1497,S4182,433,409,2,1,0,4호선
1498,K4672,456,409,2,1,0,4호선
1499,K4674,456,409,2,1,0,4호선
1500,S4186,433,409,2,1,0,4호선
1501,S4676,456,409,2,1,0,4호선
1502,S4678,456,409,2,1,0,4호선
1503,S4680,456,409,2,1,0,4호선
1504,S4192,433,409,2,1,0,4호선
1505,S4682,456,411,2,1,0,4호선
1506,S4684,456,419,2,1,0,4호선
1507,S4688,456,433,2,1,0,4호선
1508,K4686,456,443,2,1,0,4호선
1509,K4690,456,443,2,1,0,4호선
1510,S4163,405,433,2,2,0,4호선
1511,S4167,405,433,2,2,0,4호선
1512,S4169,405,433,2,2,0,4호선
1513,S4173,405,433,2,2,0,4호선
1514,S4157,405,409,2,2,0,4호선
1515,S4177,405,434,2,2,0,4호선
1516,S4179,405,426,2,2,0,4호선
1517,S4171,405,409,2,2,0,4호선
1518,K4677,409,456,2,2,0,4호선
1519,S4161,409,433,2,2,0,4호선
1520,K4679,409,456,2,2,0,4호선
1521,K4681,409,456,2,2,0,4호선
1522,S4165,409,433,2,2,0,4호선
1523,K4683,409,456,2,2,0,4호선
1524,K4327,409,453,2,2,0,4호선
1525,K4685,409,456,2,2,0,4호선
1526,K4687,409,456,2,2,0,4호선
1527,K4329,409,453,2,2,0,4호선
1528,S4175,409,433,2,2,0,4호선
1529,K4331,409,453,2,2,0,4호선
1530,K4333,409,444,2,2,0,4호선
1531,S4159,405,433,2,2,0,4호선
1532,S4675,409,456,2,2,0,4호선
1533,S4155,409,433,2,2,0,4호선
1534,K4673,409,456,2,2,0,4호선
1535,S4153,405,433,2,2,0,4호선
1536,K4671,409,456,2,2,0,4호선
1537,S4151,405,433,2,2,0,4호선
1538,S4669,409,456,2,2,0,4호선
1539,S4667,409,456,2,2,0,4호선
1540,S4665,409,456,2,2,0,4호선
1541,S4663,409,456,2,2,0,4호선
1542,S4661,409,456,2,2,0,4호선
1543,K4325,409,453,2,2,0,4호선
1544,S4659,409,456,2,2,0,4호선
1545,K4657,409,456,2,2,0,4호선
1546,S4655,409,456,2,2,0,4호선
1547,S4164,433,405,3,1,0,4호선
1548,S4168,433,405,3,1,0,4호선
1549,S4170,433,405,3,1,0,4호선
1550,S4172,433,405,3,1,0,4호선
1551,S4176,433,405,3,1,0,4호선
1552,S4180,433,405,3,1,0,4호선
1553,S4184,433,405,3,1,0,4호선
1554,S4188,433,405,3,1,0,4호선
1555,S4190,433,405,3,1,0,4호선
1556,K4652,456,409,3,1,0,4호선
1557,S4166,433,409,3,1,0,4호선
1558,K4654,456,409,3,1,0,4호선
1559,K4656,456,409,3,1,0,4호선
1560,K4658,456,409,3,1,0,4호선
1561,K4660,456,409,3,1,0,4호선
1562,K4662,456,409,3,1,0,4호선
1563,S4174,433,409,3,1,0,4호선
1564,K4664,456,409,3,1,0,4호선
1565,K4666,456,409,3,1,0,4호선
1566,S4178,433,409,3,1,0,4호선
1567,K4668,456,409,3,1,0,4호선
1568,S4670,456,409,3,1,0,4호선
1569,S4182,433,409,3,1,0,4호선
1570,K4672,456,409,3,1,0,4호선
1571,K4674,456,409,3,1,0,4호선
1572,S4186,433,409,3,1,0,4호선
1573,S4676,456,409,3,1,0,4호선
1574,S4678,456,409,3,1,0,4호선
1575,S4680,456,409,3,1,0,4호선
1576,S4192,433,409,3,1,0,4호선
1577,S4682,456,411,3,1,0,4호선
1578,S4684,456,419,3,1,0,4호선
1579,S4688,456,433,3,1,0,4호선
1580,K4686,456,443,3,1,0,4호선
1581,K4690,456,443,3,1,0,4호선
1582,S4163,405,433,3,2,0,4호선
1583,S4167,405,433,3,2,0,4호선
1584,S4169,405,433,3,2,0,4호선
1585,S4173,405,433,3,2,0,4호선
1586,S4157,405,409,3,2,0,4호선
1587,S4177,405,434,3,2,0,4호선
1588,S4179,405,426,3,2,0,4호선
1589,S4171,405,409,3,2,0,4호선
1590,K4677,409,456,3,2,0,4호선
1591,S4161,409,433,3,2,0,4호선
1592,K4679,409,456,3,2,0,4호선
1593,K4681,409,456,3,2,0,4호선
1594,S4165,409,433,3,2,0,4호선
1595,K4683,409,456,3,2,0,4호선
1596,K4327,409,453,3,2,0,4호선
1597,K4685,409,456,3,2,0,4호선
1598,K4687,409,456,3,2,0,4호선
1599,K4329,409,453,3,2,0,4호선
1600,S4175,409,433,3,2,0,4호선
1601,K4331,409,453,3,2,0,4호선
1602,K4333,409,444,3,2,0,4호선
1603,S4159,405,433,3,2,0,4호선
1604,S4675,409,456,3,2,0,4호선
1605,S4155,409,433,3,2,0,4호선
1606,K4673,409,456,3,2,0,4호선
1607,S4153,405,433,3,2,0,4호선
1608,K4671,409,456,3,2,0,4호선
1609,S4151,405,433,3,2,0,4호선
1610,S4669,409,456,3,2,0,4호선
1611,S4667,409,456,3,2,0,4호선
1612,S4665,409,456,3,2,0,4호선
1613,S4663,409,456,3,2,0,4호선
1614,S4661,409,456,3,2,0,4호선
1615,K4325,409,453,3,2,0,4호선
1616,S4659,409,456,3,2,0,4호선
1617,K4657,409,456,3,2,0,4호선
1618,S4655,409,456,3,2,0,4호선
1619,5660,575,510,1,1,0,5호선
1620,5184,558,510,1,1,0,5호선
1621,5662,575,510,1,1,0,5호선
1622,5186,558,510,1,1,0,5호선
1623,5664,575,510,1,1,0,5호선
1624,5188,558,510,1,1,0,5호선
1625,5666,575,510,1,1,0,5호선
1626,5190,558,510,1,1,0,5호선
1627,5668,575,510,1,1,0,5호선
1628,5192,558,510,1,1,0,5호선
1629,5670,575,510,1,1,0,5호선
1630,5194,558,510,1,1,0,5호선
1631,5672,575,510,1,1,0,5호선
1632,5196,558,510,1,1,0,5호선
1633,5674,575,510,1,1,0,5호선
1634,5198,558,510,1,1,0,5호선
1635,5676,575,510,1,1,0,5호선
1636,5200,558,510,1,1,0,5호선
1637,5678,575,510,1,1,0,5호선
1638,5202,558,510,1,1,0,5호선
1639,5680,575,510,1,1,0,5호선
1640,5204,558,510,1,1,0,5호선
1641,5682,575,510,1,1,0,5호선
1642,5206,558,510,1,1,0,5호선
1643,5684,575,510,1,1,0,5호선
1644,5208,558,510,1,1,0,5호선
1645,5686,575,510,1,1,0,5호선
1646,5210,558,510,1,1,0,5호선
1647,5688,575,510,1,1,0,5호선
1648,5212,558,510,1,1,0,5호선
1649,5690,575,510,1,1,0,5호선
1650,5214,558,510,1,1,0,5호선
1651,5694,575,526,1,1,0,5호선
1652,5218,558,530,1,1,0,5호선
1653,5692,575,540,1,1,0,5호선
1654,5696,575,540,1,1,0,5호선
1655,5216,558,548,1,1,0,5호선
1656,5220,558,548,1,1,0,5호선
1657,5709,510,575,1,2,0,5호선
1658,5185,510,558,1,2,0,5호선
1659,5711,510,575,1,2,0,5호선
1660,5187,510,558,1,2,0,5호선
1661,5713,510,575,1,2,0,5호선
1662,5189,510,558,1,2,0,5호선
1663,5715,510,575,1,2,0,5호선
1664,5191,510,558,1,2,0,5호선
1665,5717,510,575,1,2,0,5호선
1666,5193,510,558,1,2,0,5호선
1667,5719,510,575,1,2,0,5호선
1668,5195,510,558,1,2,0,5호선
1669,5721,510,575,1,2,0,5호선
1670,5197,510,558,1,2,0,5호선
1671,5723,510,575,1,2,0,5호선
1672,5199,510,558,1,2,0,5호선
1673,5725,510,575,1,2,0,5호선
1674,5201,510,558,1,2,0,5호선
1675,5727,510,575,1,2,0,5호선
1676,5203,510,544,1,2,0,5호선
1677,5205,510,553,1,2,0,5호선
1678,5207,510,544,1,2,0,5호선
1679,5209,510,530,1,2,0,5호선
1680,5211,510,517,1,2,0,5호선
1681,5183,510,558,1,2,0,5호선
1682,5707,510,575,1,2,0,5호선
1683,5181,510,558,1,2,0,5호선
1684,5705,510,575,1,2,0,5호선
1685,5179,510,558,1,2,0,5호선
1686,5703,510,575,1,2,0,5호선
1687,5177,510,558,1,2,0,5호선
1688,5701,510,575,1,2,0,5호선
1689,5175,510,558,1,2,0,5호선
1690,5699,510,575,1,2,0,5호선
1691,5173,510,558,1,2,0,5호선
1692,5171,510,558,1,2,0,5호선
1693,5169,510,558,1,2,0,5호선
1694,5697,510,575,1,2,0,5호선
1695,5630,575,510,2,1,0,5호선
1696,5142,558,510,2,1,0,5호선
1697,5632,575,510,2,1,0,5호선
1698,5144,558,510,2,1,0,5호선
1699,5634,575,510,2,1,0,5호선
1700,5146,558,510,2,1,0,5호선
1701,5636,575,510,2,1,0,5호선
1702,5148,558,510,2,1,0,5호선
1703,5638,575,510,2,1,0,5호선
1704,5150,558,510,2,1,0,5호선
1705,5640,575,510,2,1,0,5호선
1706,5152,558,510,2,1,0,5호선
1707,5642,575,510,2,1,0,5호선
1708,5154,558,510,2,1,0,5호선
1709,5644,575,510,2,1,0,5호선
1710,5156,558,510,2,1,0,5호선
1711,5646,575,510,2,1,0,5호선
1712,5158,558,510,2,1,0,5호선
1713,5648,575,510,2,1,0,5호선
1714,5160,558,510,2,1,0,5호선
1715,5650,575,510,2,1,0,5호선
1716,5162,558,510,2,1,0,5호선
1717,5652,575,510,2,1,0,5호선
1718,5164,558,510,2,1,0,5호선
1719,5654,575,510,2,1,0,5호선
1720,5166,558,510,2,1,0,5호선
1721,5656,575,510,2,1,0,5호선
1722,5168,558,510,2,1,0,5호선
1723,5658,575,517,2,1,0,5호선
1724,5170,558,526,2,1,0,5호선
1725,5660,575,530,2,1,0,5호선
1726,5172,558,540,2,1,0,5호선
1727,5662,575,544,2,1,0,5호선
1728,5174,558,548,2,1,0,5호선
1729,5155,510,558,2,2,0,5호선
1730,5659,510,575,2,2,0,5호선
1731,5157,510,558,2,2,0,5호선
1732,5661,510,575,2,2,0,5호선
1733,5159,510,558,2,2,0,5호선
1734,5663,510,575,2,2,0,5호선
1735,5161,510,558,2,2,0,5호선
1736,5665,510,575,2,2,0,5호선
1737,5163,510,558,2,2,0,5호선
1738,5667,510,575,2,2,0,5호선
1739,5165,510,553,2,2,0,5호선
1740,5669,510,575,2,2,0,5호선
1741,5167,510,558,2,2,0,5호선
1742,5671,510,575,2,2,0,5호선
1743,5169,510,553,2,2,0,5호선
1744,5171,510,553,2,2,0,5호선
1745,5173,510,544,2,2,0,5호선
1746,5175,510,540,2,2,0,5호선
1747,5177,510,530,2,2,0,5호선
1748,5179,510,517,2,2,0,5호선
1749,5657,510,575,2,2,0,5호선
1750,5153,510,558,2,2,0,5호선
1751,5655,510,575,2,2,0,5호선
1752,5151,510,558,2,2,0,5호선
1753,5653,510,575,2,2,0,5호선
1754,5149,510,558,2,2,0,5호선
1755,5651,510,575,2,2,0,5호선
1756,5147,510,558,2,2,0,5호선
1757,5649,510,575,2,2,0,5호선
1758,5145,510,558,2,2,0,5호선
1759,5647,510,575,2,2,0,5호선
1760,5143,510,558,2,2,0,5호선
1761,5141,510,558,2,2,0,5호선
1762,5645,510,575,2,2,0,5호선
1763,5630,575,510,3,1,0,5호선
1764,5142,558,510,3,1,0,5호선
1765,5632,575,510,3,1,0,5호선
1766,5144,558,510,3,1,0,5호선
1767,5634,575,510,3,1,0,5호선
1768,5146,558,510,3,1,0,5호선
1769,5636,575,510,3,1,0,5호선
1770,5148,558,510,3,1,0,5호선
1771,5638,575,510,3,1,0,5호선
1772,5150,558,510,3,1,0,5호선
1773,5640,575,510,3,1,0,5호선
1774,5152,558,510,3,1,0,5호선
1775,5642,575,510,3,1,0,5호선
1776,5154,558,510,3,1,0,5호선
1777,5644,575,510,3,1,0,5호선
1778,5156,558,510,3,1,0,5호선
1779,5646,575,510,3,1,0,5호선
1780,5158,558,510,3,1,0,5호선
1781,5648,575,510,3,1,0,5호선
1782,5160,558,510,3,1,0,5호선
1783,5650,575,510,3,1,0,5호선
1784,5162,558,510,3,1,0,5호선
1785,5652,575,510,3,1,0,5호선
1786,5164,558,510,3,1,0,5호선
1787,5654,575,510,3,1,0,5호선
1788,5166,558,510,3,1,0,5호선
1789,5656,575,510,3,1,0,5호선
1790,5168,558,510,3,1,0,5호선
1791,5658,575,517,3,1,0,5호선
1792,5170,558,526,3,1,0,5호선
1793,5660,575,530,3,1,0,5호선
1794,5172,558,540,3,1,0,5호선
1795,5662,575,544,3,1,0,5호선
1796,5174,558,548,3,1,0,5호선
1797,5155,510,558,3,2,0,5호선
1798,5659,510,575,3,2,0,5호선
1799,5157,510,558,3,2,0,5호선
1800,5661,510,575,3,2,0,5호선
1801,5159,510,558,3,2,0,5호선
1802,5663,510,575,3,2,0,5호선
1803,5161,510,558,3,2,0,5호선
1804,5665,510,575,3,2,0,5호선
1805,5163,510,558,3,2,0,5호선
1806,5667,510,575,3,2,0,5호선
1807,5165,510,553,3,2,0,5호선
1808,5669,510,575,3,2,0,5호선
1809,5167,510,558,3,2,0,5호선
1810,5671,510,575,3,2,0,5호선
1811,5169,510,553,3,2,0,5호선
1812,5171,510,553,3,2,0,5호선
1813,5173,510,544,3,2,0,5호선
1814,5175,510,540,3,2,0,5호선
1815,5177,510,530,3,2,0,5호선
1816,5179,510,517,3,2,0,5호선
1817,5657,510,575,3,2,0,5호선
1818,5153,510,558,3,2,0,5호선
1819,5655,510,575,3,2,0,5호선
1820,5151,510,558,3,2,0,5호선
1821,5653,510,575,3,2,0,5호선
1822,5149,510,558,3,2,0,5호선
1823,5651,510,575,3,2,0,5호선
1824,5147,510,558,3,2,0,5호선
1825,5649,510,575,3,2,0,5호선
1826,5145,510,558,3,2,0,5호선
1827,5647,510,575,3,2,0,5호선
1828,5143,510,558,3,2,0,5호선
1829,5141,510,558,3,2,0,5호선
1830,5645,510,575,3,2,0,5호선
1831,6282,648,610,1,1,0,6호선
1832,6284,647,610,1,1,0,6호선
1833,6286,648,610,1,1,0,6호선
1834,6288,647,610,1,1,0,6호선
1835,6290,647,610,1,1,0,6호선
1836,6292,648,610,1,1,0,6호선
1837,6294,647,610,1,1,0,6호선
1838,6296,648,610,1,1,0,6호선
1839,6298,647,610,1,1,0,6호선
1840,6300,648,610,1,1,0,6호선
1841,6302,647,610,1,1,0,6호선
1842,6304,647,610,1,1,0,6호선
1843,6306,648,610,1,1,0,6호선
1844,6308,647,610,1,1,0,6호선
1845,6310,648,610,1,1,0,6호선
1846,6312,647,610,1,1,0,6호선
1847,6314,647,610,1,1,0,6호선
1848,6316,648,610,1,1,0,6호선
1849,6318,647,610,1,1,0,6호선
1850,6320,648,610,1,1,0,6호선
1851,6322,647,610,1,1,0,6호선
1852,6324,648,610,1,1,0,6호선
1853,6326,647,610,1,1,0,6호선
1854,6328,648,610,1,1,0,6호선
1855,6330,648,610,1,1,0,6호선
1856,6332,648,616,1,1,0,6호선
1857,6334,648,626,1,1,0,6호선
1858,6336,647,631,1,1,0,6호선
1859,6338,648,639,1,1,0,6호선
1860,6289,610,648,1,2,0,6호선
1861,6293,610,647,1,2,0,6호선
1862,6291,610,647,1,2,0,6호선
1863,6295,610,647,1,2,0,6호선
1864,6297,610,648,1,2,0,6호선
1865,6299,610,647,1,2,0,6호선
1866,6301,610,648,1,2,0,6호선
1867,6303,610,647,1,2,0,6호선
1868,6305,610,648,1,2,0,6호선
1869,6307,610,647,1,2,0,6호선
1870,6309,610,648,1,2,0,6호선
1871,6311,610,647,1,2,0,6호선
1872,6313,610,648,1,2,0,6호선
1873,6315,610,647,1,2,0,6호선
1874,6317,610,648,1,2,0,6호선
1875,6319,610,647,1,2,0,6호선
1876,6321,610,647,1,2,0,6호선
1877,6323,610,648,1,2,0,6호선
1878,6325,610,647,1,2,0,6호선
1879,6327,610,648,1,2,0,6호선
1880,6329,610,647,1,2,0,6호선
1881,6331,610,647,1,2,0,6호선
1882,6333,610,625,1,2,0,6호선
1883,6335,610,631,1,2,0,6호선
1884,6337,610,613,1,2,0,6호선
1885,6339,610,626,1,2,0,6호선
1886,6341,610,610,1,2,0,6호선
1887,6287,610,647,1,2,0,6호선
1888,6285,610,647,1,2,0,6호선
1889,6283,610,648,1,2,0,6호선
1890,6281,610,647,1,2,0,6호선
1891,6279,610,647,1,2,0,6호선
1892,6277,610,648,1,2,0,6호선
1893,6275,610,647,1,2,0,6호선
1894,6273,610,647,1,2,0,6호선
1895,6271,610,648,1,2,0,6호선
1896,6220,648,610,2,1,0,6호선
1897,6222,647,610,2,1,0,6호선
1898,6224,647,610,2,1,0,6호선
1899,6226,648,610,2,1,0,6호선
1900,6228,647,610,2,1,0,6호선
1901,6230,647,610,2,1,0,6호선
1902,6232,648,610,2,1,0,6호선
1903,6234,647,610,2,1,0,6호선
1904,6236,648,610,2,1,0,6호선
1905,6238,648,610,2,1,0,6호선
1906,6240,647,610,2,1,0,6호선
1907,6242,647,610,2,1,0,6호선
1908,6244,648,610,2,1,0,6호선
1909,6246,647,610,2,1,0,6호선
1910,6248,648,610,2,1,0,6호선
1911,6250,647,610,2,1,0,6호선
1912,6252,648,610,2,1,0,6호선
1913,6254,647,610,2,1,0,6호선
1914,6256,648,625,2,1,0,6호선
1915,6258,647,626,2,1,0,6호선
1916,6260,647,631,2,1,0,6호선
1917,6262,648,639,2,1,0,6호선
1918,6227,610,647,2,2,0,6호선
1919,6231,610,647,2,2,0,6호선
1920,6229,610,648,2,2,0,6호선
1921,6233,610,648,2,2,0,6호선
1922,6235,610,647,2,2,0,6호선
1923,6237,610,647,2,2,0,6호선
1924,6239,610,648,2,2,0,6호선
1925,6241,610,647,2,2,0,6호선
1926,6243,610,647,2,2,0,6호선
1927,6245,610,648,2,2,0,6호선
1928,6247,610,647,2,2,0,6호선
1929,6249,610,648,2,2,0,6호선
1930,6251,610,647,2,2,0,6호선
1931,6253,610,647,2,2,0,6호선
1932,6255,610,639,2,2,0,6호선
1933,6257,610,631,2,2,0,6호선
1934,6259,610,626,2,2,0,6호선
1935,6261,610,616,2,2,0,6호선
1936,6263,610,613,2,2,0,6호선
1937,6225,610,647,2,2,0,6호선
1938,6223,610,648,2,2,0,6호선
1939,6221,610,647,2,2,0,6호선
1940,6219,610,647,2,2,0,6호선
1941,6217,610,648,2,2,0,6호선
1942,6215,610,647,2,2,0,6호선
1943,6213,610,647,2,2,0,6호선
1944,6220,648,610,3,1,0,6호선
1945,6222,647,610,3,1,0,6호선
1946,6224,647,610,3,1,0,6호선
1947,6226,648,610,3,1,0,6호선
1948,6228,647,610,3,1,0,6호선
1949,6230,647,610,3,1,0,6호선
1950,6232,648,610,3,1,0,6호선
1951,6234,647,610,3,1,0,6호선
1952,6236,648,610,3,1,0,6호선
1953,6238,648,610,3,1,0,6호선
1954,6240,647,610,3,1,0,6호선
1955,6242,647,610,3,1,0,6호선
1956,6244,648,610,3,1,0,6호선
1957,6246,647,610,3,1,0,6호선
1958,6248,648,610,3,1,0,6호선
1959,6250,647,610,3,1,0,6호선
1960,6252,648,610,3,1,0,6호선
1961,6254,647,610,3,1,0,6호선
1962,6256,648,625,3,1,0,6호선
1963,6258,647,626,3,1,0,6호선
1964,6260,647,631,3,1,0,6호선
1965,6262,648,639,3,1,0,6호선
1966,6227,610,647,3,2,0,6호선
1967,6231,610,647,3,2,0,6호선
1968,6229,610,648,3,2,0,6호선
1969,6233,610,648,3,2,0,6호선
1970,6235,610,647,3,2,0,6호선
1971,6237,610,647,3,2,0,6호선
1972,6239,610,648,3,2,0,6호선
1973,6241,610,647,3,2,0,6호선
1974,6243,610,647,3,2,0,6호선
1975,6245,610,648,3,2,0,6호선
1976,6247,610,647,3,2,0,6호선
1977,6249,610,648,3,2,0,6호선
1978,6251,610,647,3,2,0,6호선
1979,6253,610,647,3,2,0,6호선
1980,6255,610,639,3,2,0,6호선
1981,6257,610,631,3,2,0,6호선
1982,6259,610,626,3,2,0,6호선
1983,6261,610,616,3,2,0,6호선
1984,6263,610,613,3,2,0,6호선
1985,6225,610,647,3,2,0,6호선
1986,6223,610,648,3,2,0,6호선
1987,6221,610,647,3,2,0,6호선
1988,6219,610,647,3,2,0,6호선
1989,6217,610,648,3,2,0,6호선
1990,6215,610,647,3,2,0,6호선
1991,6213,610,647,3,2,0,6호선
1992,7338,709,709,1,1,0,7호선
1993,7346,709,709,1,1,0,7호선
1994,7352,709,709,1,1,0,7호선
1995,7358,709,709,1,1,0,7호선
1996,7362,709,709,1,1,0,7호선
1997,7368,709,709,1,1,0,7호선
1998,7376,709,709,1,1,0,7호선
1999,7382,709,709,1,1,0,7호선
2000,7386,709,709,1,1,0,7호선
2001,7390,709,709,1,1,0,7호선
2002,7336,710,710,1,1,0,7호선
2003,7340,710,710,1,1,0,7호선
2004,7342,710,710,1,1,0,7호선
2005,7344,710,710,1,1,0,7호선
2006,7348,710,710,1,1,0,7호선
2007,7350,710,710,1,1,0,7호선
2008,7354,710,710,1,1,0,7호선
2009,7356,710,710,1,1,0,7호선
2010,7360,710,710,1,1,0,7호선
2011,7364,710,710,1,1,0,7호선
2012,7366,710,710,1,1,0,7호선
2013,7370,710,710,1,1,0,7호선
2014,7372,710,710,1,1,0,7호선
2015,7374,710,710,1,1,0,7호선
2016,7378,710,710,1,1,0,7호선
2017,7380,710,710,1,1,0,7호선
2018,7384,710,710,1,1,0,7호선
2019,7388,710,710,1,1,0,7호선
2020,7392,710,710,1,1,0,7호선
2021,7394,710,710,1,1,0,7호선
2022,7398,717,717,1,1,0,7호선
2023,7400,727,727,1,1,0,7호선
2024,7396,729,729,1,1,0,7호선
2025,7402,735,735,1,1,0,7호선
2026,7404,750,750,1,1,0,7호선
2027,7412,750,750,1,1,0,7호선
2028,7387,750,750,1,2,0,7호선
2029,7391,750,750,1,2,0,7호선
2030,7397,761,761,1,2,0,7호선
2031,7401,761,761,1,2,0,7호선
2032,7405,761,761,1,2,0,7호선
2033,7409,761,761,1,2,0,7호선
2034,7415,735,735,1,2,0,7호선
2035,7419,743,743,1,2,0,7호선
2036,7421,729,729,1,2,0,7호선
2037,7423,727,727,1,2,0,7호선
2038,7383,750,750,1,2,0,7호선
2039,7385,761,761,1,2,0,7호선
2040,7389,761,761,1,2,0,7호선
2041,7393,761,761,1,2,0,7호선
2042,7395,750,750,1,2,0,7호선
2043,7399,750,750,1,2,0,7호선
2044,7403,750,750,1,2,0,7호선
2045,7407,750,750,1,2,0,7호선
2046,7411,750,750,1,2,0,7호선
2047,7413,761,761,1,2,0,7호선
2048,7417,750,750,1,2,0,7호선
2049,7381,761,761,1,2,0,7호선
2050,7379,750,750,1,2,0,7호선
2051,7377,761,761,1,2,0,7호선
2052,7375,750,750,1,2,0,7호선
2053,7373,761,761,1,2,0,7호선
2054,7371,750,750,1,2,0,7호선
2055,7369,761,761,1,2,0,7호선
2056,7367,750,750,1,2,0,7호선
2057,7365,761,761,1,2,0,7호선
2058,7363,750,750,1,2,0,7호선
2059,7361,761,761,1,2,0,7호선
2060,7359,750,750,1,2,0,7호선
2061,7357,761,761,1,2,0,7호선
2062,7353,761,761,1,2,0,7호선
2063,7349,761,761,1,2,0,7호선
2064,7268,709,709,2,1,0,7호선
2065,7272,709,709,2,1,0,7호선
2066,7278,709,709,2,1,0,7호선
2067,7284,709,709,2,1,0,7호선
2068,7288,709,709,2,1,0,7호선
2069,7290,709,709,2,1,0,7호선
2070,7294,709,709,2,1,0,7호선
2071,7304,709,709,2,1,0,7호선
2072,7310,709,709,2,1,0,7호선
2073,7316,709,709,2,1,0,7호선
2074,7270,710,710,2,1,0,7호선
2075,7274,710,710,2,1,0,7호선
2076,7276,710,710,2,1,0,7호선
2077,7280,710,710,2,1,0,7호선
2078,7282,710,710,2,1,0,7호선
2079,7286,710,710,2,1,0,7호선
2080,7292,710,710,2,1,0,7호선
2081,7296,710,710,2,1,0,7호선
2082,7298,710,710,2,1,0,7호선
2083,7300,710,710,2,1,0,7호선
2084,7302,710,710,2,1,0,7호선
2085,7306,710,710,2,1,0,7호선
2086,7308,710,710,2,1,0,7호선
2087,7312,710,710,2,1,0,7호선
2088,7314,710,710,2,1,0,7호선
2089,7318,710,710,2,1,0,7호선
2090,7320,710,710,2,1,0,7호선
2091,7322,717,717,2,1,0,7호선
2092,7324,727,727,2,1,0,7호선
2093,7326,729,729,2,1,0,7호선
2094,7328,735,735,2,1,0,7호선
2095,7330,750,750,2,1,0,7호선
2096,7332,750,750,2,1,0,7호선
2097,7297,761,761,2,2,0,7호선
2098,7301,761,761,2,2,0,7호선
2099,7307,750,750,2,2,0,7호선
2100,7311,750,750,2,2,0,7호선
2101,7315,750,750,2,2,0,7호선
2102,7317,761,761,2,2,0,7호선
2103,7321,750,750,2,2,0,7호선
2104,7325,743,743,2,2,0,7호선
2105,7329,729,729,2,2,0,7호선
2106,7331,727,727,2,2,0,7호선
2107,7295,750,750,2,2,0,7호선
2108,7299,750,750,2,2,0,7호선
2109,7303,750,750,2,2,0,7호선
2110,7305,761,761,2,2,0,7호선
2111,7309,761,761,2,2,0,7호선
2112,7313,761,761,2,2,0,7호선
2113,7319,750,750,2,2,0,7호선
2114,7323,750,750,2,2,0,7호선
2115,7327,735,735,2,2,0,7호선
2116,7293,761,761,2,2,0,7호선
2117,7291,750,750,2,2,0,7호선
2118,7289,761,761,2,2,0,7호선
2119,7287,750,750,2,2,0,7호선
2120,7285,761,761,2,2,0,7호선
2121,7283,750,750,2,2,0,7호선
2122,7281,761,761,2,2,0,7호선
2123,7279,750,750,2,2,0,7호선
2124,7277,761,761,2,2,0,7호선
2125,7275,750,750,2,2,0,7호선
2126,7273,761,761,2,2,0,7호선
2127,7271,750,750,2,2,0,7호선
2128,7269,761,761,2,2,0,7호선
2129,7265,761,761,2,2,0,7호선
2130,7268,709,709,3,1,0,7호선
2131,7272,709,709,3,1,0,7호선
2132,7278,709,709,3,1,0,7호선
2133,7284,709,709,3,1,0,7호선
2134,7288,709,709,3,1,0,7호선
2135,7290,709,709,3,1,0,7호선
2136,7294,709,709,3,1,0,7호선
2137,7304,709,709,3,1,0,7호선
2138,7310,709,709,3,1,0,7호선
2139,7316,709,709,3,1,0,7호선
2140,7270,710,710,3,1,0,7호선
2141,7274,710,710,3,1,0,7호선
2142,7276,710,710,3,1,0,7호선
2143,7280,710,710,3,1,0,7호선
2144,7282,710,710,3,1,0,7호선
2145,7286,710,710,3,1,0,7호선
2146,7292,710,710,3,1,0,7호선
2147,7296,710,710,3,1,0,7호선
2148,7298,710,710,3,1,0,7호선
2149,7300,710,710,3,1,0,7호선
2150,7302,710,710,3,1,0,7호선
2151,7306,710,710,3,1,0,7호선
2152,7308,710,710,3,1,0,7호선
2153,7312,710,710,3,1,0,7호선
2154,7314,710,710,3,1,0,7호선
2155,7318,710,710,3,1,0,7호선
2156,7320,710,710,3,1,0,7호선
2157,7322,717,717,3,1,0,7호선
2158,7324,727,727,3,1,0,7호선
2159,7326,729,729,3,1,0,7호선
2160,7328,735,735,3,1,0,7호선
2161,7330,750,750,3,1,0,7호선
2162,7332,750,750,3,1,0,7호선
2163,7297,761,761,3,2,0,7호선
2164,7301,761,761,3,2,0,7호선
2165,7307,750,750,3,2,0,7호선
2166,7311,750,750,3,2,0,7호선
2167,7315,750,750,3,2,0,7호선
2168,7317,761,761,3,2,0,7호선
2169,7321,750,750,3,2,0,7호선
2170,7325,743,743,3,2,0,7호선
2171,7329,729,729,3,2,0,7호선
2172,7331,727,727,3,2,0,7호선
2173,7295,750,750,3,2,0,7호선
2174,7299,750,750,3,2,0,7호선
2175,7303,750,750,3,2,0,7호선
2176,7305,761,761,3,2,0,7호선
2177,7309,761,761,3,2,0,7호선
2178,7313,761,761,3,2,0,7호선
2179,7319,750,750,3,2,0,7호선
2180,7323,750,750,3,2,0,7호선
2181,7327,735,735,3,2,0,7호선
2182,7293,761,761,3,2,0,7호선
2183,7291,750,750,3,2,0,7호선
2184,7289,761,761,3,2,0,7호선
2185,7287,750,750,3,2,0,7호선
2186,7285,761,761,3,2,0,7호선
2187,7283,750,750,3,2,0,7호선
2188,7281,761,761,3,2,0,7호선
2189,7279,750,750,3,2,0,7호선
2190,7277,761,761,3,2,0,7호선
2191,7275,750,750,3,2,0,7호선
2192,7273,761,761,3,2,0,7호선
2193,7271,750,750,3,2,0,7호선
2194,7269,761,761,3,2,0,7호선
2195,7265,761,761,3,2,0,7호선
2196,8250,826,810,1,1,0,8호선
2197,8252,826,810,1,1,0,8호선
2198,8254,826,810,1,1,0,8호선
2199,8256,826,810,1,1,0,8호선
2200,8258,826,810,1,1,0,8호선
2201,8260,826,810,1,1,0,8호선
2202,8262,826,810,1,1,0,8호선
2203,8264,826,810,1,1,0,8호선
2204,8266,826,810,1,1,0,8호선
2205,8268,826,810,1,1,0,8호선
2206,8270,826,810,1,1,0,8호선
2207,8272,826,810,1,1,0,8호선
2208,8274,826,810,1,1,0,8호선
2209,8276,826,810,1,1,0,8호선
2210,8278,826,810,1,1,0,8호선
2211,8280,826,810,1,1,0,8호선
2212,8282,826,810,1,1,0,8호선
2213,8284,826,810,1,1,0,8호선
2214,8286,826,810,1,1,0,8호선
2215,8288,826,810,1,1,0,8호선
2216,8290,826,810,1,1,0,8호선
2217,8292,826,814,1,1,0,8호선
2218,8004,817,810,1,1,0,8호선
2219,8253,810,826,1,2,0,8호선
2220,8255,810,826,1,2,0,8호선
2221,8257,810,826,1,2,0,8호선
2222,8259,810,826,1,2,0,8호선
2223,8261,810,826,1,2,0,8호선
2224,8263,810,826,1,2,0,8호선
2225,8265,810,826,1,2,0,8호선
2226,8267,810,826,1,2,0,8호선
2227,8269,810,826,1,2,0,8호선
2228,8271,810,826,1,2,0,8호선
2229,8273,810,826,1,2,0,8호선
2230,8275,810,826,1,2,0,8호선
2231,8277,810,826,1,2,0,8호선
2232,8279,810,826,1,2,0,8호선
2233,8281,810,826,1,2,0,8호선
2234,8283,810,826,1,2,0,8호선
2235,8285,810,826,1,2,0,8호선
2236,8287,810,826,1,2,0,8호선
2237,8289,810,826,1,2,0,8호선
2238,8291,810,817,1,2,0,8호선
2239,8251,810,826,1,2,0,8호선
2240,8249,810,826,1,2,0,8호선
2241,8247,810,826,1,2,0,8호선
2242,8245,810,826,1,2,0,8호선
2243,8216,826,810,2,1,0,8호선
2244,8218,826,810,2,1,0,8호선
2245,8220,826,810,2,1,0,8호선
2246,8222,826,810,2,1,0,8호선
2247,8224,826,810,2,1,0,8호선
2248,8226,826,810,2,1,0,8호선
2249,8228,826,810,2,1,0,8호선
2250,8230,826,810,2,1,0,8호선
2251,8232,826,810,2,1,0,8호선
2252,8234,826,810,2,1,0,8호선
2253,8236,826,810,2,1,0,8호선
2254,8238,826,810,2,1,0,8호선
2255,8240,826,810,2,1,0,8호선
2256,8242,826,810,2,1,0,8호선
2257,8244,826,810,2,1,0,8호선
2258,8246,826,810,2,1,0,8호선
2259,8248,826,810,2,1,0,8호선
2260,8250,826,810,2,1,0,8호선
2261,8252,826,814,2,1,0,8호선
2262,8219,810,826,2,2,0,8호선
2263,8221,810,826,2,2,0,8호선
2264,8223,810,826,2,2,0,8호선
2265,8225,810,826,2,2,0,8호선
2266,8227,810,826,2,2,0,8호선
2267,8229,810,826,2,2,0,8호선
2268,8231,810,826,2,2,0,8호선
2269,8233,810,826,2,2,0,8호선
2270,8235,810,826,2,2,0,8호선
2271,8237,810,826,2,2,0,8호선
2272,8239,810,826,2,2,0,8호선
2273,8241,810,826,2,2,0,8호선
2274,8243,810,826,2,2,0,8호선
2275,8245,810,826,2,2,0,8호선
2276,8247,810,826,2,2,0,8호선
2277,8249,810,826,2,2,0,8호선
2278,8251,810,817,2,2,0,8호선
2279,8217,810,826,2,2,0,8호선
2280,8215,810,826,2,2,0,8호선
2281,8213,810,826,2,2,0,8호선
2282,8216,826,810,3,1,0,8호선
2283,8218,826,810,3,1,0,8호선
2284,8220,826,810,3,1,0,8호선
2285,8222,826,810,3,1,0,8호선
2286,8224,826,810,3,1,0,8호선
2287,8226,826,810,3,1,0,8호선
2288,8228,826,810,3,1,0,8호선
2289,8230,826,810,3,1,0,8호선
2290,8232,826,810,3,1,0,8호선
2291,8234,826,810,3,1,0,8호선
2292,8236,826,810,3,1,0,8호선
2293,8238,826,810,3,1,0,8호선
2294,8240,826,810,3,1,0,8호선
2295,8242,826,810,3,1,0,8호선
2296,8244,826,810,3,1,0,8호선
2297,8246,826,810,3,1,0,8호선
2298,8248,826,810,3,1,0,8호선
2299,8250,826,810,3,1,0,8호선
2300,8252,826,814,3,1,0,8호선
2301,8219,810,826,3,2,0,8호선
2302,8221,810,826,3,2,0,8호선
2303,8223,810,826,3,2,0,8호선
2304,8225,810,826,3,2,0,8호선
2305,8227,810,826,3,2,0,8호선
2306,8229,810,826,3,2,0,8호선
2307,8231,810,826,3,2,0,8호선
2308,8233,810,826,3,2,0,8호선
2309,8235,810,826,3,2,0,8호선
2310,8237,810,826,3,2,0,8호선
2311,8239,810,826,3,2,0,8호선
2312,8241,810,826,3,2,0,8호선
2313,8243,810,826,3,2,0,8호선
2314,8245,810,826,3,2,0,8호선
2315,8247,810,826,3,2,0,8호선
2316,8249,810,826,3,2,0,8호선
2317,8251,810,817,3,2,0,8호선
2318,8217,810,826,3,2,0,8호선
2319,8215,810,826,3,2,0,8호선
2320,8213,810,826,3,2,0,8호선
2321,C9210,901,938,1,1,0,9호선
2322,C9212,901,938,1,1,0,9호선
2323,C9214,901,938,1,1,0,9호선
2324,C9216,901,938,1,1,0,9호선
2325,C9218,901,938,1,1,0,9호선
2326,C9220,901,938,1,1,0,9호선
2327,C9222,901,938,1,1,0,9호선
2328,C9224,901,938,1,1,0,9호선
2329,C9226,901,938,1,1,0,9호선
2330,C9228,901,938,1,1,0,9호선
2331,C9230,901,938,1,1,0,9호선
2332,C9232,901,938,1,1,0,9호선
2333,C9234,901,938,1,1,0,9호선
2334,C9236,901,938,1,1,0,9호선
2335,C9238,901,938,1,1,0,9호선
2336,C9240,901,931,1,1,0,9호선
2337,C9242,901,925,1,1,0,9호선
2338,C9244,901,920,1,1,0,9호선
2339,C9246,901,913,1,1,0,9호선
2340,C9248,901,907,1,1,0,9호선
2341,C9208,901,938,1,1,0,9호선
2342,E9694,902,938,1,1,1,9호선
2343,E9696,902,938,1,1,1,9호선
2344,E9698,902,938,1,1,1,9호선
2345,E9700,902,938,1,1,1,9호선
2346,E9702,902,938,1,1,1,9호선
2347,E9704,902,938,1,1,1,9호선
2348,E9706,902,938,1,1,1,9호선
2349,E9708,902,938,1,1,1,9호선
2350,E9710,902,938,1,1,1,9호선
2351,E9712,902,938,1,1,1,9호선
2352,E9714,902,938,1,1,1,9호선
2353,E9716,902,938,1,1,1,9호선
2354,E9718,902,938,1,1,1,9호선
2355,E9720,902,938,1,1,1,9호선
2356,E9692,902,938,1,1,1,9호선
2357,C9206,901,938,1,1,0,9호선
2358,C9204,901,938,1,1,0,9호선
2359,E9690,902,938,1,1,1,9호선
2360,C9202,901,938,1,1,0,9호선
2361,C9200,901,938,1,1,0,9호선
2362,E9688,902,938,1,1,1,9호선
2363,C9198,901,938,1,1,0,9호선
2364,C9196,901,938,1,1,0,9호선
2365,E9686,902,938,1,1,1,9호선
2366,C9194,901,938,1,1,0,9호선
2367,E9684,902,938,1,1,1,9호선
2368,C9192,901,938,1,1,0,9호선
2369,C9190,901,938,1,1,0,9호선
2370,E9682,902,938,1,1,1,9호선
2371,C9183,938,901,1,2,0,9호선
2372,C9185,938,901,1,2,0,9호선
2373,C9187,938,901,1,2,0,9호선
2374,C9189,938,901,1,2,0,9호선
2375,C9191,938,901,1,2,0,9호선
2376,C9193,938,901,1,2,0,9호선
2377,C9195,938,901,1,2,0,9호선
2378,C9197,938,901,1,2,0,9호선
2379,C9199,938,901,1,2,0,9호선
2380,C9201,938,901,1,2,0,9호선
2381,C9203,938,901,1,2,0,9호선
2382,C9205,938,901,1,2,0,9호선
2383,C9207,938,901,1,2,0,9호선
2384,C9209,938,901,1,2,0,9호선
2385,C9211,938,901,1,2,0,9호선
2386,C9213,938,901,1,2,0,9호선
2387,C9215,938,901,1,2,0,9호선
2388,C9217,938,901,1,2,0,9호선
2389,C9219,938,901,1,2,0,9호선
2390,C9221,938,901,1,2,0,9호선
2391,C9223,938,901,1,2,0,9호선
2392,C9225,938,901,1,2,0,9호선
2393,C9227,938,901,1,2,0,9호선
2394,C9229,938,901,1,2,0,9호선
2395,C9231,938,901,1,2,0,9호선
2396,C9233,938,901,1,2,0,9호선
2397,C9235,938,901,1,2,0,9호선
2398,E9671,938,902,1,2,1,9호선
2399,E9673,938,902,1,2,1,9호선
2400,E9675,938,902,1,2,1,9호선
2401,E9677,938,902,1,2,1,9호선
2402,E9679,938,902,1,2,1,9호선
2403,E9681,938,902,1,2,1,9호선
2404,E9683,938,902,1,2,1,9호선
2405,E9685,938,902,1,2,1,9호선
2406,E9687,938,902,1,2,1,9호선
2407,E9689,938,902,1,2,1,9호선
2408,E9691,938,902,1,2,1,9호선
2409,E9693,938,902,1,2,1,9호선
2410,E9695,938,902,1,2,1,9호선
2411,E9697,938,902,1,2,1,9호선
2412,E9699,938,902,1,2,1,9호선
2413,E9701,938,902,1,2,1,9호선
2414,E9703,938,902,1,2,1,9호선
2415,E9705,938,902,1,2,1,9호선
2416,E9707,938,902,1,2,1,9호선
2417,E9709,938,902,1,2,1,9호선
2418,E9711,938,902,1,2,1,9호선
2419,E9713,938,902,1,2,1,9호선
2420,E9715,938,902,1,2,1,9호선
2421,E9717,938,902,1,2,1,9호선
2422,C9237,938,905,1,2,0,9호선
2423,C9239,938,910,1,2,0,9호선
2424,E9719,938,913,1,2,1,9호선
2425,C9241,938,915,1,2,0,9호선
2426,C9243,938,920,1,2,0,9호선
2427,C9245,938,925,1,2,0,9호선
2428,C9247,938,931,1,2,0,9호선
2429,C9180,901,938,2,1,0,9호선
2430,C9182,901,938,2,1,0,9호선
2431,C9184,901,938,2,1,0,9호선
2432,C9186,901,938,2,1,0,9호선
2433,C9188,901,938,2,1,0,9호선
2434,C9190,901,938,2,1,0,9호선
2435,C9192,901,938,2,1,0,9호선
2436,C9194,901,938,2,1,0,9호선
2437,C9196,901,925,2,1,0,9호선
2438,C9198,901,920,2,1,0,9호선
2439,C9200,901,913,2,1,0,9호선
2440,C9202,901,907,2,1,0,9호선
2441,C9178,901,938,2,1,0,9호선
2442,E9670,902,938,2,1,1,9호선
2443,E9672,902,938,2,1,1,9호선
2444,E9674,902,938,2,1,1,9호선
2445,E9676,902,938,2,1,1,9호선
2446,E9678,902,938,2,1,1,9호선
2447,E9680,902,938,2,1,1,9호선
2448,E9668,902,938,2,1,1,9호선
2449,C9176,901,938,2,1,0,9호선
2450,C9174,901,938,2,1,0,9호선
2451,E9666,902,938,2,1,1,9호선
2452,C9172,901,938,2,1,0,9호선
2453,C9170,901,938,2,1,0,9호선
2454,E9664,902,938,2,1,1,9호선
2455,C9168,901,938,2,1,0,9호선
2456,E9662,902,938,2,1,1,9호선
2457,C9166,901,938,2,1,0,9호선
2458,C9164,901,938,2,1,0,9호선
2459,E9660,902,938,2,1,1,9호선
2460,C9162,901,938,2,1,0,9호선
2461,C9159,938,901,2,2,0,9호선
2462,C9161,938,901,2,2,0,9호선
2463,C9163,938,901,2,2,0,9호선
2464,C9165,938,901,2,2,0,9호선
2465,C9167,938,901,2,2,0,9호선
2466,C9169,938,901,2,2,0,9호선
2467,C9171,938,901,2,2,0,9호선
2468,C9173,938,901,2,2,0,9호선
2469,C9175,938,901,2,2,0,9호선
2470,C9177,938,901,2,2,0,9호선
2471,C9179,938,901,2,2,0,9호선
2472,C9181,938,901,2,2,0,9호선
2473,C9183,938,901,2,2,0,9호선
2474,C9185,938,901,2,2,0,9호선
2475,C9187,938,901,2,2,0,9호선
2476,C9189,938,901,2,2,0,9호선
2477,C9191,938,901,2,2,0,9호선
2478,E9651,938,902,2,2,1,9호선
2479,E9653,938,902,2,2,1,9호선
2480,E9655,938,902,2,2,1,9호선
2481,E9657,938,902,2,2,1,9호선
2482,E9659,938,902,2,2,1,9호선
2483,E9661,938,902,2,2,1,9호선
2484,E9663,938,902,2,2,1,9호선
2485,E9665,938,902,2,2,1,9호선
2486,E9667,938,902,2,2,1,9호선
2487,E9669,938,902,2,2,1,9호선
2488,E9671,938,902,2,2,1,9호선
2489,E9673,938,902,2,2,1,9호선
2490,E9675,938,902,2,2,1,9호선
2491,E9677,938,902,2,2,1,9호선
2492,E9679,938,902,2,2,1,9호선
2493,C9193,938,910,2,2,0,9호선
2494,C9195,938,915,2,2,0,9호선
2495,C9197,938,920,2,2,0,9호선
2496,C9199,938,925,2,2,0,9호선
2497,C9201,938,933,2,2,0,9호선
2498,C9180,901,938,3,1,0,9호선
2499,C9182,901,938,3,1,0,9호선
2500,C9184,901,938,3,1,0,9호선
2501,C9186,901,938,3,1,0,9호선
2502,C9188,901,938,3,1,0,9호선
2503,C9190,901,938,3,1,0,9호선
2504,C9192,901,938,3,1,0,9호선
2505,C9194,901,938,3,1,0,9호선
2506,C9196,901,925,3,1,0,9호선
2507,C9198,901,920,3,1,0,9호선
2508,C9200,901,913,3,1,0,9호선
2509,C9202,901,907,3,1,0,9호선
2510,C9178,901,938,3,1,0,9호선
2511,E9670,902,938,3,1,1,9호선
2512,E9672,902,938,3,1,1,9호선
2513,E9674,902,938,3,1,1,9호선
2514,E9676,902,938,3,1,1,9호선
2515,E9678,902,938,3,1,1,9호선
2516,E9680,902,938,3,1,1,9호선
2517,E9668,902,938,3,1,1,9호선
2518,C9176,901,938,3,1,0,9호선
2519,C9174,901,938,3,1,0,9호선
2520,E9666,902,938,3,1,1,9호선
2521,C9172,901,938,3,1,0,9호선
2522,C9170,901,938,3,1,0,9호선
2523,E9664,902,938,3,1,1,9호선
2524,C9168,901,938,3,1,0,9호선
2525,E9662,902,938,3,1,1,9호선
2526,C9166,901,938,3,1,0,9호선
2527,C9164,901,938,3,1,0,9호선
2528,E9660,902,938,3,1,1,9호선
2529,C9162,901,938,3,1,0,9호선
2530,C9159,938,901,3,2,0,9호선
2531,C9161,938,901,3,2,0,9호선
2532,C9163,938,901,3,2,0,9호선
2533,C9165,938,901,3,2,0,9호선
2534,C9167,938,901,3,2,0,9호선
2535,C9169,938,901,3,2,0,9호선
2536,C9171,938,901,3,2,0,9호선
2537,C9173,938,901,3,2,0,9호선
2538,C9175,938,901,3,2,0,9호선
2539,C9177,938,901,3,2,0,9호선
2540,C9179,938,901,3,2,0,9호선
2541,C9181,938,901,3,2,0,9호선
2542,C9183,938,901,3,2,0,9호선
2543,C9185,938,901,3,2,0,9호선
2544,C9187,938,901,3,2,0,9호선
2545,C9189,938,901,3,2,0,9호선
2546,C9191,938,901,3,2,0,9호선
2547,E9651,938,902,3,2,1,9호선
2548,E9653,938,902,3,2,1,9호선
2549,E9655,938,902,3,2,1,9호선
2550,E9657,938,902,3,2,1,9호선
2551,E9659,938,902,3,2,1,9호선
2552,E9661,938,902,3,2,1,9호선
2553,E9663,938,902,3,2,1,9호선
2554,E9665,938,902,3,2,1,9호선
2555,E9667,938,902,3,2,1,9호선
2556,E9669,938,902,3,2,1,9호선
2557,E9671,938,902,3,2,1,9호선
2558,E9673,938,902,3,2,1,9호선
2559,E9675,938,902,3,2,1,9호선
2560,E9677,938,902,3,2,1,9호선
2561,E9679,938,902,3,2,1,9호선
2562,C9193,938,910,3,2,0,9호선
2563,C9195,938,915,3,2,0,9호선
2564,C9197,938,920,3,2,0,9호선
2565,C9199,938,925,3,2,0,9호선
2566,C9201,938,933,3,2,0,9호선
2567,K6198,11109,1510,1,1,0,수인분당선
2568,K6582,11134,1510,1,1,0,수인분당선
2569,K6202,11109,1510,1,1,0,수인분당선
2570,K6584,11134,1510,1,1,0,수인분당선
2571,K6204,11109,1510,1,1,0,수인분당선
2572,K6206,11109,1510,1,1,0,수인분당선
2573,K6208,11109,1510,1,1,0,수인분당선
2574,K6586,11134,1510,1,1,0,수인분당선
2575,K6212,11109,1510,1,1,0,수인분당선
2576,K6588,11134,1510,1,1,0,수인분당선
2577,K6214,11109,1510,1,1,0,수인분당선
2578,K6216,11109,1510,1,1,0,수인분당선
2579,K6218,11109,1510,1,1,0,수인분당선
2580,K6590,11134,1510,1,1,0,수인분당선
2581,K6222,11109,1510,1,1,0,수인분당선
2582,K6592,11134,1510,1,1,0,수인분당선
2583,K6224,11109,1510,1,1,0,수인분당선
2584,K6226,11109,1510,1,1,0,수인분당선
2585,K6228,1534,1510,1,1,0,수인분당선
2586,K6598,11134,1510,1,1,0,수인분당선
2587,K6600,11134,1510,1,1,0,수인분당선
2588,K6234,1534,1510,1,1,0,수인분당선
2589,K6220,11109,1534,1,1,0,수인분당선
2590,K6594,11134,1534,1,1,0,수인분당선
2591,K6596,11134,1534,1,1,0,수인분당선
2592,K6230,11109,1534,1,1,0,수인분당선
2593,K6232,11109,1534,1,1,0,수인분당선
2594,K6602,11134,1534,1,1,0,수인분당선
2595,K6236,11109,1534,1,1,0,수인분당선
2596,K6604,11134,1534,1,1,0,수인분당선
2597,K6606,11134,11109,1,1,0,수인분당선
2598,K6716,11134,11121,1,1,0,수인분당선
2599,K6718,11134,11121,1,1,0,수인분당선
2600,K6720,11134,11121,1,1,0,수인분당선
2601,K6942,11134,11121,1,1,0,수인분당선
2602,K6722,11134,11121,1,1,0,수인분당선
2603,K6724,11134,11121,1,1,0,수인분당선
2604,K6726,11134,11121,1,1,0,수인분당선
2605,K6728,11134,11121,1,1,0,수인분당선
2606,K6223,1510,11109,1,2,0,수인분당선
2607,K6225,1510,1534,1,2,0,수인분당선
2608,K6601,1510,11134,1,2,0,수인분당선
2609,K6227,1510,1534,1,2,0,수인분당선
2610,K6603,1510,11134,1,2,0,수인분당선
2611,K6229,1510,11109,1,2,0,수인분당선
2612,K6605,1510,11121,1,2,0,수인분당선
2613,K6231,1510,1534,1,2,0,수인분당선
2614,K6233,1510,11109,1,2,0,수인분당선
2615,K6235,1510,1534,1,2,0,수인분당선
2616,K6607,1510,11121,1,2,0,수인분당선
2617,K6237,1510,1534,1,2,0,수인분당선
2618,K6239,1510,11109,1,2,0,수인분당선
2619,K6241,1510,1534,1,2,0,수인분당선
2620,K6243,1510,11109,1,2,0,수인분당선
2621,K6245,1510,1534,1,2,0,수인분당선
2622,K6247,1510,1534,1,2,0,수인분당선
2623,K6249,1510,1534,1,2,0,수인분당선
2624,K6251,1510,1534,1,2,0,수인분당선
2625,K6221,1510,1534,1,2,0,수인분당선
2626,K6219,1510,1534,1,2,0,수인분당선
2627,K6599,1510,11134,1,2,0,수인분당선
2628,K6217,1510,11109,1,2,0,수인분당선
2629,K6215,1510,1534,1,2,0,수인분당선
2630,K6597,1510,11134,1,2,0,수인분당선
2631,K6213,1510,1534,1,2,0,수인분당선
2632,K6211,1510,1534,1,2,0,수인분당선
2633,K6209,1510,11109,1,2,0,수인분당선
2634,K6207,1510,1534,1,2,0,수인분당선
2635,K6595,1510,11134,1,2,0,수인분당선
2636,K6201,1510,11109,1,2,0,수인분당선
2637,K6593,1510,11134,1,2,0,수인분당선
2638,K6197,1510,11109,1,2,0,수인분당선
2639,K6591,1510,11134,1,2,0,수인분당선
2640,K6937,11121,11134,1,2,0,수인분당선
2641,K6939,11121,11134,1,2,0,수인분당선
2642,K6941,11121,11134,1,2,0,수인분당선
2643,K6589,1510,11134,1,2,0,수인분당선
2644,K6935,11121,11134,1,2,0,수인분당선
2645,K6556,11134,1510,2,1,0,수인분당선
2646,K6180,1534,1510,2,1,0,수인분당선
2647,K6182,11109,1510,2,1,0,수인분당선
2648,K6558,11134,1510,2,1,0,수인분당선
2649,K6184,1534,1510,2,1,0,수인분당선
2650,K6186,11109,1510,2,1,0,수인분당선
2651,K6190,1534,1510,2,1,0,수인분당선
2652,K6560,11134,1510,2,1,0,수인분당선
2653,K6188,11109,1510,2,1,0,수인분당선
2654,K6562,11134,1510,2,1,0,수인분당선
2655,K6192,11109,1510,2,1,0,수인분당선
2656,K6564,11134,1510,2,1,0,수인분당선
2657,K6194,11109,1510,2,1,0,수인분당선
2658,K6198,1534,1510,2,1,0,수인분당선
2659,K6566,11134,1510,2,1,0,수인분당선
2660,K6200,11109,1510,2,1,0,수인분당선
2661,K6568,11134,1510,2,1,0,수인분당선
2662,K6196,11109,1534,2,1,0,수인분당선
2663,K6202,11109,1534,2,1,0,수인분당선
2664,K6570,11134,1534,2,1,0,수인분당선
2665,K6572,11134,11109,2,1,0,수인분당선
2666,K6762,11134,11121,2,1,0,수인분당선
2667,K6764,11134,11121,2,1,0,수인분당선
2668,K6766,11134,11121,2,1,0,수인분당선
2669,K6768,11134,11121,2,1,0,수인분당선
2670,K6770,11134,11121,2,1,0,수인분당선
2671,K6772,11134,11121,2,1,0,수인분당선
2672,K6774,11134,11121,2,1,0,수인분당선
2673,K6567,1510,11134,2,2,0,수인분당선
2674,K6179,1510,1534,2,2,0,수인분당선
2675,K6181,1510,11109,2,2,0,수인분당선
2676,K6183,1510,1534,2,2,0,수인분당선
2677,K6569,1510,11134,2,2,0,수인분당선
2678,K6185,1510,11109,2,2,0,수인분당선
2679,K6571,1510,11121,2,2,0,수인분당선
2680,K6187,1510,1534,2,2,0,수인분당선
2681,K6189,1510,11109,2,2,0,수인분당선
2682,K6191,1510,1534,2,2,0,수인분당선
2683,K6193,1510,11109,2,2,0,수인분당선
2684,K6195,1510,1534,2,2,0,수인분당선
2685,K6197,1510,1534,2,2,0,수인분당선
2686,K6199,1510,1534,2,2,0,수인분당선
2687,K6201,1510,1534,2,2,0,수인분당선
2688,K6177,1510,11109,2,2,0,수인분당선
2689,K6175,1510,1534,2,2,0,수인분당선
2690,K6173,1510,1534,2,2,0,수인분당선
2691,K6565,1510,11134,2,2,0,수인분당선
2692,K6171,1510,1534,2,2,0,수인분당선
2693,K6169,1510,11109,2,2,0,수인분당선
2694,K6167,1510,1534,2,2,0,수인분당선
2695,K6165,1510,11109,2,2,0,수인분당선
2696,K6563,1510,11134,2,2,0,수인분당선
2697,K6159,1510,11109,2,2,0,수인분당선
2698,K6561,1510,11134,2,2,0,수인분당선
2699,K6769,11121,11134,2,2,0,수인분당선
2700,K6771,11121,11134,2,2,0,수인분당선
2701,K6773,11121,11134,2,2,0,수인분당선
2702,K6559,1510,11134,2,2,0,수인분당선
2703,K6767,11121,11134,2,2,0,수인분당선
2704,K6557,1510,11134,2,2,0,수인분당선
2705,162,11721,11711,1,1,0,신림선
2706,163,11721,11711,1,1,0,신림선
2707,164,11721,11711,1,1,0,신림선
2708,165,11721,11711,1,1,0,신림선
2709,166,11721,11711,1,1,0,신림선
2710,167,11721,11711,1,1,0,신림선
2711,168,11721,11711,1,1,0,신림선
2712,169,11721,11711,1,1,0,신림선
2713,170,11721,11711,1,1,0,신림선
2714,171,11721,11711,1,1,0,신림선
2715,172,11721,11711,1,1,0,신림선
2716,173,11721,11711,1,1,0,신림선
2717,174,11721,11711,1,1,0,신림선
2718,175,11721,11711,1,1,0,신림선
2719,176,11721,11711,1,1,0,신림선
2720,177,11721,11711,1,1,0,신림선
2721,178,11721,11711,1,1,0,신림선
2722,179,11721,11711,1,1,0,신림선
2723,180,11721,11711,1,1,0,신림선
2724,181,11721,11711,1,1,0,신림선
2725,182,11721,11711,1,1,0,신림선
2726,183,11721,11711,1,1,0,신림선
2727,184,11721,11711,1,1,0,신림선
2728,185,11721,11711,1,1,0,신림선
2729,186,11721,11711,1,1,0,신림선
2730,187,11721,11711,1,1,0,신림선
2731,188,11721,11711,1,1,0,신림선
2732,189,11721,11711,1,1,0,신림선
2733,190,11721,11711,1,1,0,신림선
2734,191,11721,11711,1,1,0,신림선
2735,192,11721,11711,1,1,0,신림선
2736,165,11711,11721,1,2,0,신림선
2737,166,11711,11721,1,2,0,신림선
2738,167,11711,11721,1,2,0,신림선
2739,168,11711,11721,1,2,0,신림선
2740,169,11711,11721,1,2,0,신림선
2741,170,11711,11721,1,2,0,신림선
2742,171,11711,11721,1,2,0,신림선
2743,172,11711,11721,1,2,0,신림선
2744,173,11711,11721,1,2,0,신림선
2745,174,11711,11721,1,2,0,신림선
2746,175,11711,11721,1,2,0,신림선
2747,176,11711,11721,1,2,0,신림선
2748,177,11711,11721,1,2,0,신림선
2749,178,11711,11721,1,2,0,신림선
2750,179,11711,11721,1,2,0,신림선
2751,180,11711,11721,1,2,0,신림선
2752,181,11711,11721,1,2,0,신림선
2753,182,11711,11721,1,2,0,신림선
2754,183,11711,11721,1,2,0,신림선
2755,184,11711,11721,1,2,0,신림선
2756,185,11711,11721,1,2,0,신림선
2757,186,11711,11721,1,2,0,신림선
2758,187,11711,11721,1,2,0,신림선
2759,188,11711,11721,1,2,0,신림선
2760,189,11711,11721,1,2,0,신림선
2761,190,11711,11721,1,2,0,신림선
2762,191,11711,11721,1,2,0,신림선
2763,192,11711,11721,1,2,0,신림선
2764,164,11711,11721,1,2,0,신림선
2765,163,11711,11721,1,2,0,신림선
2766,132,11721,11711,2,1,0,신림선
2767,133,11721,11711,2,1,0,신림선
2768,134,11721,11711,2,1,0,신림선
2769,135,11721,11711,2,1,0,신림선
2770,136,11721,11711,2,1,0,신림선
2771,137,11721,11711,2,1,0,신림선
2772,138,11721,11711,2,1,0,신림선
2773,139,11721,11711,2,1,0,신림선
2774,140,11721,11711,2,1,0,신림선
2775,141,11721,11711,2,1,0,신림선
2776,142,11721,11711,2,1,0,신림선
2777,143,11721,11711,2,1,0,신림선
2778,144,11721,11711,2,1,0,신림선
2779,145,11721,11711,2,1,0,신림선
2780,146,11721,11711,2,1,0,신림선
2781,147,11721,11711,2,1,0,신림선
2782,148,11721,11711,2,1,0,신림선
2783,149,11721,11711,2,1,0,신림선
2784,150,11721,11711,2,1,0,신림선
2785,151,11721,11711,2,1,0,신림선
2786,152,11721,11711,2,1,0,신림선
2787,153,11721,11711,2,1,0,신림선
2788,154,11721,11711,2,1,0,신림선
2789,155,11721,11711,2,1,0,신림선
2790,156,11721,11711,2,1,0,신림선
2791,135,11711,11721,2,2,0,신림선
2792,136,11711,11721,2,2,0,신림선
2793,137,11711,11721,2,2,0,신림선
2794,138,11711,11721,2,2,0,신림선
2795,139,11711,11721,2,2,0,신림선
2796,140,11711,11721,2,2,0,신림선
2797,141,11711,11721,2,2,0,신림선
2798,142,11711,11721,2,2,0,신림선
2799,143,11711,11721,2,2,0,신림선
2800,144,11711,11721,2,2,0,신림선
2801,145,11711,11721,2,2,0,신림선
2802,146,11711,11721,2,2,0,신림선
2803,147,11711,11721,2,2,0,신림선
2804,148,11711,11721,2,2,0,신림선
2805,149,11711,11721,2,2,0,신림선
2806,150,11711,11721,2,2,0,신림선
2807,151,11711,11721,2,2,0,신림선
2808,152,11711,11721,2,2,0,신림선
2809,153,11711,11721,2,2,0,신림선
2810,154,11711,11721,2,2,0,신림선
2811,155,11711,11721,2,2,0,신림선
2812,156,11711,11721,2,2,0,신림선
2813,134,11711,11721,2,2,0,신림선
2814,133,11711,11721,2,2,0,신림선
2815,133,1922,1907,1,1,0,신분당선
2816,134,1922,1907,1,1,0,신분당선
2817,135,1922,1907,1,1,0,신분당선
2818,136,1922,1907,1,1,0,신분당선
2819,137,1922,1907,1,1,0,신분당선
2820,138,1922,1907,1,1,0,신분당선
2821,139,1922,1907,1,1,0,신분당선
2822,140,1922,1907,1,1,0,신분당선
2823,141,1922,1907,1,1,0,신분당선
2824,142,1922,1907,1,1,0,신분당선
2825,143,1922,1907,1,1,0,신분당선
2826,144,1922,1907,1,1,0,신분당선
2827,145,1922,1907,1,1,0,신분당선
2828,146,1922,1907,1,1,0,신분당선
2829,147,1922,1907,1,1,0,신분당선
2830,148,1922,1907,1,1,0,신분당선
2831,149,1922,1907,1,1,0,신분당선
2832,150,1922,1907,1,1,0,신분당선
2833,151,1922,1907,1,1,0,신분당선
2834,152,1922,1907,1,1,0,신분당선
2835,153,1922,1907,1,1,0,신분당선
2836,154,1922,1907,1,1,0,신분당선
2837,155,1922,1907,1,1,0,신분당선
2838,156,1922,1907,1,1,0,신분당선
2839,157,1922,1907,1,1,0,신분당선
2840,158,1922,1907,1,1,0,신분당선
2841,159,1922,1907,1,1,0,신분당선
2842,160,1922,1907,1,1,0,신분당선
2843,136,1907,1922,1,2,0,신분당선
2844,137,1907,1922,1,2,0,신분당선
2845,138,1907,1922,1,2,0,신분당선
2846,139,1907,1922,1,2,0,신분당선
2847,140,1907,1922,1,2,0,신분당선
2848,141,1907,1922,1,2,0,신분당선
2849,142,1907,1922,1,2,0,신분당선
2850,143,1907,1922,1,2,0,신분당선
2851,144,1907,1922,1,2,0,신분당선
2852,145,1907,1922,1,2,0,신분당선
2853,146,1907,1922,1,2,0,신분당선
2854,147,1907,1922,1,2,0,신분당선
2855,148,1907,1922,1,2,0,신분당선
2856,149,1907,1922,1,2,0,신분당선
2857,150,1907,1922,1,2,0,신분당선
2858,151,1907,1922,1,2,0,신분당선
2859,152,1907,1922,1,2,0,신분당선
2860,153,1907,1922,1,2,0,신분당선
2861,154,1907,1922,1,2,0,신분당선
2862,155,1907,1922,1,2,0,신분당선
2863,156,1907,1922,1,2,0,신분당선
2864,b,1907,1915,1,2,0,신분당선
2865,157,1907,1922,1,2,0,신분당선
2866,158,1907,1922,1,2,0,신분당선
2867,159,1907,1922,1,2,0,신분당선
2868,c,1907,1915,1,2,0,신분당선
2869,d,1907,1915,1,2,0,신분당선
2870,135,1907,1922,1,2,0,신분당선
2871,134,1907,1922,1,2,0,신분당선
2872,133,1907,1922,1,2,0,신분당선
2873,132,1907,1922,1,2,0,신분당선
2874,131,1907,1922,1,2,0,신분당선
2875,130,1907,1922,1,2,0,신분당선
2876,129,1907,1922,1,2,0,신분당선
2877,128,1907,1922,1,2,0,신분당선
2878,110,1922,1907,2,1,0,신분당선
2879,111,1922,1907,2,1,0,신분당선
2880,112,1922,1907,2,1,0,신분당선
2881,113,1922,1907,2,1,0,신분당선
2882,114,1922,1907,2,1,0,신분당선
2883,115,1922,1907,2,1,0,신분당선
2884,116,1922,1907,2,1,0,신분당선
2885,117,1922,1907,2,1,0,신분당선
2886,118,1922,1907,2,1,0,신분당선
2887,119,1922,1907,2,1,0,신분당선
2888,120,1922,1907,2,1,0,신분당선
2889,121,1922,1907,2,1,0,신분당선
2890,122,1922,1907,2,1,0,신분당선
2891,123,1922,1907,2,1,0,신분당선
2892,124,1922,1907,2,1,0,신분당선
2893,125,1922,1907,2,1,0,신분당선
2894,126,1922,1907,2,1,0,신분당선
2895,127,1922,1907,2,1,0,신분당선
2896,128,1922,1907,2,1,0,신분당선
2897,129,1922,1907,2,1,0,신분당선
2898,130,1922,1907,2,1,0,신분당선
2899,131,1922,1907,2,1,0,신분당선
2900,132,1922,1907,2,1,0,신분당선
2901,114,1907,1922,2,2,0,신분당선
2902,115,1907,1922,2,2,0,신분당선
2903,116,1907,1922,2,2,0,신분당선
2904,117,1907,1922,2,2,0,신분당선
2905,118,1907,1922,2,2,0,신분당선
2906,119,1907,1922,2,2,0,신분당선
2907,120,1907,1922,2,2,0,신분당선
2908,121,1907,1922,2,2,0,신분당선
2909,122,1907,1922,2,2,0,신분당선
2910,123,1907,1922,2,2,0,신분당선
2911,124,1907,1922,2,2,0,신분당선
2912,125,1907,1922,2,2,0,신분당선
2913,126,1907,1922,2,2,0,신분당선
2914,127,1907,1922,2,2,0,신분당선
2915,128,1907,1922,2,2,0,신분당선
2916,a,1907,1915,2,2,0,신분당선
2917,129,1907,1922,2,2,0,신분당선
2918,130,1907,1922,2,2,0,신분당선
2919,131,1907,1922,2,2,0,신분당선
2920,b,1907,1915,2,2,0,신분당선
2921,c,1907,1915,2,2,0,신분당선
2922,d,1907,1915,2,2,0,신분당선
2923,113,1907,1922,2,2,0,신분당선
2924,112,1907,1922,2,2,0,신분당선
2925,111,1907,1922,2,2,0,신분당선
2926,110,1907,1922,2,2,0,신분당선
2927,109,1907,1922,2,2,0,신분당선
2928,226,11321,11333,1,1,0,우이신설선
2929,227,11321,11333,1,1,0,우이신설선
2930,228,11321,11333,1,1,0,우이신설선
2931,229,11321,11333,1,1,0,우이신설선
2932,230,11321,11333,1,1,0,우이신설선
2933,231,11321,11333,1,1,0,우이신설선
2934,232,11321,11333,1,1,0,우이신설선
2935,233,11321,11333,1,1,0,우이신설선
2936,234,11321,11333,1,1,0,우이신설선
2937,235,11321,11333,1,1,0,우이신설선
2938,236,11321,11333,1,1,0,우이신설선
2939,237,11321,11333,1,1,0,우이신설선
2940,238,11321,11333,1,1,0,우이신설선
2941,239,11321,11333,1,1,0,우이신설선
2942,240,11321,11333,1,1,0,우이신설선
2943,241,11321,11333,1,1,0,우이신설선
2944,242,11321,11333,1,1,0,우이신설선
2945,243,11321,11333,1,1,0,우이신설선
2946,244,11321,11333,1,1,0,우이신설선
2947,245,11321,11333,1,1,0,우이신설선
2948,246,11321,11333,1,1,0,우이신설선
2949,247,11321,11333,1,1,0,우이신설선
2950,248,11321,11333,1,1,0,우이신설선
2951,249,11321,11333,1,1,0,우이신설선
2952,250,11321,11333,1,1,0,우이신설선
2953,251,11321,11333,1,1,0,우이신설선
2954,252,11321,11333,1,1,0,우이신설선
2955,253,11321,11333,1,1,0,우이신설선
2956,254,11321,11333,1,1,0,우이신설선
2957,255,11321,11333,1,1,0,우이신설선
2958,256,11321,11333,1,1,0,우이신설선
2959,257,11321,11333,1,1,0,우이신설선
2960,258,11321,11333,1,1,0,우이신설선
2961,225,11321,11333,1,1,0,우이신설선
2962,224,11321,11333,1,1,0,우이신설선
2963,223,11321,11333,1,1,0,우이신설선
2964,222,11321,11333,1,1,0,우이신설선
2965,221,11321,11333,1,1,0,우이신설선
2966,220,11321,11333,1,1,0,우이신설선
2967,219,11321,11333,1,1,0,우이신설선
2968,218,11321,11333,1,1,0,우이신설선
2969,213,11333,11321,1,2,0,우이신설선
2970,214,11333,11321,1,2,0,우이신설선
2971,215,11333,11321,1,2,0,우이신설선
2972,216,11333,11321,1,2,0,우이신설선
2973,217,11333,11321,1,2,0,우이신설선
2974,218,11333,11321,1,2,0,우이신설선
2975,219,11333,11321,1,2,0,우이신설선
2976,220,11333,11321,1,2,0,우이신설선
2977,221,11333,11321,1,2,0,우이신설선
2978,222,11333,11321,1,2,0,우이신설선
2979,223,11333,11321,1,2,0,우이신설선
2980,224,11333,11321,1,2,0,우이신설선
2981,225,11333,11321,1,2,0,우이신설선
2982,226,11333,11321,1,2,0,우이신설선
2983,227,11333,11321,1,2,0,우이신설선
2984,228,11333,11321,1,2,0,우이신설선
2985,229,11333,11321,1,2,0,우이신설선
2986,230,11333,11321,1,2,0,우이신설선
2987,231,11333,11321,1,2,0,우이신설선
2988,232,11333,11321,1,2,0,우이신설선
2989,233,11333,11321,1,2,0,우이신설선
2990,234,11333,11321,1,2,0,우이신설선
2991,235,11333,11321,1,2,0,우이신설선
2992,236,11333,11321,1,2,0,우이신설선
2993,237,11333,11321,1,2,0,우이신설선
2994,238,11333,11321,1,2,0,우이신설선
2995,239,11333,11321,1,2,0,우이신설선
2996,240,11333,11321,1,2,0,우이신설선
2997,241,11333,11321,1,2,0,우이신설선
2998,242,11333,11321,1,2,0,우이신설선
2999,243,11333,11321,1,2,0,우이신설선
3000,244,11333,11321,1,2,0,우이신설선
3001,245,11333,11321,1,2,0,우이신설선
3002,246,11333,11321,1,2,0,우이신설선
3003,247,11333,11321,1,2,0,우이신설선
3004,248,11333,11321,1,2,0,우이신설선
3005,249,11333,11321,1,2,0,우이신설선
3006,250,11333,11321,1,2,0,우이신설선
3007,251,11333,11321,1,2,0,우이신설선
3008,252,11333,11321,1,2,0,우이신설선
3009,253,11333,11321,1,2,0,우이신설선
3010,254,11333,11321,1,2,0,우이신설선
3011,255,11333,11321,1,2,0,우이신설선
3012,256,11333,11321,1,2,0,우이신설선
3013,257,11333,11321,1,2,0,우이신설선
3014,258,11333,11321,1,2,0,우이신설선
3015,195,11321,11333,2,1,0,우이신설선
3016,196,11321,11333,2,1,0,우이신설선
3017,197,11321,11333,2,1,0,우이신설선
3018,198,11321,11333,2,1,0,우이신설선
3019,199,11321,11333,2,1,0,우이신설선
3020,200,11321,11333,2,1,0,우이신설선
3021,201,11321,11333,2,1,0,우이신설선
3022,202,11321,11333,2,1,0,우이신설선
3023,203,11321,11333,2,1,0,우이신설선
3024,204,11321,11333,2,1,0,우이신설선
3025,205,11321,11333,2,1,0,우이신설선
3026,206,11321,11333,2,1,0,우이신설선
3027,207,11321,11333,2,1,0,우이신설선
3028,208,11321,11333,2,1,0,우이신설선
3029,209,11321,11333,2,1,0,우이신설선
3030,210,11321,11333,2,1,0,우이신설선
3031,211,11321,11333,2,1,0,우이신설선
3032,212,11321,11333,2,1,0,우이신설선
3033,194,11321,11333,2,1,0,우이신설선
3034,193,11321,11333,2,1,0,우이신설선
3035,192,11321,11333,2,1,0,우이신설선
3036,189,11333,11321,2,2,0,우이신설선
3037,190,11333,11321,2,2,0,우이신설선
3038,191,11333,11321,2,2,0,우이신설선
3039,192,11333,11321,2,2,0,우이신설선
3040,193,11333,11321,2,2,0,우이신설선
3041,194,11333,11321,2,2,0,우이신설선
3042,195,11333,11321,2,2,0,우이신설선
3043,196,11333,11321,2,2,0,우이신설선
3044,197,11333,11321,2,2,0,우이신설선
3045,198,11333,11321,2,2,0,우이신설선
3046,199,11333,11321,2,2,0,우이신설선
3047,200,11333,11321,2,2,0,우이신설선
3048,201,11333,11321,2,2,0,우이신설선
3049,202,11333,11321,2,2,0,우이신설선
3050,203,11333,11321,2,2,0,우이신설선
3051,204,11333,11321,2,2,0,우이신설선
3052,205,11333,11321,2,2,0,우이신설선
3053,206,11333,11321,2,2,0,우이신설선
3054,207,11333,11321,2,2,0,우이신설선
3055,208,11333,11321,2,2,0,우이신설선
3056,209,11333,11321,2,2,0,우이신설선
3057,210,11333,11321,2,2,0,우이신설선
3058,211,11333,11321,2,2,0,우이신설선
3059,212,11333,11321,2,2,0,우이신설선
